algorithm,hit_rate,jfi,angle_degrees,traffic_type,num_servers,capacity,num_requests,run_id,skew_fraction,skew_mode,exclude_top_k,workload_mode
Optimal_QLRU,0.0034,0.9995974281941727,1.1496706746856253,irm,2,10,10000,5,0.0,index,10,uniform
qlearning_balancer[qlearn],0.0077,0.9933096965662892,4.691708192557421,irm,2,10,10000,5,0.0,index,10,uniform
qlearning_balancer[lru],0.0124,0.9933168689600744,4.689186993261584,irm,2,10,10000,5,0.0,index,10,uniform
qlearning_balancer[oracle],0.0122,0.9931822125597469,4.736298735760061,irm,2,10,10000,5,0.0,index,10,uniform
qlearning_balancer[nocache],0.0,0.9935147552390315,4.619089274746978,irm,2,10,10000,5,0.0,index,10,uniform
Optimal_QLRU,0.0308,0.9999099031279794,0.5438561084334498,irm,2,10,10000,8,0.0,index,10,uniform
qlearning_balancer[qlearn],0.0054,0.9953034607041646,3.929634394988931,irm,2,10,10000,8,0.0,index,10,uniform
qlearning_balancer[lru],0.0089,0.9952097235343873,3.9687182136927666,irm,2,10,10000,8,0.0,index,10,uniform
qlearning_balancer[oracle],0.0104,0.9939375444346621,4.465670860655969,irm,2,10,10000,8,0.0,index,10,uniform
qlearning_balancer[nocache],0.0,0.9943742111087834,4.301524479478743,irm,2,10,10000,8,0.0,index,10,uniform
Optimal_QLRU,0.0095,0.9990402662135277,1.7752826827457024,irm,2,10,10000,9,0.0,index,10,uniform
qlearning_balancer[qlearn],0.0059,0.9966988538119734,3.2937774020936144,irm,2,10,10000,9,0.0,index,10,uniform
qlearning_balancer[lru],0.0086,0.995898159607977,3.672056541661691,irm,2,10,10000,9,0.0,index,10,uniform
qlearning_balancer[oracle],0.0095,0.9966979560709534,3.2942257342844607,irm,2,10,10000,9,0.0,index,10,uniform
qlearning_balancer[nocache],0.0,0.9959149456183684,3.6645249554677877,irm,2,10,10000,9,0.0,index,10,uniform
Optimal_QLRU,0.0348,0.9994616960522374,1.3294603403375975,irm,2,10,10000,10,0.0,index,10,uniform
qlearning_balancer[qlearn],0.0077,0.9977243734305725,2.7342485045829537,irm,2,10,10000,10,0.0,index,10,uniform
qlearning_balancer[lru],0.0104,0.9978081718377962,2.6833953401129844,irm,2,10,10000,10,0.0,index,10,uniform
qlearning_balancer[oracle],0.0139,0.9991135317877524,1.706154678735905,irm,2,10,10000,10,0.0,index,10,uniform
qlearning_balancer[nocache],0.0,0.9977244563080204,2.7341986761577064,irm,2,10,10000,10,0.0,index,10,uniform
Optimal_QLRU,0.0147,0.9999324222508262,0.4710091947526434,irm,2,10,10000,2,0.0,index,10,uniform
qlearning_balancer[qlearn],0.0118,0.9979118526873213,2.6191143510226236,irm,2,10,10000,2,0.0,index,10,uniform
qlearning_balancer[lru],0.0097,0.9978906928967595,2.6323603157586146,irm,2,10,10000,2,0.0,index,10,uniform
qlearning_balancer[oracle],0.0099,0.9980803396999827,2.5111570324355847,irm,2,10,10000,2,0.0,index,10,uniform
qlearning_balancer[nocache],0.0,0.9980814770632824,2.5104125385703817,irm,2,10,10000,2,0.0,index,10,uniform
Optimal_QLRU,0.0394,0.9996332322280886,1.097348986837831,irm,2,10,10000,0,0.0,index,10,uniform
qlearning_balancer[qlearn],0.0089,0.9989882814572549,1.822744284543047,irm,2,10,10000,0,0.0,index,10,uniform
qlearning_balancer[lru],0.0112,0.9998192103637055,0.7704110172827966,irm,2,10,10000,0,0.0,index,10,uniform
qlearning_balancer[oracle],0.0134,0.9993950989995664,1.4093166334208729,irm,2,10,10000,0,0.0,index,10,uniform
qlearning_balancer[nocache],0.0,0.9987845606507879,1.9979163190137657,irm,2,10,10000,0,0.0,index,10,uniform
Optimal_QLRU,0.043,0.9999825301763906,0.2394793975408462,irm,2,10,10000,1,0.0,index,10,uniform
qlearning_balancer[qlearn],0.0053,0.9976269321362591,2.7922199742142273,irm,2,10,10000,1,0.0,index,10,uniform
qlearning_balancer[lru],0.0118,0.998589766540381,2.152138757322286,irm,2,10,10000,1,0.0,index,10,uniform
qlearning_balancer[oracle],0.011,0.9978486309885085,2.6584955092310913,irm,2,10,10000,1,0.0,index,10,uniform
qlearning_balancer[nocache],0.0,0.9976272973352907,2.792004943863869,irm,2,10,10000,1,0.0,index,10,uniform
Optimal_QLRU,0.0403,0.9999695022707616,0.3164161137066172,irm,2,10,10000,3,0.0,index,10,uniform
qlearning_balancer[qlearn],0.0078,0.9996555534896322,1.0634289083418171,irm,2,10,10000,3,0.0,index,10,uniform
qlearning_balancer[lru],0.0098,0.9980285789661505,2.5448086062266317,irm,2,10,10000,3,0.0,index,10,uniform
qlearning_balancer[oracle],0.0115,0.9975846052896422,2.8170313164588405,irm,2,10,10000,3,0.0,index,10,uniform
qlearning_balancer[nocache],0.0,0.9975909429793045,2.813330145417003,irm,2,10,10000,3,0.0,index,10,uniform
Optimal_QLRU,0.0235,0.9996789356073255,1.0266961800578052,irm,2,10,10000,4,0.0,index,10,uniform
qlearning_balancer[qlearn],0.0058,0.9879315028265481,6.307055713472057,irm,2,10,10000,4,0.0,index,10,uniform
qlearning_balancer[lru],0.0108,0.9862590224376372,6.731798411439231,irm,2,10,10000,4,0.0,index,10,uniform
qlearning_balancer[oracle],0.0083,0.9879315220264545,6.307050676124644,irm,2,10,10000,4,0.0,index,10,uniform
qlearning_balancer[nocache],0.0,0.9877329313120696,6.35894358434277,irm,2,10,10000,4,0.0,index,10,uniform
Optimal_QLRU,0.0404,0.9999914860344903,0.16718187509494278,irm,2,10,10000,6,0.0,index,10,uniform
qlearning_balancer[qlearn],0.0021,0.9995439502877226,1.2236627534760491,irm,2,10,10000,6,0.0,index,10,uniform
qlearning_balancer[lru],0.0095,0.9999364924714561,0.4566041300058941,irm,2,10,10000,6,0.0,index,10,uniform
qlearning_balancer[oracle],0.012,0.9998018406148369,0.8065741511338507,irm,2,10,10000,6,0.0,index,10,uniform
qlearning_balancer[nocache],0.0,0.9999412726383657,0.43908351123381445,irm,2,10,10000,6,0.0,index,10,uniform
Optimal_QLRU,0.0447,0.9998882327283628,0.6057425025454317,irm,2,10,10000,7,0.0,index,10,uniform
qlearning_balancer[qlearn],0.0076,0.9994481848787223,1.3460443852362756,irm,2,10,10000,7,0.0,index,10,uniform
qlearning_balancer[lru],0.0093,0.9985641473478178,2.1716086106217496,irm,2,10,10000,7,0.0,index,10,uniform
qlearning_balancer[oracle],0.0111,0.9996116033800679,1.1292457646593177,irm,2,10,10000,7,0.0,index,10,uniform
qlearning_balancer[nocache],0.0,0.9991061824532974,1.7132146850623262,irm,2,10,10000,7,0.0,index,10,uniform
Optimal_QLRU,0.0027,0.9998057801539103,0.7985157641598944,irm,2,10,10000,11,0.0,index,10,uniform
qlearning_balancer[qlearn],0.0101,0.9998630511947404,0.6705198968083484,irm,2,10,10000,11,0.0,index,10,uniform
qlearning_balancer[lru],0.0112,0.9995407653820207,1.227928806556898,irm,2,10,10000,11,0.0,index,10,uniform
qlearning_balancer[oracle],0.0114,0.9992396428339938,1.5801070322540445,irm,2,10,10000,11,0.0,index,10,uniform
qlearning_balancer[nocache],0.0,0.9996464825690872,1.0773421223573725,irm,2,10,10000,11,0.0,index,10,uniform
Optimal_QLRU,0.026,0.9956472939538342,3.7828390637855644,irm,2,10,10000,12,0.0,index,10,uniform
qlearning_balancer[qlearn],0.0076,0.9993533503225888,1.4571490657982928,irm,2,10,10000,12,0.0,index,10,uniform
qlearning_balancer[lru],0.0106,0.9989419369648052,1.8640391019099678,irm,2,10,10000,12,0.0,index,10,uniform
qlearning_balancer[oracle],0.0157,0.9994471885142977,1.34725927845465,irm,2,10,10000,12,0.0,index,10,uniform
qlearning_balancer[nocache],0.0,0.9979276203352802,2.609200249748632,irm,2,10,10000,12,0.0,index,10,uniform
Optimal_QLRU,0.0113,0.9987268866152095,2.044788380085993,irm,2,10,10000,14,0.0,index,10,uniform
qlearning_balancer[qlearn],0.0123,0.9813479715629946,7.84955569215197,irm,2,10,10000,14,0.0,index,10,uniform
qlearning_balancer[lru],0.0094,0.9783151260004832,8.468048151580076,irm,2,10,10000,14,0.0,index,10,uniform
qlearning_balancer[oracle],0.0109,0.9801581794159654,8.097671506713128,irm,2,10,10000,14,0.0,index,10,uniform
qlearning_balancer[nocache],0.0,0.9714104417694143,9.734592524891772,irm,2,10,10000,14,0.0,index,10,uniform
Optimal_QLRU,0.0236,0.9997315472725958,0.9388062579766548,irm,2,10,10000,15,0.0,index,10,uniform
qlearning_balancer[qlearn],0.0081,0.9992199546842718,1.6004386346863604,irm,2,10,10000,15,0.0,index,10,uniform
qlearning_balancer[lru],0.0097,0.999641802481196,1.0844507903904703,irm,2,10,10000,15,0.0,index,10,uniform
qlearning_balancer[oracle],0.0112,0.9995743450847018,1.1821763683138042,irm,2,10,10000,15,0.0,index,10,uniform
qlearning_balancer[nocache],0.0,0.9992267612860317,1.5934388885281594,irm,2,10,10000,15,0.0,index,10,uniform
Optimal_QLRU,0.0287,0.999078411961428,1.7396335566718002,irm,2,10,10000,13,0.0,index,10,uniform
qlearning_balancer[qlearn],0.0072,0.9984302378164345,2.270665975001187,irm,2,10,10000,13,0.0,index,10,uniform
qlearning_balancer[lru],0.0092,0.9984417229185127,2.262339771608959,irm,2,10,10000,13,0.0,index,10,uniform
qlearning_balancer[oracle],0.0133,0.9985525202403724,2.180387632372412,irm,2,10,10000,13,0.0,index,10,uniform
qlearning_balancer[nocache],0.0,0.9983531729428483,2.3257653858272116,irm,2,10,10000,13,0.0,index,10,uniform
Optimal_QLRU,0.0083,0.9999714386514944,0.3062062522277298,irm,2,10,10000,22,0.0,index,10,uniform
qlearning_balancer[qlearn],0.0083,0.9885468758557568,6.14351785509606,irm,2,10,10000,22,0.0,index,10,uniform
qlearning_balancer[lru],0.0117,0.9901515010921612,5.695385160642656,irm,2,10,10000,22,0.0,index,10,uniform
qlearning_balancer[oracle],0.0115,0.9891665708789961,5.974380638905125,irm,2,10,10000,22,0.0,index,10,uniform
qlearning_balancer[nocache],0.0,0.9882784144764126,6.215383343893449,irm,2,10,10000,22,0.0,index,10,uniform
Optimal_QLRU,0.0369,0.9997343308384568,0.9339259366058594,irm,2,10,10000,21,0.0,index,10,uniform
qlearning_balancer[qlearn],0.0055,0.9967105823930671,3.2879145526745135,irm,2,10,10000,21,0.0,index,10,uniform
qlearning_balancer[lru],0.011,0.9973860424507803,2.9306319751496686,irm,2,10,10000,21,0.0,index,10,uniform
qlearning_balancer[oracle],0.0118,0.996818168444614,3.2336409985018286,irm,2,10,10000,21,0.0,index,10,uniform
qlearning_balancer[nocache],0.0,0.9967105823925532,3.2879145529316043,irm,2,10,10000,21,0.0,index,10,uniform
Optimal_QLRU,0.0424,0.9999888332490011,0.19146388051101135,irm,2,10,10000,17,0.0,index,10,uniform
qlearning_balancer[qlearn],0.0089,0.9941496322422603,4.386706629128308,irm,2,10,10000,17,0.0,index,10,uniform
qlearning_balancer[lru],0.0093,0.9942764798912186,4.338797620229412,irm,2,10,10000,17,0.0,index,10,uniform
qlearning_balancer[oracle],0.0107,0.9934423605470828,4.644855449959597,irm,2,10,10000,17,0.0,index,10,uniform
qlearning_balancer[nocache],0.0,0.9946150547140088,4.208272238660335,irm,2,10,10000,17,0.0,index,10,uniform
Optimal_QLRU,0.0131,0.9999999897327604,0.005805631730951281,irm,2,10,10000,16,0.0,index,10,uniform
qlearning_balancer[qlearn],0.0136,0.9992624848981114,1.5561859458125171,irm,2,10,10000,16,0.0,index,10,uniform
qlearning_balancer[lru],0.0114,0.9994399393386343,1.3560656455809121,irm,2,10,10000,16,0.0,index,10,uniform
qlearning_balancer[oracle],0.01,0.9998787451891614,0.6309295941456039,irm,2,10,10000,16,0.0,index,10,uniform
qlearning_balancer[nocache],0.0,0.9997901367871914,0.8300533039777701,irm,2,10,10000,16,0.0,index,10,uniform
Optimal_QLRU,0.0451,0.9997087050900247,0.9779353998645647,irm,2,10,10000,18,0.0,index,10,uniform
qlearning_balancer[qlearn],0.0019,0.9888702747654563,6.0558311569139125,irm,2,10,10000,18,0.0,index,10,uniform
qlearning_balancer[lru],0.0088,0.9882196881528493,6.2309952567605995,irm,2,10,10000,18,0.0,index,10,uniform
qlearning_balancer[oracle],0.0091,0.9882172971172485,6.231630078457965,irm,2,10,10000,18,0.0,index,10,uniform
qlearning_balancer[nocache],0.0,0.9888702747654566,6.055831156913852,irm,2,10,10000,18,0.0,index,10,uniform
Optimal_QLRU,0.0202,0.9999299638253367,0.47950033011003584,irm,2,10,10000,19,0.0,index,10,uniform
qlearning_balancer[qlearn],0.011,0.9912722295451181,5.360534046847126,irm,2,10,10000,19,0.0,index,10,uniform
qlearning_balancer[lru],0.0111,0.9963839720519692,3.4474708777082905,irm,2,10,10000,19,0.0,index,10,uniform
qlearning_balancer[oracle],0.0105,0.9962834327356658,3.495127414378647,irm,2,10,10000,19,0.0,index,10,uniform
qlearning_balancer[nocache],0.0,0.9966515419422993,3.317322785276834,irm,2,10,10000,19,0.0,index,10,uniform
Optimal_QLRU,0.0331,0.999957547864542,0.37331503046480125,irm,2,10,10000,20,0.0,index,10,uniform
qlearning_balancer[qlearn],0.0107,0.9847776035272264,7.087159107341339,irm,2,10,10000,20,0.0,index,10,uniform
qlearning_balancer[lru],0.0109,0.9878913781419412,6.317574318141056,irm,2,10,10000,20,0.0,index,10,uniform
qlearning_balancer[oracle],0.0114,0.9876101023370891,6.390832056544795,irm,2,10,10000,20,0.0,index,10,uniform
qlearning_balancer[nocache],0.0,0.9847776026166586,7.087159320397612,irm,2,10,10000,20,0.0,index,10,uniform
Optimal_QLRU,0.018,0.9999197014886249,0.513431123933064,irm,2,10,10000,24,0.0,index,10,uniform
qlearning_balancer[qlearn],0.0031,0.9947901543763868,4.139166375190382,irm,2,10,10000,24,0.0,index,10,uniform
qlearning_balancer[lru],0.012,0.99554395357866,3.8275471856326058,irm,2,10,10000,24,0.0,index,10,uniform
qlearning_balancer[oracle],0.011,0.9950303352910032,4.042467625376723,irm,2,10,10000,24,0.0,index,10,uniform
qlearning_balancer[nocache],0.0,0.994790203632208,4.139146774423869,irm,2,10,10000,24,0.0,index,10,uniform
Optimal_QLRU,0.0103,0.99972882460444,0.9435553986937927,irm,2,10,10000,23,0.0,index,10,uniform
qlearning_balancer[qlearn],0.0085,0.9950829854885876,4.020961605284628,irm,2,10,10000,23,0.0,index,10,uniform
qlearning_balancer[lru],0.0113,0.9942828093317484,4.336393300626975,irm,2,10,10000,23,0.0,index,10,uniform
qlearning_balancer[oracle],0.0094,0.9958850886718142,3.6779106174833025,irm,2,10,10000,23,0.0,index,10,uniform
qlearning_balancer[nocache],0.0,0.9940856042136856,4.4106932394382055,irm,2,10,10000,23,0.0,index,10,uniform
Optimal_QLRU,0.0348,0.9999560350860621,0.379908428215996,irm,2,10,10000,25,0.0,index,10,uniform
qlearning_balancer[qlearn],0.0108,0.9918462905778769,5.180744864088354,irm,2,10,10000,25,0.0,index,10,uniform
qlearning_balancer[lru],0.0116,0.9917738404219582,5.203774047970714,irm,2,10,10000,25,0.0,index,10,uniform
qlearning_balancer[oracle],0.0125,0.9918541319529316,5.178246310574699,irm,2,10,10000,25,0.0,index,10,uniform
qlearning_balancer[nocache],0.0,0.9912217464991241,5.376060381221891,irm,2,10,10000,25,0.0,index,10,uniform
Optimal_QLRU,0.0272,0.9997748039465302,0.8598433199919248,irm,2,10,10000,26,0.0,index,10,uniform
qlearning_balancer[qlearn],0.003,0.9998296934316823,0.7477400787273942,irm,2,10,10000,26,0.0,index,10,uniform
qlearning_balancer[lru],0.0099,0.9998334797306858,0.7393809188668161,irm,2,10,10000,26,0.0,index,10,uniform
qlearning_balancer[oracle],0.0096,0.9995493814457985,1.2163534451825797,irm,2,10,10000,26,0.0,index,10,uniform
qlearning_balancer[nocache],0.0,0.9998296934320544,0.7477400779104524,irm,2,10,10000,26,0.0,index,10,uniform
Optimal_QLRU,0.0251,0.9995750993427854,1.1811283504846775,irm,2,10,10000,29,0.0,index,10,uniform
qlearning_balancer[qlearn],0.0089,0.999584936312976,1.1673740906212802,irm,2,10,10000,29,0.0,index,10,uniform
qlearning_balancer[lru],0.0106,0.9999146744121613,0.529259245279331,irm,2,10,10000,29,0.0,index,10,uniform
qlearning_balancer[oracle],0.01,0.999875298075717,0.6398353589242783,irm,2,10,10000,29,0.0,index,10,uniform
qlearning_balancer[nocache],0.0,0.9995850110431951,1.167268981304414,irm,2,10,10000,29,0.0,index,10,uniform
Optimal_QLRU,0.0115,0.9997848758239819,0.8403937517052512,irm,2,10,10000,27,0.0,index,10,uniform
qlearning_balancer[qlearn],0.0073,0.9967806347225154,3.252677917240294,irm,2,10,10000,27,0.0,index,10,uniform
qlearning_balancer[lru],0.0109,0.9965344943713635,3.3748703826202466,irm,2,10,10000,27,0.0,index,10,uniform
qlearning_balancer[oracle],0.0101,0.9969852414850515,3.1475117116456746,irm,2,10,10000,27,0.0,index,10,uniform
qlearning_balancer[nocache],0.0,0.9967714192672158,3.2573350117739523,irm,2,10,10000,27,0.0,index,10,uniform
Optimal_QLRU,0.0318,0.9995562509689949,1.207045013152335,irm,2,30,10000,5,0.0,index,30,uniform
qlearning_balancer[qlearn],0.0073,0.9929730854077548,4.808558572808604,irm,2,30,10000,5,0.0,index,30,uniform
qlearning_balancer[lru],0.0322,0.9917090758233609,5.224275292372491,irm,2,30,10000,5,0.0,index,30,uniform
qlearning_balancer[oracle],0.033,0.9908475570179635,5.489791605712715,irm,2,30,10000,5,0.0,index,30,uniform
qlearning_balancer[nocache],0.0,0.9935147552390315,4.619089274746978,irm,2,30,10000,5,0.0,index,30,uniform
Optimal_QLRU,0.0414,0.999242114262845,1.577536339552792,irm,2,10,10000,28,0.0,index,10,uniform
qlearning_balancer[qlearn],0.0064,0.9820170263772471,7.706615754082204,irm,2,10,10000,28,0.0,index,10,uniform
qlearning_balancer[lru],0.0085,0.9820428492111164,7.701046982409836,irm,2,10,10000,28,0.0,index,10,uniform
qlearning_balancer[oracle],0.0126,0.983266531929999,7.432489796981283,irm,2,10,10000,28,0.0,index,10,uniform
qlearning_balancer[nocache],0.0,0.9816552994923387,7.784214630410201,irm,2,10,10000,28,0.0,index,10,uniform
Optimal_QLRU,0.051,0.9998401323349005,0.7244601821328863,irm,2,30,10000,7,0.0,index,30,uniform
qlearning_balancer[qlearn],0.0255,0.9996418078937916,1.084442596005586,irm,2,30,10000,7,0.0,index,30,uniform
qlearning_balancer[lru],0.0253,0.9989046149466724,1.896641968035078,irm,2,30,10000,7,0.0,index,30,uniform
qlearning_balancer[oracle],0.0304,0.9997133366285738,0.9701289977595698,irm,2,30,10000,7,0.0,index,30,uniform
qlearning_balancer[nocache],0.0,0.9991061824532974,1.7132146850623262,irm,2,30,10000,7,0.0,index,30,uniform
Optimal_QLRU,0.0352,0.9999242031664514,0.49883124750541324,irm,2,30,10000,8,0.0,index,30,uniform
qlearning_balancer[qlearn],0.0217,0.9952751286558534,3.9414880822401472,irm,2,30,10000,8,0.0,index,30,uniform
qlearning_balancer[lru],0.0252,0.9952635540593959,3.946320533224032,irm,2,30,10000,8,0.0,index,30,uniform
qlearning_balancer[oracle],0.0256,0.9951989180011875,3.9731990359573452,irm,2,30,10000,8,0.0,index,30,uniform
qlearning_balancer[nocache],0.0,0.9943742111087834,4.301524479478743,irm,2,30,10000,8,0.0,index,30,uniform
Optimal_QLRU,0.0504,0.999939276659487,0.44648292563587233,irm,2,30,10000,0,0.0,index,30,uniform
qlearning_balancer[qlearn],0.0149,0.9998300599970349,0.7469348872351725,irm,2,30,10000,0,0.0,index,30,uniform
qlearning_balancer[lru],0.0305,0.999830009144362,0.747046641224695,irm,2,30,10000,0,0.0,index,30,uniform
qlearning_balancer[oracle],0.0353,0.9998036048085801,0.8029754622934311,irm,2,30,10000,0,0.0,index,30,uniform
qlearning_balancer[nocache],0.0,0.9987845606507879,1.9979163190137657,irm,2,30,10000,0,0.0,index,30,uniform
Optimal_QLRU,0.0573,0.9999940474085984,0.13978999830523237,irm,2,30,10000,1,0.0,index,30,uniform
qlearning_balancer[qlearn],0.0279,0.9953827268540817,3.8962802992414143,irm,2,30,10000,1,0.0,index,30,uniform
qlearning_balancer[lru],0.0306,0.9991529890048646,1.667740533431521,irm,2,30,10000,1,0.0,index,30,uniform
qlearning_balancer[oracle],0.0314,0.9979799839774732,2.576002982873936,irm,2,30,10000,1,0.0,index,30,uniform
qlearning_balancer[nocache],0.0,0.9976272973352907,2.792004943863869,irm,2,30,10000,1,0.0,index,30,uniform
Optimal_QLRU,0.054,0.9999284900221234,0.4845193550450479,irm,2,30,10000,2,0.0,index,30,uniform
qlearning_balancer[qlearn],0.0332,0.9980604074318762,2.524168719238494,irm,2,30,10000,2,0.0,index,30,uniform
qlearning_balancer[lru],0.0259,0.9981663718151702,2.454206387618676,irm,2,30,10000,2,0.0,index,30,uniform
qlearning_balancer[oracle],0.0293,0.9982418701599431,2.4031199274135346,irm,2,30,10000,2,0.0,index,30,uniform
qlearning_balancer[nocache],0.0,0.9980814770632824,2.5104125385703817,irm,2,30,10000,2,0.0,index,30,uniform
Optimal_QLRU,0.0492,0.9999900445742023,0.1807812033369068,irm,2,30,10000,3,0.0,index,30,uniform
qlearning_balancer[qlearn],0.0258,0.9975908293587107,2.81339654185709,irm,2,30,10000,3,0.0,index,30,uniform
qlearning_balancer[lru],0.0309,0.9973816834236512,2.933076648458455,irm,2,30,10000,3,0.0,index,30,uniform
qlearning_balancer[oracle],0.0302,0.9967167768752926,3.2848138684661166,irm,2,30,10000,3,0.0,index,30,uniform
qlearning_balancer[nocache],0.0,0.9975909429793045,2.813330145417003,irm,2,30,10000,3,0.0,index,30,uniform
Optimal_QLRU,0.0348,0.9994994408190906,1.2819957528392991,irm,2,30,10000,4,0.0,index,30,uniform
qlearning_balancer[qlearn],0.0242,0.9910335486417344,5.433555264201837,irm,2,30,10000,4,0.0,index,30,uniform
qlearning_balancer[lru],0.0279,0.986357805044605,6.707446078772383,irm,2,30,10000,4,0.0,index,30,uniform
qlearning_balancer[oracle],0.0285,0.9889746320855463,6.027267497957402,irm,2,30,10000,4,0.0,index,30,uniform
qlearning_balancer[nocache],0.0,0.9877329313120696,6.35894358434277,irm,2,30,10000,4,0.0,index,30,uniform
Optimal_QLRU,0.0386,0.9999729529423607,0.2979782761953459,irm,2,30,10000,6,0.0,index,30,uniform
qlearning_balancer[qlearn],0.026,0.999424562583184,1.3745588603173846,irm,2,30,10000,6,0.0,index,30,uniform
qlearning_balancer[lru],0.0276,0.999971819403251,0.3041583649637739,irm,2,30,10000,6,0.0,index,30,uniform
qlearning_balancer[oracle],0.0312,0.9995211425119755,1.253892893069316,irm,2,30,10000,6,0.0,index,30,uniform
qlearning_balancer[nocache],0.0,0.9999412726383657,0.43908351123381445,irm,2,30,10000,6,0.0,index,30,uniform
Optimal_QLRU,0.0232,0.9989677154028764,1.841183624262038,irm,2,30,10000,9,0.0,index,30,uniform
qlearning_balancer[qlearn],0.0065,0.9959266468140802,3.6592657166772726,irm,2,30,10000,9,0.0,index,30,uniform
qlearning_balancer[lru],0.0243,0.9955115817014049,3.8414458274177914,irm,2,30,10000,9,0.0,index,30,uniform
qlearning_balancer[oracle],0.0266,0.995963105104601,3.642830693920489,irm,2,30,10000,9,0.0,index,30,uniform
qlearning_balancer[nocache],0.0,0.9959149456183684,3.6645249554677877,irm,2,30,10000,9,0.0,index,30,uniform
Optimal_QLRU,0.0433,0.9993658280447455,1.4430190425448854,irm,2,30,10000,11,0.0,index,30,uniform
qlearning_balancer[qlearn],0.0324,0.9983535313692329,2.3255121354483888,irm,2,30,10000,11,0.0,index,30,uniform
qlearning_balancer[lru],0.0282,0.9993565468737947,1.4535423029266015,irm,2,30,10000,11,0.0,index,30,uniform
qlearning_balancer[oracle],0.0289,0.9987993558335383,1.9857141646998226,irm,2,30,10000,11,0.0,index,30,uniform
qlearning_balancer[nocache],0.0,0.9996464825690872,1.0773421223573725,irm,2,30,10000,11,0.0,index,30,uniform
Optimal_QLRU,0.0397,0.9992042456987974,1.61647780235706,irm,2,30,10000,13,0.0,index,30,uniform
qlearning_balancer[qlearn],0.0102,0.9984394048672266,2.264022720029445,irm,2,30,10000,13,0.0,index,30,uniform
qlearning_balancer[lru],0.0268,0.9985885122949276,2.1530960389273077,irm,2,30,10000,13,0.0,index,30,uniform
qlearning_balancer[oracle],0.0323,0.9989886523929034,1.8224099964326557,irm,2,30,10000,13,0.0,index,30,uniform
qlearning_balancer[nocache],0.0,0.9983531729428483,2.3257653858272116,irm,2,30,10000,13,0.0,index,30,uniform
Optimal_QLRU,0.0218,0.9978505769517144,2.6572920385822822,irm,2,30,10000,14,0.0,index,30,uniform
qlearning_balancer[qlearn],0.0184,0.9829845966712569,7.495198331469759,irm,2,30,10000,14,0.0,index,30,uniform
qlearning_balancer[lru],0.0264,0.983291060087926,7.427009734755562,irm,2,30,10000,14,0.0,index,30,uniform
qlearning_balancer[oracle],0.0299,0.9860256649151046,6.78898623369417,irm,2,30,10000,14,0.0,index,30,uniform
qlearning_balancer[nocache],0.0,0.9714104417694143,9.734592524891772,irm,2,30,10000,14,0.0,index,30,uniform
Optimal_QLRU,0.0377,0.9995895408377667,1.1608799866431392,irm,2,30,10000,10,0.0,index,30,uniform
qlearning_balancer[qlearn],0.0207,0.9991106651191646,1.7089119579728917,irm,2,30,10000,10,0.0,index,30,uniform
qlearning_balancer[lru],0.0262,0.9984436713427713,2.2609242122946713,irm,2,30,10000,10,0.0,index,30,uniform
qlearning_balancer[oracle],0.0291,0.9999349655301003,0.4620608175416787,irm,2,30,10000,10,0.0,index,30,uniform
qlearning_balancer[nocache],0.0,0.9977244563080204,2.7341986761577064,irm,2,30,10000,10,0.0,index,30,uniform
Optimal_QLRU,0.0536,0.9984738729501572,2.2388680774841423,irm,2,30,10000,12,0.0,index,30,uniform
qlearning_balancer[qlearn],0.0289,0.9995690037405649,1.1895715922034749,irm,2,30,10000,12,0.0,index,30,uniform
qlearning_balancer[lru],0.0312,0.9995237144568737,1.2505204920612194,irm,2,30,10000,12,0.0,index,30,uniform
qlearning_balancer[oracle],0.0372,0.9999858734658457,0.2153483094864223,irm,2,30,10000,12,0.0,index,30,uniform
qlearning_balancer[nocache],0.0,0.9979276203352802,2.609200249748632,irm,2,30,10000,12,0.0,index,30,uniform
Optimal_QLRU,0.0335,0.9999074189779042,0.5513029538610222,irm,2,30,10000,15,0.0,index,30,uniform
qlearning_balancer[qlearn],0.0225,0.9997823154644668,0.8453804085726081,irm,2,30,10000,15,0.0,index,30,uniform
qlearning_balancer[lru],0.0286,0.9998503011706295,0.7010397933663504,irm,2,30,10000,15,0.0,index,30,uniform
qlearning_balancer[oracle],0.0315,0.9997236492437215,0.952517505814831,irm,2,30,10000,15,0.0,index,30,uniform
qlearning_balancer[nocache],0.0,0.9992267612860317,1.5934388885281594,irm,2,30,10000,15,0.0,index,30,uniform
Optimal_QLRU,0.0613,0.9998796160668262,0.6286596851579659,irm,2,30,10000,16,0.0,index,30,uniform
qlearning_balancer[qlearn],0.0349,0.9999919349838783,0.16271434267912813,irm,2,30,10000,16,0.0,index,30,uniform
qlearning_balancer[lru],0.029,0.9992786159599578,1.5390691272874832,irm,2,30,10000,16,0.0,index,30,uniform
qlearning_balancer[oracle],0.0289,0.9999919362003692,0.16270207063224232,irm,2,30,10000,16,0.0,index,30,uniform
qlearning_balancer[nocache],0.0,0.9997901367871914,0.8300533039777701,irm,2,30,10000,16,0.0,index,30,uniform
Optimal_QLRU,0.057,0.9998920104170143,0.5954172071622812,irm,2,30,10000,17,0.0,index,30,uniform
qlearning_balancer[qlearn],0.0242,0.9946108813236272,4.20990559077846,irm,2,30,10000,17,0.0,index,30,uniform
qlearning_balancer[lru],0.0277,0.9932025326581666,4.729219212909312,irm,2,30,10000,17,0.0,index,30,uniform
qlearning_balancer[oracle],0.0288,0.9936259091981045,4.5792484759601715,irm,2,30,10000,17,0.0,index,30,uniform
qlearning_balancer[nocache],0.0,0.9946150547140088,4.208272238660335,irm,2,30,10000,17,0.0,index,30,uniform
Optimal_QLRU,0.0446,0.9990280593627596,1.7865405546230892,irm,2,30,10000,19,0.0,index,30,uniform
qlearning_balancer[qlearn],0.0212,0.9963542438150625,3.4616303119563523,irm,2,30,10000,19,0.0,index,30,uniform
qlearning_balancer[lru],0.0276,0.9954932875130061,3.8492782498284024,irm,2,30,10000,19,0.0,index,30,uniform
qlearning_balancer[oracle],0.0244,0.996545669804771,3.3694181187014878,irm,2,30,10000,19,0.0,index,30,uniform
qlearning_balancer[nocache],0.0,0.9966515419422993,3.317322785276834,irm,2,30,10000,19,0.0,index,30,uniform
Optimal_QLRU,0.0375,0.9992652149560949,1.5533023032538624,irm,2,30,10000,18,0.0,index,30,uniform
qlearning_balancer[qlearn],0.0226,0.9875347190017777,6.410325589633839,irm,2,30,10000,18,0.0,index,30,uniform
qlearning_balancer[lru],0.0285,0.9875388751143289,6.409252370365166,irm,2,30,10000,18,0.0,index,30,uniform
qlearning_balancer[oracle],0.0279,0.986591378739984,6.649516224115686,irm,2,30,10000,18,0.0,index,30,uniform
qlearning_balancer[nocache],0.0,0.9888702747654566,6.055831156913852,irm,2,30,10000,18,0.0,index,30,uniform
Optimal_QLRU,0.0515,0.9995946632389391,1.153612551089902,irm,2,30,10000,21,0.0,index,30,uniform
qlearning_balancer[qlearn],0.0231,0.9994972575114622,1.2847890427694464,irm,2,30,10000,21,0.0,index,30,uniform
qlearning_balancer[lru],0.028,0.9988495495539357,1.9437477262730447,irm,2,30,10000,21,0.0,index,30,uniform
qlearning_balancer[oracle],0.0305,0.9985834796302089,2.156932870598517,irm,2,30,10000,21,0.0,index,30,uniform
qlearning_balancer[nocache],0.0,0.9967105823925532,3.2879145529316043,irm,2,30,10000,21,0.0,index,30,uniform
Optimal_QLRU,0.0266,0.999804831212554,0.8004642532461155,irm,2,30,10000,22,0.0,index,30,uniform
qlearning_balancer[qlearn],0.0194,0.9910576711016503,5.426219430104093,irm,2,30,10000,22,0.0,index,30,uniform
qlearning_balancer[lru],0.0298,0.9902437769612202,5.668552997443129,irm,2,30,10000,22,0.0,index,30,uniform
qlearning_balancer[oracle],0.0277,0.9899680620519882,5.74835886267658,irm,2,30,10000,22,0.0,index,30,uniform
qlearning_balancer[nocache],0.0,0.9882784144764126,6.215383343893449,irm,2,30,10000,22,0.0,index,30,uniform
Optimal_QLRU,0.0524,0.9999625381161305,0.3506873906629915,irm,2,30,10000,20,0.0,index,30,uniform
qlearning_balancer[qlearn],0.032,0.9916873695488931,5.231128639218598,irm,2,30,10000,20,0.0,index,30,uniform
qlearning_balancer[lru],0.0265,0.9874275495778219,6.437938846029369,irm,2,30,10000,20,0.0,index,30,uniform
qlearning_balancer[oracle],0.0303,0.9874084706747323,6.442842512031463,irm,2,30,10000,20,0.0,index,30,uniform
qlearning_balancer[nocache],0.0,0.9847776026166586,7.087159320397612,irm,2,30,10000,20,0.0,index,30,uniform
Optimal_QLRU,0.0349,0.9999997315921206,0.029683853690097028,irm,2,30,10000,23,0.0,index,30,uniform
qlearning_balancer[qlearn],0.0353,0.9948083146762338,4.13193344188621,irm,2,30,10000,23,0.0,index,30,uniform
qlearning_balancer[lru],0.0271,0.9943802726730243,4.299202132667326,irm,2,30,10000,23,0.0,index,30,uniform
qlearning_balancer[oracle],0.0269,0.9976137515095158,2.799969750701658,irm,2,30,10000,23,0.0,index,30,uniform
qlearning_balancer[nocache],0.0,0.9940856042136856,4.4106932394382055,irm,2,30,10000,23,0.0,index,30,uniform
Optimal_QLRU,0.0316,0.9977094988899002,2.74317691356147,irm,2,30,10000,25,0.0,index,30,uniform
qlearning_balancer[qlearn],0.0388,0.9912206639069234,5.3763928530029395,irm,2,30,10000,25,0.0,index,30,uniform
qlearning_balancer[lru],0.0297,0.9923410654503991,5.020682372554677,irm,2,30,10000,25,0.0,index,30,uniform
qlearning_balancer[oracle],0.0296,0.9927952982550927,4.869154024882977,irm,2,30,10000,25,0.0,index,30,uniform
qlearning_balancer[nocache],0.0,0.9912217464991241,5.376060381221891,irm,2,30,10000,25,0.0,index,30,uniform
Optimal_QLRU,0.0451,0.9994352053539144,1.361785820120188,irm,2,30,10000,28,0.0,index,30,uniform
qlearning_balancer[qlearn],0.0161,0.9827086776139559,7.556076319485816,irm,2,30,10000,28,0.0,index,30,uniform
qlearning_balancer[lru],0.0282,0.9838190288601528,7.308077652000163,irm,2,30,10000,28,0.0,index,30,uniform
qlearning_balancer[oracle],0.0314,0.983579683554199,7.362226207252672,irm,2,30,10000,28,0.0,index,30,uniform
qlearning_balancer[nocache],0.0,0.9816552994923387,7.784214630410201,irm,2,30,10000,28,0.0,index,30,uniform
Optimal_QLRU,0.0599,0.999946132517266,0.42052311436497797,irm,2,30,10000,24,0.0,index,30,uniform
qlearning_balancer[qlearn],0.0217,0.9960405397621264,3.6076769171595906,irm,2,30,10000,24,0.0,index,30,uniform
qlearning_balancer[lru],0.0312,0.9965169518062024,3.3834114000567364,irm,2,30,10000,24,0.0,index,30,uniform
qlearning_balancer[oracle],0.0315,0.9968444467789815,3.2202460660623533,irm,2,30,10000,24,0.0,index,30,uniform
qlearning_balancer[nocache],0.0,0.994790203632208,4.139146774423869,irm,2,30,10000,24,0.0,index,30,uniform
Optimal_QLRU,0.0338,0.9991245776255072,1.6954884636158158,irm,2,30,10000,29,0.0,index,30,uniform
qlearning_balancer[qlearn],0.0334,0.9995874016446255,1.163901554044425,irm,2,30,10000,29,0.0,index,30,uniform
qlearning_balancer[lru],0.0312,0.9999693249886162,0.31733444791417537,irm,2,30,10000,29,0.0,index,30,uniform
qlearning_balancer[oracle],0.0308,0.9995779112966167,1.1772130110254302,irm,2,30,10000,29,0.0,index,30,uniform
qlearning_balancer[nocache],0.0,0.9995850110431951,1.167268981304414,irm,2,30,10000,29,0.0,index,30,uniform
Optimal_QLRU,0.0493,0.9999893675883599,0.1868268507304089,irm,2,100,10000,3,0.0,index,100,uniform
qlearning_balancer[qlearn],0.0707,0.9984907017765666,2.2264834434763725,irm,2,100,10000,3,0.0,index,100,uniform
qlearning_balancer[lru],0.0705,0.9978036124763865,2.686186885525721,irm,2,100,10000,3,0.0,index,100,uniform
qlearning_balancer[oracle],0.0769,0.9942211483178666,4.359760003832485,irm,2,100,10000,3,0.0,index,100,uniform
qlearning_balancer[nocache],0.0,0.9975909429793045,2.813330145417003,irm,2,100,10000,3,0.0,index,100,uniform
Optimal_QLRU,0.066,0.9999152252863943,0.5275479435452703,irm,2,30,10000,27,0.0,index,30,uniform
qlearning_balancer[qlearn],0.0229,0.9967903334424448,3.247769420175216,irm,2,30,10000,27,0.0,index,30,uniform
qlearning_balancer[lru],0.0285,0.9966033472589791,3.341137674497186,irm,2,30,10000,27,0.0,index,30,uniform
qlearning_balancer[oracle],0.0279,0.9976536309754973,2.776455856466836,irm,2,30,10000,27,0.0,index,30,uniform
qlearning_balancer[nocache],0.0,0.9967714192672158,3.2573350117739523,irm,2,30,10000,27,0.0,index,30,uniform
Optimal_QLRU,0.0114,0.9997759293907518,0.8576918829676339,irm,2,30,10000,26,0.0,index,30,uniform
qlearning_balancer[qlearn],0.0269,0.9995509551288064,1.2142273498934752,irm,2,30,10000,26,0.0,index,30,uniform
qlearning_balancer[lru],0.0281,0.9983115186476147,2.3550116442619853,irm,2,30,10000,26,0.0,index,30,uniform
qlearning_balancer[oracle],0.0294,0.9994251684098555,1.3738349558538312,irm,2,30,10000,26,0.0,index,30,uniform
qlearning_balancer[nocache],0.0,0.9998296934320544,0.7477400779104524,irm,2,30,10000,26,0.0,index,30,uniform
Optimal_QLRU,0.0623,0.9999990787939388,0.05499219977137065,irm,2,100,10000,0,0.0,index,100,uniform
qlearning_balancer[qlearn],0.0394,0.9999843365588447,0.22676047398475824,irm,2,100,10000,0,0.0,index,100,uniform
qlearning_balancer[lru],0.0694,0.9999560616394573,0.37979368296682836,irm,2,100,10000,0,0.0,index,100,uniform
qlearning_balancer[oracle],0.0782,0.999449229045492,1.3447700284263744,irm,2,100,10000,0,0.0,index,100,uniform
qlearning_balancer[nocache],0.0,0.9987845606507879,1.9979163190137657,irm,2,100,10000,0,0.0,index,100,uniform
Optimal_QLRU,0.0656,0.9999934028864571,0.14716349362261652,irm,2,100,10000,1,0.0,index,100,uniform
qlearning_balancer[qlearn],0.0581,0.9918170599087894,5.190048358070433,irm,2,100,10000,1,0.0,index,100,uniform
qlearning_balancer[lru],0.0696,0.9965229803588997,3.380478677373197,irm,2,100,10000,1,0.0,index,100,uniform
qlearning_balancer[oracle],0.0727,0.9975492106701846,2.837613074457482,irm,2,100,10000,1,0.0,index,100,uniform
qlearning_balancer[nocache],0.0,0.9976272973352907,2.792004943863869,irm,2,100,10000,1,0.0,index,100,uniform
Optimal_QLRU,0.0622,0.999999954518004,0.012219189299234627,irm,2,100,10000,2,0.0,index,100,uniform
qlearning_balancer[qlearn],0.0708,0.9965916599267802,3.346887430958181,irm,2,100,10000,2,0.0,index,100,uniform
qlearning_balancer[lru],0.0675,0.9967690920819329,3.258510022953486,irm,2,100,10000,2,0.0,index,100,uniform
qlearning_balancer[oracle],0.0729,0.9976249890298741,2.7933638039721376,irm,2,100,10000,2,0.0,index,100,uniform
qlearning_balancer[nocache],0.0,0.9980814770632824,2.5104125385703817,irm,2,100,10000,2,0.0,index,100,uniform
Optimal_QLRU,0.0595,0.999936411686006,0.4568944580132404,irm,2,100,10000,6,0.0,index,100,uniform
qlearning_balancer[qlearn],0.0486,0.9994480220865499,1.3462429568684318,irm,2,100,10000,6,0.0,index,100,uniform
qlearning_balancer[lru],0.0688,0.9993730107815714,1.4348221163441843,irm,2,100,10000,6,0.0,index,100,uniform
qlearning_balancer[oracle],0.0732,0.9993150408758353,1.4997005524207794,irm,2,100,10000,6,0.0,index,100,uniform
qlearning_balancer[nocache],0.0,0.9999412726383657,0.43908351123381445,irm,2,100,10000,6,0.0,index,100,uniform
Optimal_QLRU,0.0367,0.9994052229278317,1.3974709944993426,irm,2,100,10000,4,0.0,index,100,uniform
qlearning_balancer[qlearn],0.0469,0.991771782107143,5.204426836641044,irm,2,100,10000,4,0.0,index,100,uniform
qlearning_balancer[lru],0.0661,0.9883817561553304,6.18781667072005,irm,2,100,10000,4,0.0,index,100,uniform
qlearning_balancer[oracle],0.0732,0.9923439896171207,5.019721377295442,irm,2,100,10000,4,0.0,index,100,uniform
qlearning_balancer[nocache],0.0,0.9877329313120696,6.35894358434277,irm,2,100,10000,4,0.0,index,100,uniform
Optimal_QLRU,0.0365,0.9990886471333092,1.7299434326586411,irm,2,100,10000,5,0.0,index,100,uniform
qlearning_balancer[qlearn],0.0575,0.9938793448779883,4.4870985953063105,irm,2,100,10000,5,0.0,index,100,uniform
qlearning_balancer[lru],0.0737,0.9867577959789776,6.607938018494695,irm,2,100,10000,5,0.0,index,100,uniform
qlearning_balancer[oracle],0.0765,0.988949973616243,6.034028790268504,irm,2,100,10000,5,0.0,index,100,uniform
qlearning_balancer[nocache],0.0,0.9935147552390315,4.619089274746978,irm,2,100,10000,5,0.0,index,100,uniform
Optimal_QLRU,0.0581,0.9998757446670006,0.6386885721170196,irm,2,100,10000,7,0.0,index,100,uniform
qlearning_balancer[qlearn],0.0447,0.9997450384570056,0.914910113285692,irm,2,100,10000,7,0.0,index,100,uniform
qlearning_balancer[lru],0.0648,0.9995915195797229,1.158078038354488,irm,2,100,10000,7,0.0,index,100,uniform
qlearning_balancer[oracle],0.0677,0.999572324427664,1.1849794424519107,irm,2,100,10000,7,0.0,index,100,uniform
qlearning_balancer[nocache],0.0,0.9991061824532974,1.7132146850623262,irm,2,100,10000,7,0.0,index,100,uniform
Optimal_QLRU,0.0185,0.9996293346475467,1.103164968238151,irm,2,100,10000,9,0.0,index,100,uniform
qlearning_balancer[qlearn],0.0393,0.9941275823298951,4.394981778004265,irm,2,100,10000,9,0.0,index,100,uniform
qlearning_balancer[lru],0.0623,0.9906508725898565,5.548648527521665,irm,2,100,10000,9,0.0,index,100,uniform
qlearning_balancer[oracle],0.0673,0.9923153598285972,5.02912242128383,irm,2,100,10000,9,0.0,index,100,uniform
qlearning_balancer[nocache],0.0,0.9959149456183684,3.6645249554677877,irm,2,100,10000,9,0.0,index,100,uniform
Optimal_QLRU,0.0474,0.9998761953931993,0.6375290761732969,irm,2,100,10000,10,0.0,index,100,uniform
qlearning_balancer[qlearn],0.0462,0.999333964085564,1.478834853384562,irm,2,100,10000,10,0.0,index,100,uniform
qlearning_balancer[lru],0.0624,0.9998514490302474,0.6983467737265447,irm,2,100,10000,10,0.0,index,100,uniform
qlearning_balancer[oracle],0.069,0.9988679844731211,1.9281055126517883,irm,2,100,10000,10,0.0,index,100,uniform
qlearning_balancer[nocache],0.0,0.9977244563080204,2.7341986761577064,irm,2,100,10000,10,0.0,index,100,uniform
Optimal_QLRU,0.0355,0.9999294763234895,0.48116630775904984,irm,2,100,10000,8,0.0,index,100,uniform
qlearning_balancer[qlearn],0.0175,0.9943684592174947,4.303727032274687,irm,2,100,10000,8,0.0,index,100,uniform
qlearning_balancer[lru],0.0611,0.9961840196721583,3.5416227045312345,irm,2,100,10000,8,0.0,index,100,uniform
qlearning_balancer[oracle],0.0654,0.9961640626845525,3.550883541455897,irm,2,100,10000,8,0.0,index,100,uniform
qlearning_balancer[nocache],0.0,0.9943742111087834,4.301524479478743,irm,2,100,10000,8,0.0,index,100,uniform
Optimal_QLRU,0.0392,0.9988500749946386,1.9433036251299,irm,2,100,10000,11,0.0,index,100,uniform
qlearning_balancer[qlearn],0.0804,0.9984364311463344,2.2661798705188416,irm,2,100,10000,11,0.0,index,100,uniform
qlearning_balancer[lru],0.0652,0.9988320475972057,1.9584828824864147,irm,2,100,10000,11,0.0,index,100,uniform
qlearning_balancer[oracle],0.0718,0.9973634360211413,2.94328837574097,irm,2,100,10000,11,0.0,index,100,uniform
qlearning_balancer[nocache],0.0,0.9996464825690872,1.0773421223573725,irm,2,100,10000,11,0.0,index,100,uniform
Optimal_QLRU,0.0732,0.9992612320096314,1.5575075323664869,irm,2,100,10000,12,0.0,index,100,uniform
qlearning_balancer[qlearn],0.0477,0.998398592309558,2.2934515460109206,irm,2,100,10000,12,0.0,index,100,uniform
qlearning_balancer[lru],0.0703,0.9983919973764408,2.2981716805135277,irm,2,100,10000,12,0.0,index,100,uniform
qlearning_balancer[oracle],0.0766,0.9985547522953554,2.178705062543104,irm,2,100,10000,12,0.0,index,100,uniform
qlearning_balancer[nocache],0.0,0.9979276203352802,2.609200249748632,irm,2,100,10000,12,0.0,index,100,uniform
Optimal_QLRU,0.0345,0.9975447323019727,2.8402066237402885,irm,2,100,10000,19,0.0,index,100,uniform
qlearning_balancer[qlearn],0.0516,0.9919327823569463,5.153119086577706,irm,2,100,10000,19,0.0,index,100,uniform
qlearning_balancer[lru],0.0641,0.9942218095865947,4.359510072501772,irm,2,100,10000,19,0.0,index,100,uniform
qlearning_balancer[oracle],0.071,0.9956260098101323,3.792090065717201,irm,2,100,10000,19,0.0,index,100,uniform
qlearning_balancer[nocache],0.0,0.9966515419422993,3.317322785276834,irm,2,100,10000,19,0.0,index,100,uniform
Optimal_QLRU,0.0568,0.999993525412755,0.14579047291813174,irm,2,100,10000,20,0.0,index,100,uniform
qlearning_balancer[qlearn],0.0737,0.9947484213362092,4.155740550436638,irm,2,100,10000,20,0.0,index,100,uniform
qlearning_balancer[lru],0.0687,0.9982634987884411,2.388283894655437,irm,2,100,10000,20,0.0,index,100,uniform
qlearning_balancer[oracle],0.0707,0.9874206766225369,6.439705758286418,irm,2,100,10000,20,0.0,index,100,uniform
qlearning_balancer[nocache],0.0,0.9847776026166586,7.087159320397612,irm,2,100,10000,20,0.0,index,100,uniform
Optimal_QLRU,0.042,0.9989940438548811,1.8175442658611736,irm,2,100,10000,13,0.0,index,100,uniform
qlearning_balancer[qlearn],0.0397,0.9998375751382773,0.730231633650193,irm,2,100,10000,13,0.0,index,100,uniform
qlearning_balancer[lru],0.0649,0.9994902842711719,1.2936701321118327,irm,2,100,10000,13,0.0,index,100,uniform
qlearning_balancer[oracle],0.0744,0.9996709777792582,1.0393434067165088,irm,2,100,10000,13,0.0,index,100,uniform
qlearning_balancer[nocache],0.0,0.9983531729428483,2.3257653858272116,irm,2,100,10000,13,0.0,index,100,uniform
Optimal_QLRU,0.0462,0.9989035644914591,1.897551505920726,irm,2,100,10000,14,0.0,index,100,uniform
qlearning_balancer[qlearn],0.0468,0.9850060616204607,7.033505108643957,irm,2,100,10000,14,0.0,index,100,uniform
qlearning_balancer[lru],0.063,0.9892821799727387,5.942301880265699,irm,2,100,10000,14,0.0,index,100,uniform
qlearning_balancer[oracle],0.0682,0.9897109497348291,5.821807602003381,irm,2,100,10000,14,0.0,index,100,uniform
qlearning_balancer[nocache],0.0,0.9714104417694143,9.734592524891772,irm,2,100,10000,14,0.0,index,100,uniform
Optimal_QLRU,0.0196,0.999411032340401,1.3906280866193674,irm,2,100,10000,15,0.0,index,100,uniform
qlearning_balancer[qlearn],0.0424,0.9992045976881716,1.6161201562082754,irm,2,100,10000,15,0.0,index,100,uniform
qlearning_balancer[lru],0.0666,0.9997795990071502,0.8506391367552433,irm,2,100,10000,15,0.0,index,100,uniform
qlearning_balancer[oracle],0.0751,0.9997593885810804,0.8887879687999125,irm,2,100,10000,15,0.0,index,100,uniform
qlearning_balancer[nocache],0.0,0.9992267612860317,1.5934388885281594,irm,2,100,10000,15,0.0,index,100,uniform
Optimal_QLRU,0.047,0.9996743660716216,1.033977360241827,irm,2,100,10000,21,0.0,index,100,uniform
qlearning_balancer[qlearn],0.0384,0.9993429083732382,1.4688693618912876,irm,2,100,10000,21,0.0,index,100,uniform
qlearning_balancer[lru],0.0711,0.9997741309132274,0.8611273455156391,irm,2,100,10000,21,0.0,index,100,uniform
qlearning_balancer[oracle],0.0752,0.9993732774257937,1.434516921549322,irm,2,100,10000,21,0.0,index,100,uniform
qlearning_balancer[nocache],0.0,0.9967105823925532,3.2879145529316043,irm,2,100,10000,21,0.0,index,100,uniform
Optimal_QLRU,0.0626,0.9999078288323611,0.5500812587765594,irm,2,100,10000,16,0.0,index,100,uniform
qlearning_balancer[qlearn],0.085,0.9999983330427407,0.07397500197465313,irm,2,100,10000,16,0.0,index,100,uniform
qlearning_balancer[lru],0.0688,0.9997212237218404,0.9566888685708373,irm,2,100,10000,16,0.0,index,100,uniform
qlearning_balancer[oracle],0.0797,0.9992001461451703,1.6206374328281523,irm,2,100,10000,16,0.0,index,100,uniform
qlearning_balancer[nocache],0.0,0.9997901367871914,0.8300533039777701,irm,2,100,10000,16,0.0,index,100,uniform
Optimal_QLRU,0.0566,0.9999762253794479,0.2793708893954924,irm,2,100,10000,17,0.0,index,100,uniform
qlearning_balancer[qlearn],0.0425,0.992091798095773,5.10194283959417,irm,2,100,10000,17,0.0,index,100,uniform
qlearning_balancer[lru],0.0665,0.9897310327321771,5.816103474690264,irm,2,100,10000,17,0.0,index,100,uniform
qlearning_balancer[oracle],0.0689,0.9923704757319192,5.011008698224799,irm,2,100,10000,17,0.0,index,100,uniform
qlearning_balancer[nocache],0.0,0.9946150547140088,4.208272238660335,irm,2,100,10000,17,0.0,index,100,uniform
Optimal_QLRU,0.0317,0.9999869349658006,0.20709940613300637,irm,2,100,10000,23,0.0,index,100,uniform
qlearning_balancer[qlearn],0.0545,0.9944633571631916,4.267243821994181,irm,2,100,10000,23,0.0,index,100,uniform
qlearning_balancer[lru],0.068,0.9941949190828321,4.36966209433936,irm,2,100,10000,23,0.0,index,100,uniform
qlearning_balancer[oracle],0.0756,0.9979379730991341,2.602670342032382,irm,2,100,10000,23,0.0,index,100,uniform
qlearning_balancer[nocache],0.0,0.9940856042136856,4.4106932394382055,irm,2,100,10000,23,0.0,index,100,uniform
Optimal_QLRU,0.0619,0.9992959645041021,1.52044558999275,irm,2,100,10000,18,0.0,index,100,uniform
qlearning_balancer[qlearn],0.0503,0.9909796736541086,5.449903855712962,irm,2,100,10000,18,0.0,index,100,uniform
qlearning_balancer[lru],0.0691,0.9845616814667368,7.1375057948484715,irm,2,100,10000,18,0.0,index,100,uniform
qlearning_balancer[oracle],0.0757,0.9784073860331951,8.449882924263102,irm,2,100,10000,18,0.0,index,100,uniform
qlearning_balancer[nocache],0.0,0.9888702747654566,6.055831156913852,irm,2,100,10000,18,0.0,index,100,uniform
Optimal_QLRU,0.0231,0.9996178793298935,1.1200839146438168,irm,2,100,10000,22,0.0,index,100,uniform
qlearning_balancer[qlearn],0.0464,0.9893362380650951,5.927243344248702,irm,2,100,10000,22,0.0,index,100,uniform
qlearning_balancer[lru],0.0667,0.9910581069600412,5.426086791937923,irm,2,100,10000,22,0.0,index,100,uniform
qlearning_balancer[oracle],0.0711,0.9851087611632453,7.009254754221283,irm,2,100,10000,22,0.0,index,100,uniform
qlearning_balancer[nocache],0.0,0.9882784144764126,6.215383343893449,irm,2,100,10000,22,0.0,index,100,uniform
Optimal_QLRU,0.0393,0.9976224136326438,2.794879119192065,irm,2,100,10000,25,0.0,index,100,uniform
qlearning_balancer[qlearn],0.0885,0.989099484038399,5.992918040275509,irm,2,100,10000,25,0.0,index,100,uniform
qlearning_balancer[lru],0.0682,0.9929717795553423,4.809006405324925,irm,2,100,10000,25,0.0,index,100,uniform
qlearning_balancer[oracle],0.075,0.9885506993984509,6.142488337452818,irm,2,100,10000,25,0.0,index,100,uniform
qlearning_balancer[nocache],0.0,0.9912217464991241,5.376060381221891,irm,2,100,10000,25,0.0,index,100,uniform
Optimal_QLRU,0.0135,0.9996484423350414,1.074351434130752,irm,2,100,10000,26,0.0,index,100,uniform
qlearning_balancer[qlearn],0.0725,0.9980411770518058,2.5366591218141328,irm,2,100,10000,26,0.0,index,100,uniform
qlearning_balancer[lru],0.069,0.9985571417275884,2.1769024199612854,irm,2,100,10000,26,0.0,index,100,uniform
qlearning_balancer[oracle],0.0737,0.9997130657188211,0.9705873410627601,irm,2,100,10000,26,0.0,index,100,uniform
qlearning_balancer[nocache],0.0,0.9998296934320544,0.7477400779104524,irm,2,100,10000,26,0.0,index,100,uniform
Optimal_QLRU,0.0623,0.9999990787939388,0.05499219977137065,irm,2,300,10000,0,0.0,index,300,uniform
qlearning_balancer[qlearn],0.0834,0.9997898758127487,0.8305692842628318,irm,2,300,10000,0,0.0,index,300,uniform
qlearning_balancer[lru],0.125,0.9997591236600877,0.8892771656849273,irm,2,300,10000,0,0.0,index,300,uniform
qlearning_balancer[oracle],0.1321,0.9997923471852542,0.8256701330456282,irm,2,300,10000,0,0.0,index,300,uniform
qlearning_balancer[nocache],0.0,0.9987845606507879,1.9979163190137657,irm,2,300,10000,0,0.0,index,300,uniform
Optimal_QLRU,0.0542,0.9989679515083726,1.8409729807470359,irm,2,100,10000,24,0.0,index,100,uniform
qlearning_balancer[qlearn],0.0539,0.9972925754015827,2.9826135214550993,irm,2,100,10000,24,0.0,index,100,uniform
qlearning_balancer[lru],0.0707,0.9972926830179786,2.982554189876092,irm,2,100,10000,24,0.0,index,100,uniform
qlearning_balancer[oracle],0.0759,0.9987127143472764,2.056143010243129,irm,2,100,10000,24,0.0,index,100,uniform
qlearning_balancer[nocache],0.0,0.994790203632208,4.139146774423869,irm,2,100,10000,24,0.0,index,100,uniform
Optimal_QLRU,0.0493,0.9999893675883599,0.1868268507304089,irm,2,300,10000,3,0.0,index,300,uniform
qlearning_balancer[qlearn],0.1273,0.9902238323174111,5.674363148180136,irm,2,300,10000,3,0.0,index,300,uniform
qlearning_balancer[lru],0.1292,0.9961600231209962,3.5527551371810904,irm,2,300,10000,3,0.0,index,300,uniform
qlearning_balancer[oracle],0.1366,0.9922044106693745,5.0653912065147555,irm,2,300,10000,3,0.0,index,300,uniform
qlearning_balancer[nocache],0.0,0.9975909429793045,2.813330145417003,irm,2,300,10000,3,0.0,index,300,uniform
Optimal_QLRU,0.0831,0.9991653869266208,1.6554865391191917,irm,2,100,10000,27,0.0,index,100,uniform
qlearning_balancer[qlearn],0.0456,0.9945529801878832,4.2325019622535915,irm,2,100,10000,27,0.0,index,100,uniform
qlearning_balancer[lru],0.069,0.9941971162703699,4.368833464219087,irm,2,100,10000,27,0.0,index,100,uniform
qlearning_balancer[oracle],0.0728,0.9970217025059672,3.128401479570561,irm,2,100,10000,27,0.0,index,100,uniform
qlearning_balancer[nocache],0.0,0.9967714192672158,3.2573350117739523,irm,2,100,10000,27,0.0,index,100,uniform
Optimal_QLRU,0.0527,0.9996350582468693,1.0946135712516982,irm,2,100,10000,28,0.0,index,100,uniform
qlearning_balancer[qlearn],0.038,0.9866955976741487,6.623507836430477,irm,2,100,10000,28,0.0,index,100,uniform
qlearning_balancer[lru],0.065,0.9818830619220369,7.735442803242783,irm,2,100,10000,28,0.0,index,100,uniform
qlearning_balancer[oracle],0.0691,0.9872946048473311,6.4720323958206025,irm,2,100,10000,28,0.0,index,100,uniform
qlearning_balancer[nocache],0.0,0.9816552994923387,7.784214630410201,irm,2,100,10000,28,0.0,index,100,uniform
Optimal_QLRU,0.0431,0.9990504925840443,1.7657961456771072,irm,2,100,10000,29,0.0,index,100,uniform
qlearning_balancer[qlearn],0.0754,0.9994662601873257,1.323811266146993,irm,2,100,10000,29,0.0,index,100,uniform
qlearning_balancer[lru],0.0713,0.9985220657100735,2.2032167750354494,irm,2,100,10000,29,0.0,index,100,uniform
qlearning_balancer[oracle],0.0715,0.9985355086764253,2.1931689783880706,irm,2,100,10000,29,0.0,index,100,uniform
qlearning_balancer[nocache],0.0,0.9995850110431951,1.167268981304414,irm,2,100,10000,29,0.0,index,100,uniform
Optimal_QLRU,0.0656,0.9999934028864571,0.14716349362261652,irm,2,300,10000,1,0.0,index,300,uniform
qlearning_balancer[qlearn],0.0851,0.9897037910226905,5.823839542414826,irm,2,300,10000,1,0.0,index,300,uniform
qlearning_balancer[lru],0.1222,0.9986798378602714,2.082245211694226,irm,2,300,10000,1,0.0,index,300,uniform
qlearning_balancer[oracle],0.1286,0.9978460873455459,2.6600677931198153,irm,2,300,10000,1,0.0,index,300,uniform
qlearning_balancer[nocache],0.0,0.9976272973352907,2.792004943863869,irm,2,300,10000,1,0.0,index,300,uniform
Optimal_QLRU,0.0595,0.999936411686006,0.4568944580132404,irm,2,300,10000,6,0.0,index,300,uniform
qlearning_balancer[qlearn],0.1054,0.9998478109791202,0.706846822945269,irm,2,300,10000,6,0.0,index,300,uniform
qlearning_balancer[lru],0.1197,0.9999998690353649,0.020734790917568545,irm,2,300,10000,6,0.0,index,300,uniform
qlearning_balancer[oracle],0.1309,0.9991388734240417,1.6815836605868484,irm,2,300,10000,6,0.0,index,300,uniform
qlearning_balancer[nocache],0.0,0.9999412726383657,0.43908351123381445,irm,2,300,10000,6,0.0,index,300,uniform
Optimal_QLRU,0.0622,0.999999954518004,0.012219189299234627,irm,2,300,10000,2,0.0,index,300,uniform
qlearning_balancer[qlearn],0.1063,0.9990854392472234,1.7329863136164447,irm,2,300,10000,2,0.0,index,300,uniform
qlearning_balancer[lru],0.1203,0.9981210521251368,2.484368963518993,irm,2,300,10000,2,0.0,index,300,uniform
qlearning_balancer[oracle],0.1243,0.995956600168015,3.6457684532878467,irm,2,300,10000,2,0.0,index,300,uniform
qlearning_balancer[nocache],0.0,0.9980814770632824,2.5104125385703817,irm,2,300,10000,2,0.0,index,300,uniform
Optimal_QLRU,0.0367,0.9994052229278317,1.3974709944993426,irm,2,300,10000,4,0.0,index,300,uniform
qlearning_balancer[qlearn],0.0668,0.990918994829126,5.468259279545172,irm,2,300,10000,4,0.0,index,300,uniform
qlearning_balancer[lru],0.1186,0.9939398190878826,4.464831314658842,irm,2,300,10000,4,0.0,index,300,uniform
qlearning_balancer[oracle],0.1253,0.9904456118033335,5.609421555891649,irm,2,300,10000,4,0.0,index,300,uniform
qlearning_balancer[nocache],0.0,0.9877329313120696,6.35894358434277,irm,2,300,10000,4,0.0,index,300,uniform
Optimal_QLRU,0.0581,0.9998757446670006,0.6386885721170196,irm,2,300,10000,7,0.0,index,300,uniform
qlearning_balancer[qlearn],0.0651,0.9998825487067887,0.6209548673959917,irm,2,300,10000,7,0.0,index,300,uniform
qlearning_balancer[lru],0.1205,0.9999321289601226,0.4720302125910961,irm,2,300,10000,7,0.0,index,300,uniform
qlearning_balancer[oracle],0.1255,0.9998144433280783,0.7805025955587386,irm,2,300,10000,7,0.0,index,300,uniform
qlearning_balancer[nocache],0.0,0.9991061824532974,1.7132146850623262,irm,2,300,10000,7,0.0,index,300,uniform
Optimal_QLRU,0.0355,0.9999294763234895,0.48116630775904984,irm,2,300,10000,8,0.0,index,300,uniform
qlearning_balancer[qlearn],0.0416,0.9960918201700067,3.5842078911239454,irm,2,300,10000,8,0.0,index,300,uniform
qlearning_balancer[lru],0.1148,0.9990606963424823,1.7562795789212413,irm,2,300,10000,8,0.0,index,300,uniform
qlearning_balancer[oracle],0.1201,0.9987587416053691,2.0190339326854914,irm,2,300,10000,8,0.0,index,300,uniform
qlearning_balancer[nocache],0.0,0.9943742111087834,4.301524479478743,irm,2,300,10000,8,0.0,index,300,uniform
Optimal_QLRU,0.0474,0.9998761953931993,0.6375290761732969,irm,2,300,10000,10,0.0,index,300,uniform
qlearning_balancer[qlearn],0.0564,0.9996481939210374,1.0747309851022633,irm,2,300,10000,10,0.0,index,300,uniform
qlearning_balancer[lru],0.1158,0.9989597554087082,1.848271171969458,irm,2,300,10000,10,0.0,index,300,uniform
qlearning_balancer[oracle],0.1244,0.9998962071034975,0.5837326176402556,irm,2,300,10000,10,0.0,index,300,uniform
qlearning_balancer[nocache],0.0,0.9977244563080204,2.7341986761577064,irm,2,300,10000,10,0.0,index,300,uniform
Optimal_QLRU,0.0365,0.9990886471333092,1.7299434326586411,irm,2,300,10000,5,0.0,index,300,uniform
qlearning_balancer[qlearn],0.0976,0.984845439209192,7.071269344968582,irm,2,300,10000,5,0.0,index,300,uniform
qlearning_balancer[lru],0.1316,0.979271406946574,8.277886483012152,irm,2,300,10000,5,0.0,index,300,uniform
qlearning_balancer[oracle],0.1371,0.9841423373629475,7.234304226334797,irm,2,300,10000,5,0.0,index,300,uniform
qlearning_balancer[nocache],0.0,0.9935147552390315,4.619089274746978,irm,2,300,10000,5,0.0,index,300,uniform
Optimal_QLRU,0.0196,0.999411032340401,1.3906280866193674,irm,2,300,10000,15,0.0,index,300,uniform
qlearning_balancer[qlearn],0.0818,0.9999329456825189,0.4691814782565679,irm,2,300,10000,15,0.0,index,300,uniform
qlearning_balancer[lru],0.1217,0.9997099885235617,0.9757784410174157,irm,2,300,10000,15,0.0,index,300,uniform
qlearning_balancer[oracle],0.1279,0.999575568909242,1.180475433040005,irm,2,300,10000,15,0.0,index,300,uniform
qlearning_balancer[nocache],0.0,0.9992267612860317,1.5934388885281594,irm,2,300,10000,15,0.0,index,300,uniform
Optimal_QLRU,0.0185,0.9996293346475467,1.103164968238151,irm,2,300,10000,9,0.0,index,300,uniform
qlearning_balancer[qlearn],0.0614,0.9899917711707559,5.7415392569877755,irm,2,300,10000,9,0.0,index,300,uniform
qlearning_balancer[lru],0.1176,0.9886535540516997,6.11472990127073,irm,2,300,10000,9,0.0,index,300,uniform
qlearning_balancer[oracle],0.1237,0.991351055303839,5.336201478017717,irm,2,300,10000,9,0.0,index,300,uniform
qlearning_balancer[nocache],0.0,0.9959149456183684,3.6645249554677877,irm,2,300,10000,9,0.0,index,300,uniform
Optimal_QLRU,0.0619,0.9992959645041021,1.52044558999275,irm,2,300,10000,18,0.0,index,300,uniform
qlearning_balancer[qlearn],0.0657,0.9836791850166524,7.33976283289268,irm,2,300,10000,18,0.0,index,300,uniform
qlearning_balancer[lru],0.1234,0.9899795828199341,5.745046067903133,irm,2,300,10000,18,0.0,index,300,uniform
qlearning_balancer[oracle],0.1295,0.9795759230000943,8.21643442189413,irm,2,300,10000,18,0.0,index,300,uniform
qlearning_balancer[nocache],0.0,0.9888702747654566,6.055831156913852,irm,2,300,10000,18,0.0,index,300,uniform
Optimal_QLRU,0.0345,0.9975447323019727,2.8402066237402885,irm,2,300,10000,19,0.0,index,300,uniform
qlearning_balancer[qlearn],0.0758,0.9972118405386108,3.0267981300301976,irm,2,300,10000,19,0.0,index,300,uniform
qlearning_balancer[lru],0.1176,0.9934385210556109,4.646218017701922,irm,2,300,10000,19,0.0,index,300,uniform
qlearning_balancer[oracle],0.1228,0.9964017985962481,3.438952344004676,irm,2,300,10000,19,0.0,index,300,uniform
qlearning_balancer[nocache],0.0,0.9966515419422993,3.317322785276834,irm,2,300,10000,19,0.0,index,300,uniform
Optimal_QLRU,0.0392,0.9988500749946386,1.9433036251299,irm,2,300,10000,11,0.0,index,300,uniform
qlearning_balancer[qlearn],0.0915,0.9996627493704379,1.0522608947366547,irm,2,300,10000,11,0.0,index,300,uniform
qlearning_balancer[lru],0.1202,0.9998130479749755,0.7834319016770172,irm,2,300,10000,11,0.0,index,300,uniform
qlearning_balancer[oracle],0.1266,0.9991208838265276,1.6990627574759805,irm,2,300,10000,11,0.0,index,300,uniform
qlearning_balancer[nocache],0.0,0.9996464825690872,1.0773421223573725,irm,2,300,10000,11,0.0,index,300,uniform
Optimal_QLRU,0.0732,0.9992612320096314,1.5575075323664869,irm,2,300,10000,12,0.0,index,300,uniform
qlearning_balancer[qlearn],0.0861,0.9978182113074916,2.677238275580906,irm,2,300,10000,12,0.0,index,300,uniform
qlearning_balancer[lru],0.1249,0.9978182094578227,2.677239411257079,irm,2,300,10000,12,0.0,index,300,uniform
qlearning_balancer[oracle],0.1311,0.997363786081457,2.9430928049390657,irm,2,300,10000,12,0.0,index,300,uniform
qlearning_balancer[nocache],0.0,0.9979276203352802,2.609200249748632,irm,2,300,10000,12,0.0,index,300,uniform
Optimal_QLRU,0.042,0.9989940438548811,1.8175442658611736,irm,2,300,10000,13,0.0,index,300,uniform
qlearning_balancer[qlearn],0.0756,0.9998314758364735,0.7438166942284354,irm,2,300,10000,13,0.0,index,300,uniform
qlearning_balancer[lru],0.1163,0.9997942705270914,0.8218371734336463,irm,2,300,10000,13,0.0,index,300,uniform
qlearning_balancer[oracle],0.1244,0.9989270183877879,1.877139150851309,irm,2,300,10000,13,0.0,index,300,uniform
qlearning_balancer[nocache],0.0,0.9983531729428483,2.3257653858272116,irm,2,300,10000,13,0.0,index,300,uniform
Optimal_QLRU,0.0568,0.999993525412755,0.14579047291813174,irm,2,300,10000,20,0.0,index,300,uniform
qlearning_balancer[qlearn],0.1128,0.9952184288489547,3.9651046475760445,irm,2,300,10000,20,0.0,index,300,uniform
qlearning_balancer[lru],0.1211,0.9984543377908982,2.2531591507915705,irm,2,300,10000,20,0.0,index,300,uniform
qlearning_balancer[oracle],0.1279,0.9918805689365988,5.169813703673125,irm,2,300,10000,20,0.0,index,300,uniform
qlearning_balancer[nocache],0.0,0.9847776026166586,7.087159320397612,irm,2,300,10000,20,0.0,index,300,uniform
Optimal_QLRU,0.0462,0.9989035644914591,1.897551505920726,irm,2,300,10000,14,0.0,index,300,uniform
qlearning_balancer[qlearn],0.0909,0.9904928553052822,5.595491571106851,irm,2,300,10000,14,0.0,index,300,uniform
qlearning_balancer[lru],0.1183,0.9886942793576924,6.1037045927024245,irm,2,300,10000,14,0.0,index,300,uniform
qlearning_balancer[oracle],0.1259,0.9845942719800287,7.129928954059732,irm,2,300,10000,14,0.0,index,300,uniform
qlearning_balancer[nocache],0.0,0.9714104417694143,9.734592524891772,irm,2,300,10000,14,0.0,index,300,uniform
Optimal_QLRU,0.0626,0.9999078288323611,0.5500812587765594,irm,2,300,10000,16,0.0,index,300,uniform
qlearning_balancer[qlearn],0.1191,0.9998653907163582,0.6647676588937989,irm,2,300,10000,16,0.0,index,300,uniform
qlearning_balancer[lru],0.1257,0.9996219749130094,1.1140644334266268,irm,2,300,10000,16,0.0,index,300,uniform
qlearning_balancer[oracle],0.131,0.9999232060011704,0.50210186268993,irm,2,300,10000,16,0.0,index,300,uniform
qlearning_balancer[nocache],0.0,0.9997901367871914,0.8300533039777701,irm,2,300,10000,16,0.0,index,300,uniform
Optimal_QLRU,0.0566,0.9999762253794479,0.2793708893954924,irm,2,300,10000,17,0.0,index,300,uniform
qlearning_balancer[qlearn],0.08,0.9858963743834138,6.82046827198628,irm,2,300,10000,17,0.0,index,300,uniform
qlearning_balancer[lru],0.1212,0.9851248681896765,7.005443953725426,irm,2,300,10000,17,0.0,index,300,uniform
qlearning_balancer[oracle],0.1249,0.9880410960960027,6.278237717374616,irm,2,300,10000,17,0.0,index,300,uniform
qlearning_balancer[nocache],0.0,0.9946150547140088,4.208272238660335,irm,2,300,10000,17,0.0,index,300,uniform
Optimal_QLRU,0.0231,0.9996178793298935,1.1200839146438168,irm,2,300,10000,22,0.0,index,300,uniform
qlearning_balancer[qlearn],0.0672,0.991478047664977,5.296768093951332,irm,2,300,10000,22,0.0,index,300,uniform
qlearning_balancer[lru],0.1199,0.9900285788982399,5.73093615213564,irm,2,300,10000,22,0.0,index,300,uniform
qlearning_balancer[oracle],0.1248,0.9884113633155215,6.1798965740962934,irm,2,300,10000,22,0.0,index,300,uniform
qlearning_balancer[nocache],0.0,0.9882784144764126,6.215383343893449,irm,2,300,10000,22,0.0,index,300,uniform
Optimal_QLRU,0.0542,0.9989679515083726,1.8409729807470359,irm,2,300,10000,24,0.0,index,300,uniform
qlearning_balancer[qlearn],0.0863,0.997240742930638,3.011054653368192,irm,2,300,10000,24,0.0,index,300,uniform
qlearning_balancer[lru],0.1208,0.9962350099929765,3.5178510129206133,irm,2,300,10000,24,0.0,index,300,uniform
qlearning_balancer[oracle],0.1299,0.9977230186014402,2.73506294045765,irm,2,300,10000,24,0.0,index,300,uniform
qlearning_balancer[nocache],0.0,0.994790203632208,4.139146774423869,irm,2,300,10000,24,0.0,index,300,uniform
Optimal_QLRU,0.047,0.9996743660716216,1.033977360241827,irm,2,300,10000,21,0.0,index,300,uniform
qlearning_balancer[qlearn],0.0786,0.9999262848868116,0.49193331668755436,irm,2,300,10000,21,0.0,index,300,uniform
qlearning_balancer[lru],0.1233,0.999997046346183,0.09846970626861903,irm,2,300,10000,21,0.0,index,300,uniform
qlearning_balancer[oracle],0.1331,0.9999918786582611,0.1632815494931287,irm,2,300,10000,21,0.0,index,300,uniform
qlearning_balancer[nocache],0.0,0.9967105823925532,3.2879145529316043,irm,2,300,10000,21,0.0,index,300,uniform
Optimal_QLRU,0.0393,0.9976224136326438,2.794879119192065,irm,2,300,10000,25,0.0,index,300,uniform
qlearning_balancer[qlearn],0.1173,0.9945860384742113,4.219615420998529,irm,2,300,10000,25,0.0,index,300,uniform
qlearning_balancer[lru],0.127,0.9904351839658825,5.61249165803079,irm,2,300,10000,25,0.0,index,300,uniform
qlearning_balancer[oracle],0.1303,0.9965276351331527,3.378212525849232,irm,2,300,10000,25,0.0,index,300,uniform
qlearning_balancer[nocache],0.0,0.9912217464991241,5.376060381221891,irm,2,300,10000,25,0.0,index,300,uniform
Optimal_QLRU,0.0831,0.9991653869266208,1.6554865391191917,irm,2,300,10000,27,0.0,index,300,uniform
qlearning_balancer[qlearn],0.0774,0.9973731306587515,2.937867405057709,irm,2,300,10000,27,0.0,index,300,uniform
qlearning_balancer[lru],0.124,0.9977042108383887,2.746344081821572,irm,2,300,10000,27,0.0,index,300,uniform
qlearning_balancer[oracle],0.1319,0.9999942522414121,0.13736380360918235,irm,2,300,10000,27,0.0,index,300,uniform
qlearning_balancer[nocache],0.0,0.9967714192672158,3.2573350117739523,irm,2,300,10000,27,0.0,index,300,uniform
Optimal_QLRU,0.0317,0.9999869349658006,0.20709940613300637,irm,2,300,10000,23,0.0,index,300,uniform
qlearning_balancer[qlearn],0.0814,0.995871365585531,3.684046816457665,irm,2,300,10000,23,0.0,index,300,uniform
qlearning_balancer[lru],0.1212,0.9930621727266529,4.777908551048216,irm,2,300,10000,23,0.0,index,300,uniform
qlearning_balancer[oracle],0.1313,0.9971478251271343,3.061380916947928,irm,2,300,10000,23,0.0,index,300,uniform
qlearning_balancer[nocache],0.0,0.9940856042136856,4.4106932394382055,irm,2,300,10000,23,0.0,index,300,uniform
Optimal_QLRU,0.0135,0.9996484423350414,1.074351434130752,irm,2,300,10000,26,0.0,index,300,uniform
qlearning_balancer[qlearn],0.0815,0.9972198907695257,3.0224212826385566,irm,2,300,10000,26,0.0,index,300,uniform
qlearning_balancer[lru],0.1216,0.9973240627576357,2.9652033047493105,irm,2,300,10000,26,0.0,index,300,uniform
qlearning_balancer[oracle],0.1276,0.9983626842880651,2.3190356830411227,irm,2,300,10000,26,0.0,index,300,uniform
qlearning_balancer[nocache],0.0,0.9998296934320544,0.7477400779104524,irm,2,300,10000,26,0.0,index,300,uniform
Optimal_QLRU,0.0527,0.9996350582468693,1.0946135712516982,irm,2,300,10000,28,0.0,index,300,uniform
qlearning_balancer[qlearn],0.0638,0.9882131097219006,6.232741681672199,irm,2,300,10000,28,0.0,index,300,uniform
qlearning_balancer[lru],0.1186,0.9908880826167225,5.47758690189061,irm,2,300,10000,28,0.0,index,300,uniform
qlearning_balancer[oracle],0.1238,0.9925549840469791,4.949893034979702,irm,2,300,10000,28,0.0,index,300,uniform
qlearning_balancer[nocache],0.0,0.9816552994923387,7.784214630410201,irm,2,300,10000,28,0.0,index,300,uniform
Optimal_QLRU,0.0493,0.9999893675883599,0.1868268507304089,irm,2,1000,10000,3,0.0,index,1000,uniform
qlearning_balancer[qlearn],0.1798,0.9947496624128992,4.155248606950927,irm,2,1000,10000,3,0.0,index,1000,uniform
qlearning_balancer[lru],0.2045,0.9951823118634867,3.98007547379977,irm,2,1000,10000,3,0.0,index,1000,uniform
qlearning_balancer[oracle],0.2041,0.9960356183061206,3.6099212919913146,irm,2,1000,10000,3,0.0,index,1000,uniform
qlearning_balancer[nocache],0.0,0.9975909429793045,2.813330145417003,irm,2,1000,10000,3,0.0,index,1000,uniform
Optimal_QLRU,0.0367,0.9994052229278317,1.3974709944993426,irm,2,1000,10000,4,0.0,index,1000,uniform
qlearning_balancer[qlearn],0.1091,0.9866476686626727,6.63548120889925,irm,2,1000,10000,4,0.0,index,1000,uniform
qlearning_balancer[lru],0.1937,0.99009591276545,5.711489204745929,irm,2,1000,10000,4,0.0,index,1000,uniform
qlearning_balancer[oracle],0.1939,0.9964238667812024,3.4283777356518383,irm,2,1000,10000,4,0.0,index,1000,uniform
qlearning_balancer[nocache],0.0,0.9877329313120696,6.35894358434277,irm,2,1000,10000,4,0.0,index,1000,uniform
Optimal_QLRU,0.0431,0.9990504925840443,1.7657961456771072,irm,2,300,10000,29,0.0,index,300,uniform
qlearning_balancer[qlearn],0.1259,0.9995466089253132,1.2200901995811282,irm,2,300,10000,29,0.0,index,300,uniform
qlearning_balancer[lru],0.1224,0.9988073158173109,1.9791181854253155,irm,2,300,10000,29,0.0,index,300,uniform
qlearning_balancer[oracle],0.1289,0.9999461441982425,0.4204775165862603,irm,2,300,10000,29,0.0,index,300,uniform
qlearning_balancer[nocache],0.0,0.9995850110431951,1.167268981304414,irm,2,300,10000,29,0.0,index,300,uniform
Optimal_QLRU,0.0623,0.9999990787939388,0.05499219977137065,irm,2,1000,10000,0,0.0,index,1000,uniform
qlearning_balancer[qlearn],0.1121,0.9997564767595222,0.8941501790470691,irm,2,1000,10000,0,0.0,index,1000,uniform
qlearning_balancer[lru],0.1976,0.9999925839896043,0.15603008107591,irm,2,1000,10000,0,0.0,index,1000,uniform
qlearning_balancer[oracle],0.1964,0.9999821420889983,0.24212478725916264,irm,2,1000,10000,0,0.0,index,1000,uniform
qlearning_balancer[nocache],0.0,0.9987845606507879,1.9979163190137657,irm,2,1000,10000,0,0.0,index,1000,uniform
Optimal_QLRU,0.0656,0.9999934028864571,0.14716349362261652,irm,2,1000,10000,1,0.0,index,1000,uniform
qlearning_balancer[qlearn],0.0973,0.9964453115361396,3.4180706703765913,irm,2,1000,10000,1,0.0,index,1000,uniform
qlearning_balancer[lru],0.1986,0.9992113084944697,1.6092863144021279,irm,2,1000,10000,1,0.0,index,1000,uniform
qlearning_balancer[oracle],0.2003,0.9959924687499833,3.6295400517394545,irm,2,1000,10000,1,0.0,index,1000,uniform
qlearning_balancer[nocache],0.0,0.9976272973352907,2.792004943863869,irm,2,1000,10000,1,0.0,index,1000,uniform
Optimal_QLRU,0.0622,0.999999954518004,0.012219189299234627,irm,2,1000,10000,2,0.0,index,1000,uniform
qlearning_balancer[qlearn],0.161,0.9985960395337486,2.147344608801746,irm,2,1000,10000,2,0.0,index,1000,uniform
qlearning_balancer[lru],0.1946,0.9980826162977022,2.5096665990772005,irm,2,1000,10000,2,0.0,index,1000,uniform
qlearning_balancer[oracle],0.1909,0.999638837155801,1.088930870492926,irm,2,1000,10000,2,0.0,index,1000,uniform
qlearning_balancer[nocache],0.0,0.9980814770632824,2.5104125385703817,irm,2,1000,10000,2,0.0,index,1000,uniform
Optimal_QLRU,0.0595,0.999936411686006,0.4568944580132404,irm,2,1000,10000,6,0.0,index,1000,uniform
qlearning_balancer[qlearn],0.1342,0.9999358049947178,0.45906892795539395,irm,2,1000,10000,6,0.0,index,1000,uniform
qlearning_balancer[lru],0.1997,0.9973548033807464,2.9481071467813713,irm,2,1000,10000,6,0.0,index,1000,uniform
qlearning_balancer[oracle],0.2049,0.9984245732198765,2.2747613641609443,irm,2,1000,10000,6,0.0,index,1000,uniform
qlearning_balancer[nocache],0.0,0.9999412726383657,0.43908351123381445,irm,2,1000,10000,6,0.0,index,1000,uniform
Optimal_QLRU,0.0581,0.9998757446670006,0.6386885721170196,irm,2,1000,10000,7,0.0,index,1000,uniform
qlearning_balancer[qlearn],0.0914,0.9971138737536128,3.0795653236684344,irm,2,1000,10000,7,0.0,index,1000,uniform
qlearning_balancer[lru],0.1971,0.9990048307049102,1.8077700016756117,irm,2,1000,10000,7,0.0,index,1000,uniform
qlearning_balancer[oracle],0.1973,0.99791833867491,2.615040745033058,irm,2,1000,10000,7,0.0,index,1000,uniform
qlearning_balancer[nocache],0.0,0.9991061824532974,1.7132146850623262,irm,2,1000,10000,7,0.0,index,1000,uniform
Optimal_QLRU,0.0365,0.9990886471333092,1.7299434326586411,irm,2,1000,10000,5,0.0,index,1000,uniform
qlearning_balancer[qlearn],0.1266,0.9734978004489778,9.369163191532005,irm,2,1000,10000,5,0.0,index,1000,uniform
qlearning_balancer[lru],0.2061,0.9773949760862619,8.647191107866735,irm,2,1000,10000,5,0.0,index,1000,uniform
qlearning_balancer[oracle],0.2069,0.9805553052949391,8.015687814225647,irm,2,1000,10000,5,0.0,index,1000,uniform
qlearning_balancer[nocache],0.0,0.9935147552390315,4.619089274746978,irm,2,1000,10000,5,0.0,index,1000,uniform
Optimal_QLRU,0.0392,0.9988500749946386,1.9433036251299,irm,2,1000,10000,11,0.0,index,1000,uniform
qlearning_balancer[qlearn],0.1587,0.9989667772893315,1.842020332528653,irm,2,1000,10000,11,0.0,index,1000,uniform
qlearning_balancer[lru],0.1977,0.9994574832684274,1.3346533387448671,irm,2,1000,10000,11,0.0,index,1000,uniform
qlearning_balancer[oracle],0.2002,0.9992474176622886,1.5720057564059775,irm,2,1000,10000,11,0.0,index,1000,uniform
qlearning_balancer[nocache],0.0,0.9996464825690872,1.0773421223573725,irm,2,1000,10000,11,0.0,index,1000,uniform
Optimal_QLRU,0.0732,0.9992612320096314,1.5575075323664869,irm,2,1000,10000,12,0.0,index,1000,uniform
qlearning_balancer[qlearn],0.1316,0.9999987516868166,0.0640154055708274,irm,2,1000,10000,12,0.0,index,1000,uniform
qlearning_balancer[lru],0.2075,0.9999818145787095,0.24433497166584817,irm,2,1000,10000,12,0.0,index,1000,uniform
qlearning_balancer[oracle],0.2013,0.9992526778049832,1.566501014900725,irm,2,1000,10000,12,0.0,index,1000,uniform
qlearning_balancer[nocache],0.0,0.9979276203352802,2.609200249748632,irm,2,1000,10000,12,0.0,index,1000,uniform
Optimal_QLRU,0.0355,0.9999294763234895,0.48116630775904984,irm,2,1000,10000,8,0.0,index,1000,uniform
qlearning_balancer[qlearn],0.0806,0.9981237882883286,2.4825582758044606,irm,2,1000,10000,8,0.0,index,1000,uniform
qlearning_balancer[lru],0.1896,0.9998738930585339,0.643429927427785,irm,2,1000,10000,8,0.0,index,1000,uniform
qlearning_balancer[oracle],0.1871,0.9999971502660623,0.09672193935615925,irm,2,1000,10000,8,0.0,index,1000,uniform
qlearning_balancer[nocache],0.0,0.9943742111087834,4.301524479478743,irm,2,1000,10000,8,0.0,index,1000,uniform
Optimal_QLRU,0.0474,0.9998761953931993,0.6375290761732969,irm,2,1000,10000,10,0.0,index,1000,uniform
qlearning_balancer[qlearn],0.0774,0.9989672290806666,1.8416174249154238,irm,2,1000,10000,10,0.0,index,1000,uniform
qlearning_balancer[lru],0.1968,0.9997561635453155,0.8947250590806164,irm,2,1000,10000,10,0.0,index,1000,uniform
qlearning_balancer[oracle],0.2013,0.9992597110079497,1.5591104292301656,irm,2,1000,10000,10,0.0,index,1000,uniform
qlearning_balancer[nocache],0.0,0.9977244563080204,2.7341986761577064,irm,2,1000,10000,10,0.0,index,1000,uniform
Optimal_QLRU,0.042,0.9989940438548811,1.8175442658611736,irm,2,1000,10000,13,0.0,index,1000,uniform
qlearning_balancer[qlearn],0.116,0.9978954072899014,2.6294148810728557,irm,2,1000,10000,13,0.0,index,1000,uniform
qlearning_balancer[lru],0.1873,0.9995257151794675,1.2478907942310427,irm,2,1000,10000,13,0.0,index,1000,uniform
qlearning_balancer[oracle],0.1893,0.9997154932297124,0.9664725656572004,irm,2,1000,10000,13,0.0,index,1000,uniform
qlearning_balancer[nocache],0.0,0.9983531729428483,2.3257653858272116,irm,2,1000,10000,13,0.0,index,1000,uniform
Optimal_QLRU,0.0185,0.9996293346475467,1.103164968238151,irm,2,1000,10000,9,0.0,index,1000,uniform
qlearning_balancer[qlearn],0.0843,0.9858131988621224,6.840646238956712,irm,2,1000,10000,9,0.0,index,1000,uniform
qlearning_balancer[lru],0.1919,0.9844464518032722,7.164232169109993,irm,2,1000,10000,9,0.0,index,1000,uniform
qlearning_balancer[oracle],0.1954,0.9849006264498711,7.058316491855996,irm,2,1000,10000,9,0.0,index,1000,uniform
qlearning_balancer[nocache],0.0,0.9959149456183684,3.6645249554677877,irm,2,1000,10000,9,0.0,index,1000,uniform
Optimal_QLRU,0.0619,0.9992959645041021,1.52044558999275,irm,2,1000,10000,18,0.0,index,1000,uniform
qlearning_balancer[qlearn],0.1133,0.993026721239039,4.790128721824334,irm,2,1000,10000,18,0.0,index,1000,uniform
qlearning_balancer[lru],0.201,0.9922692595174896,5.044223745594231,irm,2,1000,10000,18,0.0,index,1000,uniform
qlearning_balancer[oracle],0.1979,0.9948926900533087,4.098161918506914,irm,2,1000,10000,18,0.0,index,1000,uniform
qlearning_balancer[nocache],0.0,0.9888702747654566,6.055831156913852,irm,2,1000,10000,18,0.0,index,1000,uniform
Optimal_QLRU,0.0566,0.9999762253794479,0.2793708893954924,irm,2,1000,10000,17,0.0,index,1000,uniform
qlearning_balancer[qlearn],0.1205,0.9943494612268853,4.310993933914906,irm,2,1000,10000,17,0.0,index,1000,uniform
qlearning_balancer[lru],0.1976,0.9808350165462879,7.95744997183013,irm,2,1000,10000,17,0.0,index,1000,uniform
qlearning_balancer[oracle],0.1979,0.98046906116602,8.033561509451841,irm,2,1000,10000,17,0.0,index,1000,uniform
qlearning_balancer[nocache],0.0,0.9946150547140088,4.208272238660335,irm,2,1000,10000,17,0.0,index,1000,uniform
Optimal_QLRU,0.0626,0.9999078288323611,0.5500812587765594,irm,2,1000,10000,16,0.0,index,1000,uniform
qlearning_balancer[qlearn],0.1641,0.9999155681500812,0.5264800225674604,irm,2,1000,10000,16,0.0,index,1000,uniform
qlearning_balancer[lru],0.2069,0.9990628838665808,1.7542326659541165,irm,2,1000,10000,16,0.0,index,1000,uniform
qlearning_balancer[oracle],0.2006,0.9989618036555938,1.8464500168964997,irm,2,1000,10000,16,0.0,index,1000,uniform
qlearning_balancer[nocache],0.0,0.9997901367871914,0.8300533039777701,irm,2,1000,10000,16,0.0,index,1000,uniform
Optimal_QLRU,0.0462,0.9989035644914591,1.897551505920726,irm,2,1000,10000,14,0.0,index,1000,uniform
qlearning_balancer[qlearn],0.1199,0.9868640287269991,6.581261596640619,irm,2,1000,10000,14,0.0,index,1000,uniform
qlearning_balancer[lru],0.1952,0.9865581619397028,6.657784684499995,irm,2,1000,10000,14,0.0,index,1000,uniform
qlearning_balancer[oracle],0.1908,0.9839896836460214,7.26922845905623,irm,2,1000,10000,14,0.0,index,1000,uniform
qlearning_balancer[nocache],0.0,0.9714104417694143,9.734592524891772,irm,2,1000,10000,14,0.0,index,1000,uniform
Optimal_QLRU,0.0196,0.999411032340401,1.3906280866193674,irm,2,1000,10000,15,0.0,index,1000,uniform
qlearning_balancer[qlearn],0.1204,0.9996430622527823,1.0825418904129345,irm,2,1000,10000,15,0.0,index,1000,uniform
qlearning_balancer[lru],0.197,0.9997959590507847,0.8184573819560241,irm,2,1000,10000,15,0.0,index,1000,uniform
qlearning_balancer[oracle],0.2008,0.999610993937792,1.1301314952610313,irm,2,1000,10000,15,0.0,index,1000,uniform
qlearning_balancer[nocache],0.0,0.9992267612860317,1.5934388885281594,irm,2,1000,10000,15,0.0,index,1000,uniform
Optimal_QLRU,0.0568,0.999993525412755,0.14579047291813174,irm,2,1000,10000,20,0.0,index,1000,uniform
qlearning_balancer[qlearn],0.168,0.9832145600867991,7.4440882765787215,irm,2,1000,10000,20,0.0,index,1000,uniform
qlearning_balancer[lru],0.1986,0.9987957468582344,1.9886975178427637,irm,2,1000,10000,20,0.0,index,1000,uniform
qlearning_balancer[oracle],0.198,0.9930829170611866,4.770743572116332,irm,2,1000,10000,20,0.0,index,1000,uniform
qlearning_balancer[nocache],0.0,0.9847776026166586,7.087159320397612,irm,2,1000,10000,20,0.0,index,1000,uniform
Optimal_QLRU,0.047,0.9996743660716216,1.033977360241827,irm,2,1000,10000,21,0.0,index,1000,uniform
qlearning_balancer[qlearn],0.1233,0.9980918258381163,2.503628304842278,irm,2,1000,10000,21,0.0,index,1000,uniform
qlearning_balancer[lru],0.203,0.999929027421981,0.4826952889294604,irm,2,1000,10000,21,0.0,index,1000,uniform
qlearning_balancer[oracle],0.203,0.9994719161336034,1.3167772467161065,irm,2,1000,10000,21,0.0,index,1000,uniform
qlearning_balancer[nocache],0.0,0.9967105823925532,3.2879145529316043,irm,2,1000,10000,21,0.0,index,1000,uniform
Optimal_QLRU,0.0542,0.9989679515083726,1.8409729807470359,irm,2,1000,10000,24,0.0,index,1000,uniform
qlearning_balancer[qlearn],0.0958,0.9937546437531617,4.532672419567193,irm,2,1000,10000,24,0.0,index,1000,uniform
qlearning_balancer[lru],0.1982,0.997307360345244,2.974451168912947,irm,2,1000,10000,24,0.0,index,1000,uniform
qlearning_balancer[oracle],0.1993,0.9949166093707246,4.088537733480908,irm,2,1000,10000,24,0.0,index,1000,uniform
qlearning_balancer[nocache],0.0,0.994790203632208,4.139146774423869,irm,2,1000,10000,24,0.0,index,1000,uniform
Optimal_QLRU,0.0345,0.9975447323019727,2.8402066237402885,irm,2,1000,10000,19,0.0,index,1000,uniform
qlearning_balancer[qlearn],0.144,0.9958191753329596,3.7072911371983865,irm,2,1000,10000,19,0.0,index,1000,uniform
qlearning_balancer[lru],0.1915,0.9953323327741238,3.9175181046338157,irm,2,1000,10000,19,0.0,index,1000,uniform
qlearning_balancer[oracle],0.1896,0.9937584878548458,4.531274327620657,irm,2,1000,10000,19,0.0,index,1000,uniform
qlearning_balancer[nocache],0.0,0.9966515419422993,3.317322785276834,irm,2,1000,10000,19,0.0,index,1000,uniform
Optimal_QLRU,0.0527,0.9996350582468693,1.0946135712516982,irm,2,1000,10000,28,0.0,index,1000,uniform
qlearning_balancer[qlearn],0.1182,0.9844935022907412,7.153331087261675,irm,2,1000,10000,28,0.0,index,1000,uniform
qlearning_balancer[lru],0.1941,0.9852650619355117,6.972188975219415,irm,2,1000,10000,28,0.0,index,1000,uniform
qlearning_balancer[oracle],0.1981,0.988874460953382,6.054687910471774,irm,2,1000,10000,28,0.0,index,1000,uniform
qlearning_balancer[nocache],0.0,0.9816552994923387,7.784214630410201,irm,2,1000,10000,28,0.0,index,1000,uniform
Optimal_QLRU,0.0231,0.9996178793298935,1.1200839146438168,irm,2,1000,10000,22,0.0,index,1000,uniform
qlearning_balancer[qlearn],0.0733,0.9946236518960144,4.204905548874272,irm,2,1000,10000,22,0.0,index,1000,uniform
qlearning_balancer[lru],0.1929,0.9925585864059385,4.948692370481351,irm,2,1000,10000,22,0.0,index,1000,uniform
qlearning_balancer[oracle],0.1949,0.9949977823861081,4.0557078325181415,irm,2,1000,10000,22,0.0,index,1000,uniform
qlearning_balancer[nocache],0.0,0.9882784144764126,6.215383343893449,irm,2,1000,10000,22,0.0,index,1000,uniform
Optimal_QLRU,0.0317,0.9999869349658006,0.20709940613300637,irm,2,1000,10000,23,0.0,index,1000,uniform
qlearning_balancer[qlearn],0.1253,0.9931029225490464,4.763823673928767,irm,2,1000,10000,23,0.0,index,1000,uniform
qlearning_balancer[lru],0.199,0.9921827163495502,5.072452986151792,irm,2,1000,10000,23,0.0,index,1000,uniform
qlearning_balancer[oracle],0.1979,0.986771715725825,6.604448614970247,irm,2,1000,10000,23,0.0,index,1000,uniform
qlearning_balancer[nocache],0.0,0.9940856042136856,4.4106932394382055,irm,2,1000,10000,23,0.0,index,1000,uniform
Optimal_QLRU,0.0656,0.9999934028864571,0.14716349362261652,irm,2,3000,10000,1,0.0,index,3000,uniform
qlearning_balancer[qlearn],0.1285,0.9887147441768587,6.098156868907632,irm,2,3000,10000,1,0.0,index,3000,uniform
qlearning_balancer[lru],0.2756,0.996095790333518,3.582384524593005,irm,2,3000,10000,1,0.0,index,3000,uniform
qlearning_balancer[oracle],0.2511,0.9993063455426885,1.509191825644161,irm,2,3000,10000,1,0.0,index,3000,uniform
qlearning_balancer[nocache],0.0,0.9976272973352907,2.792004943863869,irm,2,3000,10000,1,0.0,index,3000,uniform
Optimal_QLRU,0.0393,0.9976224136326438,2.794879119192065,irm,2,1000,10000,25,0.0,index,1000,uniform
qlearning_balancer[qlearn],0.1529,0.9937500688260512,4.534335754122851,irm,2,1000,10000,25,0.0,index,1000,uniform
qlearning_balancer[lru],0.2024,0.9914621321969223,5.301726020222572,irm,2,1000,10000,25,0.0,index,1000,uniform
qlearning_balancer[oracle],0.2034,0.9949234213349445,4.085792749999027,irm,2,1000,10000,25,0.0,index,1000,uniform
qlearning_balancer[nocache],0.0,0.9912217464991241,5.376060381221891,irm,2,1000,10000,25,0.0,index,1000,uniform
Optimal_QLRU,0.0135,0.9996484423350414,1.074351434130752,irm,2,1000,10000,26,0.0,index,1000,uniform
qlearning_balancer[qlearn],0.12,0.9928746164483131,4.842212685362361,irm,2,1000,10000,26,0.0,index,1000,uniform
qlearning_balancer[lru],0.194,0.9937197033099745,4.545360633994141,irm,2,1000,10000,26,0.0,index,1000,uniform
qlearning_balancer[oracle],0.1956,0.9946138809725348,4.208731672933877,irm,2,1000,10000,26,0.0,index,1000,uniform
qlearning_balancer[nocache],0.0,0.9998296934320544,0.7477400779104524,irm,2,1000,10000,26,0.0,index,1000,uniform
Optimal_QLRU,0.0622,0.999999954518004,0.012219189299234627,irm,2,3000,10000,2,0.0,index,3000,uniform
qlearning_balancer[qlearn],0.189,0.9999046579457626,0.5594635364347336,irm,2,3000,10000,2,0.0,index,3000,uniform
qlearning_balancer[lru],0.2737,0.9999962927857436,0.11031809253457144,irm,2,3000,10000,2,0.0,index,3000,uniform
qlearning_balancer[oracle],0.24,0.9965846943288744,3.350309588435558,irm,2,3000,10000,2,0.0,index,3000,uniform
qlearning_balancer[nocache],0.0,0.9980814770632824,2.5104125385703817,irm,2,3000,10000,2,0.0,index,3000,uniform
Optimal_QLRU,0.0831,0.9991653869266208,1.6554865391191917,irm,2,1000,10000,27,0.0,index,1000,uniform
qlearning_balancer[qlearn],0.1145,0.9992101003574032,1.6105187394172744,irm,2,1000,10000,27,0.0,index,1000,uniform
qlearning_balancer[lru],0.1971,0.9999272383391068,0.48874148175167187,irm,2,1000,10000,27,0.0,index,1000,uniform
qlearning_balancer[oracle],0.2033,0.9999911824000056,0.17013688116678757,irm,2,1000,10000,27,0.0,index,1000,uniform
qlearning_balancer[nocache],0.0,0.9967714192672158,3.2573350117739523,irm,2,1000,10000,27,0.0,index,1000,uniform
Optimal_QLRU,0.0431,0.9990504925840443,1.7657961456771072,irm,2,1000,10000,29,0.0,index,1000,uniform
qlearning_balancer[qlearn],0.1656,0.99996060665646,0.35961426067632757,irm,2,1000,10000,29,0.0,index,1000,uniform
qlearning_balancer[lru],0.1977,0.9998449677630183,0.713419312143291,irm,2,1000,10000,29,0.0,index,1000,uniform
qlearning_balancer[oracle],0.201,0.9999885578865069,0.1938101805829479,irm,2,1000,10000,29,0.0,index,1000,uniform
qlearning_balancer[nocache],0.0,0.9995850110431951,1.167268981304414,irm,2,1000,10000,29,0.0,index,1000,uniform
Optimal_QLRU,0.0493,0.9999893675883599,0.1868268507304089,irm,2,3000,10000,3,0.0,index,3000,uniform
qlearning_balancer[qlearn],0.2176,0.9957746569198347,3.727004667904341,irm,2,3000,10000,3,0.0,index,3000,uniform
qlearning_balancer[lru],0.2824,0.9912605837374756,5.364119719140625,irm,2,3000,10000,3,0.0,index,3000,uniform
qlearning_balancer[oracle],0.2527,0.9978282827199233,2.6710474021598327,irm,2,3000,10000,3,0.0,index,3000,uniform
qlearning_balancer[nocache],0.0,0.9975909429793045,2.813330145417003,irm,2,3000,10000,3,0.0,index,3000,uniform
Optimal_QLRU,0.0623,0.9999990787939388,0.05499219977137065,irm,2,3000,10000,0,0.0,index,3000,uniform
qlearning_balancer[qlearn],0.1095,0.9999200898292425,0.5121880552027916,irm,2,3000,10000,0,0.0,index,3000,uniform
qlearning_balancer[lru],0.2786,0.9997188255748654,0.960795354447045,irm,2,3000,10000,0,0.0,index,3000,uniform
qlearning_balancer[oracle],0.2485,0.9998645775298896,0.6667726856479745,irm,2,3000,10000,0,0.0,index,3000,uniform
qlearning_balancer[nocache],0.0,0.9987845606507879,1.9979163190137657,irm,2,3000,10000,0,0.0,index,3000,uniform
Optimal_QLRU,0.0365,0.9990886471333092,1.7299434326586411,irm,2,3000,10000,5,0.0,index,3000,uniform
qlearning_balancer[qlearn],0.1441,0.9820429253517463,7.701030556644247,irm,2,3000,10000,5,0.0,index,3000,uniform
qlearning_balancer[lru],0.2819,0.9693902936766583,10.076114951198429,irm,2,3000,10000,5,0.0,index,3000,uniform
qlearning_balancer[oracle],0.2524,0.9885662131698943,6.138309393364971,irm,2,3000,10000,5,0.0,index,3000,uniform
qlearning_balancer[nocache],0.0,0.9935147552390315,4.619089274746978,irm,2,3000,10000,5,0.0,index,3000,uniform
Optimal_QLRU,0.0367,0.9994052229278317,1.3974709944993426,irm,2,3000,10000,4,0.0,index,3000,uniform
qlearning_balancer[qlearn],0.1462,0.9809884167708928,7.925333997640832,irm,2,3000,10000,4,0.0,index,3000,uniform
qlearning_balancer[lru],0.2713,0.9858786741319633,6.824767166655299,irm,2,3000,10000,4,0.0,index,3000,uniform
qlearning_balancer[oracle],0.2388,0.9864251032001554,6.690805607722082,irm,2,3000,10000,4,0.0,index,3000,uniform
qlearning_balancer[nocache],0.0,0.9877329313120696,6.35894358434277,irm,2,3000,10000,4,0.0,index,3000,uniform
Optimal_QLRU,0.0355,0.9999294763234895,0.48116630775904984,irm,2,3000,10000,8,0.0,index,3000,uniform
qlearning_balancer[qlearn],0.1012,0.9984244282792822,2.2748660567546337,irm,2,3000,10000,8,0.0,index,3000,uniform
qlearning_balancer[lru],0.2695,0.9998602692057458,0.6772964679715062,irm,2,3000,10000,8,0.0,index,3000,uniform
qlearning_balancer[oracle],0.2341,0.9983637852449568,2.318255447962762,irm,2,3000,10000,8,0.0,index,3000,uniform
qlearning_balancer[nocache],0.0,0.9943742111087834,4.301524479478743,irm,2,3000,10000,8,0.0,index,3000,uniform
Optimal_QLRU,0.0392,0.9988500749946386,1.9433036251299,irm,2,3000,10000,11,0.0,index,3000,uniform
qlearning_balancer[qlearn],0.1917,0.9894441774124723,5.89706213923968,irm,2,3000,10000,11,0.0,index,3000,uniform
qlearning_balancer[lru],0.2798,0.9968571436296451,3.213754143413263,irm,2,3000,10000,11,0.0,index,3000,uniform
qlearning_balancer[oracle],0.2482,0.9993557548107904,1.45443684377112,irm,2,3000,10000,11,0.0,index,3000,uniform
qlearning_balancer[nocache],0.0,0.9996464825690872,1.0773421223573725,irm,2,3000,10000,11,0.0,index,3000,uniform
Optimal_QLRU,0.0462,0.9989035644914591,1.897551505920726,irm,2,3000,10000,14,0.0,index,3000,uniform
qlearning_balancer[qlearn],0.1741,0.9788291481511212,8.366353920165313,irm,2,3000,10000,14,0.0,index,3000,uniform
qlearning_balancer[lru],0.2706,0.9868345235768432,6.5886813640439845,irm,2,3000,10000,14,0.0,index,3000,uniform
qlearning_balancer[oracle],0.2367,0.9798470156620979,8.161348782399171,irm,2,3000,10000,14,0.0,index,3000,uniform
qlearning_balancer[nocache],0.0,0.9714104417694143,9.734592524891772,irm,2,3000,10000,14,0.0,index,3000,uniform
Optimal_QLRU,0.0595,0.999936411686006,0.4568944580132404,irm,2,3000,10000,6,0.0,index,3000,uniform
qlearning_balancer[qlearn],0.1496,0.9998319769175406,0.7427099958559706,irm,2,3000,10000,6,0.0,index,3000,uniform
qlearning_balancer[lru],0.2813,0.9997730775482224,0.8631331418344311,irm,2,3000,10000,6,0.0,index,3000,uniform
qlearning_balancer[oracle],0.2522,0.9992271369790893,1.5930516400633006,irm,2,3000,10000,6,0.0,index,3000,uniform
qlearning_balancer[nocache],0.0,0.9999412726383657,0.43908351123381445,irm,2,3000,10000,6,0.0,index,3000,uniform
Optimal_QLRU,0.0581,0.9998757446670006,0.6386885721170196,irm,2,3000,10000,7,0.0,index,3000,uniform
qlearning_balancer[qlearn],0.093,0.9998966583130307,0.5824623877093208,irm,2,3000,10000,7,0.0,index,3000,uniform
qlearning_balancer[lru],0.2744,0.9992173999531663,1.603057978395549,irm,2,3000,10000,7,0.0,index,3000,uniform
qlearning_balancer[oracle],0.2493,0.9999410201698825,0.4400263259141092,irm,2,3000,10000,7,0.0,index,3000,uniform
qlearning_balancer[nocache],0.0,0.9991061824532974,1.7132146850623262,irm,2,3000,10000,7,0.0,index,3000,uniform
Optimal_QLRU,0.0626,0.9999078288323611,0.5500812587765594,irm,2,3000,10000,16,0.0,index,3000,uniform
qlearning_balancer[qlearn],0.1898,0.9936413108178211,4.5737009498415135,irm,2,3000,10000,16,0.0,index,3000,uniform
qlearning_balancer[lru],0.2808,0.9973577472913177,2.9464647276584444,irm,2,3000,10000,16,0.0,index,3000,uniform
qlearning_balancer[oracle],0.2465,0.9889984133685992,6.020739641966918,irm,2,3000,10000,16,0.0,index,3000,uniform
qlearning_balancer[nocache],0.0,0.9997901367871914,0.8300533039777701,irm,2,3000,10000,16,0.0,index,3000,uniform
Optimal_QLRU,0.0185,0.9996293346475467,1.103164968238151,irm,2,3000,10000,9,0.0,index,3000,uniform
qlearning_balancer[qlearn],0.1262,0.9962205839848036,3.5245926000572547,irm,2,3000,10000,9,0.0,index,3000,uniform
qlearning_balancer[lru],0.2717,0.984556391317771,7.1387349379807254,irm,2,3000,10000,9,0.0,index,3000,uniform
qlearning_balancer[oracle],0.2427,0.9911269035915049,5.405110644219314,irm,2,3000,10000,9,0.0,index,3000,uniform
qlearning_balancer[nocache],0.0,0.9959149456183684,3.6645249554677877,irm,2,3000,10000,9,0.0,index,3000,uniform
Optimal_QLRU,0.0474,0.9998761953931993,0.6375290761732969,irm,2,3000,10000,10,0.0,index,3000,uniform
qlearning_balancer[qlearn],0.0998,0.9995675694077222,1.191549648817812,irm,2,3000,10000,10,0.0,index,3000,uniform
qlearning_balancer[lru],0.2759,0.999895089836786,0.5868660787026745,irm,2,3000,10000,10,0.0,index,3000,uniform
qlearning_balancer[oracle],0.2467,0.999994014051389,0.14018113040151872,irm,2,3000,10000,10,0.0,index,3000,uniform
qlearning_balancer[nocache],0.0,0.9977244563080204,2.7341986761577064,irm,2,3000,10000,10,0.0,index,3000,uniform
Optimal_QLRU,0.0732,0.9992612320096314,1.5575075323664869,irm,2,3000,10000,12,0.0,index,3000,uniform
qlearning_balancer[qlearn],0.137,0.9967888110675255,3.2485403787928564,irm,2,3000,10000,12,0.0,index,3000,uniform
qlearning_balancer[lru],0.2888,0.9996513022906887,1.069972023631581,irm,2,3000,10000,12,0.0,index,3000,uniform
qlearning_balancer[oracle],0.2508,0.9932251839131604,4.721315116866836,irm,2,3000,10000,12,0.0,index,3000,uniform
qlearning_balancer[nocache],0.0,0.9979276203352802,2.609200249748632,irm,2,3000,10000,12,0.0,index,3000,uniform
Optimal_QLRU,0.042,0.9989940438548811,1.8175442658611736,irm,2,3000,10000,13,0.0,index,3000,uniform
qlearning_balancer[qlearn],0.1553,0.9965315968281309,3.3762826035823434,irm,2,3000,10000,13,0.0,index,3000,uniform
qlearning_balancer[lru],0.2702,0.9954070700633982,3.885979912347872,irm,2,3000,10000,13,0.0,index,3000,uniform
qlearning_balancer[oracle],0.2428,0.9993581151517451,1.4517694950152848,irm,2,3000,10000,13,0.0,index,3000,uniform
qlearning_balancer[nocache],0.0,0.9983531729428483,2.3257653858272116,irm,2,3000,10000,13,0.0,index,3000,uniform
Optimal_QLRU,0.0196,0.999411032340401,1.3906280866193674,irm,2,3000,10000,15,0.0,index,3000,uniform
qlearning_balancer[qlearn],0.1891,0.9999922486067758,0.15951924224440234,irm,2,3000,10000,15,0.0,index,3000,uniform
qlearning_balancer[lru],0.2793,0.9998155860037138,0.7780955315151546,irm,2,3000,10000,15,0.0,index,3000,uniform
qlearning_balancer[oracle],0.2514,0.9999863956696663,0.2113305101812749,irm,2,3000,10000,15,0.0,index,3000,uniform
qlearning_balancer[nocache],0.0,0.9992267612860317,1.5934388885281594,irm,2,3000,10000,15,0.0,index,3000,uniform
Optimal_QLRU,0.0619,0.9992959645041021,1.52044558999275,irm,2,3000,10000,18,0.0,index,3000,uniform
qlearning_balancer[qlearn],0.1887,0.9955756383697378,3.813894784647084,irm,2,3000,10000,18,0.0,index,3000,uniform
qlearning_balancer[lru],0.2806,0.9926002940195641,4.934770184432801,irm,2,3000,10000,18,0.0,index,3000,uniform
qlearning_balancer[oracle],0.2469,0.9861084891740709,6.768743166176268,irm,2,3000,10000,18,0.0,index,3000,uniform
qlearning_balancer[nocache],0.0,0.9888702747654566,6.055831156913852,irm,2,3000,10000,18,0.0,index,3000,uniform
Optimal_QLRU,0.0345,0.9975447323019727,2.8402066237402885,irm,2,3000,10000,19,0.0,index,3000,uniform
qlearning_balancer[qlearn],0.1593,0.9997637889308839,0.8806226551645627,irm,2,3000,10000,19,0.0,index,3000,uniform
qlearning_balancer[lru],0.2687,0.9861191480923835,6.76613370500118,irm,2,3000,10000,19,0.0,index,3000,uniform
qlearning_balancer[oracle],0.2367,0.9925154153494288,4.963062335720054,irm,2,3000,10000,19,0.0,index,3000,uniform
qlearning_balancer[nocache],0.0,0.9966515419422993,3.317322785276834,irm,2,3000,10000,19,0.0,index,3000,uniform
Optimal_QLRU,0.0568,0.999993525412755,0.14579047291813174,irm,2,3000,10000,20,0.0,index,3000,uniform
qlearning_balancer[qlearn],0.1872,0.9898631066348543,5.778452487776333,irm,2,3000,10000,20,0.0,index,3000,uniform
qlearning_balancer[lru],0.2776,0.9956558742302059,3.779103340205366,irm,2,3000,10000,20,0.0,index,3000,uniform
qlearning_balancer[oracle],0.2424,0.994223414978484,4.358903243781261,irm,2,3000,10000,20,0.0,index,3000,uniform
qlearning_balancer[nocache],0.0,0.9847776026166586,7.087159320397612,irm,2,3000,10000,20,0.0,index,3000,uniform
Optimal_QLRU,0.0566,0.9999762253794479,0.2793708893954924,irm,2,3000,10000,17,0.0,index,3000,uniform
qlearning_balancer[qlearn],0.15,0.9913873026184156,5.324975480303588,irm,2,3000,10000,17,0.0,index,3000,uniform
qlearning_balancer[lru],0.2813,0.9766597836482217,8.787779261210565,irm,2,3000,10000,17,0.0,index,3000,uniform
qlearning_balancer[oracle],0.2469,0.9813515972705608,7.848787921395621,irm,2,3000,10000,17,0.0,index,3000,uniform
qlearning_balancer[nocache],0.0,0.9946150547140088,4.208272238660335,irm,2,3000,10000,17,0.0,index,3000,uniform
Optimal_QLRU,0.0317,0.9999869349658006,0.20709940613300637,irm,2,3000,10000,23,0.0,index,3000,uniform
qlearning_balancer[qlearn],0.1489,0.9827333633734018,7.550649254911232,irm,2,3000,10000,23,0.0,index,3000,uniform
qlearning_balancer[lru],0.2819,0.9857575812985855,6.8541062724448985,irm,2,3000,10000,23,0.0,index,3000,uniform
qlearning_balancer[oracle],0.2498,0.98038416774109,8.051117543823901,irm,2,3000,10000,23,0.0,index,3000,uniform
qlearning_balancer[nocache],0.0,0.9940856042136856,4.4106932394382055,irm,2,3000,10000,23,0.0,index,3000,uniform
Optimal_QLRU,0.0393,0.9976224136326438,2.794879119192065,irm,2,3000,10000,25,0.0,index,3000,uniform
qlearning_balancer[qlearn],0.1826,0.9927388656589063,4.8882324724652815,irm,2,3000,10000,25,0.0,index,3000,uniform
qlearning_balancer[lru],0.2805,0.9935991206468566,4.588881632681183,irm,2,3000,10000,25,0.0,index,3000,uniform
qlearning_balancer[oracle],0.2516,0.9939320815988971,4.467686485689434,irm,2,3000,10000,25,0.0,index,3000,uniform
qlearning_balancer[nocache],0.0,0.9912217464991241,5.376060381221891,irm,2,3000,10000,25,0.0,index,3000,uniform
Optimal_QLRU,0.0431,0.9990504925840443,1.7657961456771072,irm,2,3000,10000,29,0.0,index,3000,uniform
qlearning_balancer[qlearn],0.163,0.9994004199965411,1.4031031872199482,irm,2,3000,10000,29,0.0,index,3000,uniform
qlearning_balancer[lru],0.2771,0.9990994475682636,1.7196590109872092,irm,2,3000,10000,29,0.0,index,3000,uniform
qlearning_balancer[oracle],0.2476,0.9980658822888413,2.5206014331284528,irm,2,3000,10000,29,0.0,index,3000,uniform
qlearning_balancer[nocache],0.0,0.9995850110431951,1.167268981304414,irm,2,3000,10000,29,0.0,index,3000,uniform
Optimal_QLRU,0.047,0.9996743660716216,1.033977360241827,irm,2,3000,10000,21,0.0,index,3000,uniform
qlearning_balancer[qlearn],0.1836,0.9812219338925532,7.876199762908263,irm,2,3000,10000,21,0.0,index,3000,uniform
qlearning_balancer[lru],0.2872,0.99922745770637,1.59272097356717,irm,2,3000,10000,21,0.0,index,3000,uniform
qlearning_balancer[oracle],0.2511,0.9995111254685463,1.2669419926787322,irm,2,3000,10000,21,0.0,index,3000,uniform
qlearning_balancer[nocache],0.0,0.9967105823925532,3.2879145529316043,irm,2,3000,10000,21,0.0,index,3000,uniform
Optimal_QLRU,0.0231,0.9996178793298935,1.1200839146438168,irm,2,3000,10000,22,0.0,index,3000,uniform
qlearning_balancer[qlearn],0.1109,0.990252035651527,5.666145405240065,irm,2,3000,10000,22,0.0,index,3000,uniform
qlearning_balancer[lru],0.2779,0.9914156742442743,5.316172279983262,irm,2,3000,10000,22,0.0,index,3000,uniform
qlearning_balancer[oracle],0.2465,0.993098721994729,4.765277471401438,irm,2,3000,10000,22,0.0,index,3000,uniform
qlearning_balancer[nocache],0.0,0.9882784144764126,6.215383343893449,irm,2,3000,10000,22,0.0,index,3000,uniform
Optimal_QLRU,0.0623,0.9999990787939388,0.05499219977137065,irm,2,10000,10000,0,0.0,index,10000,uniform
qlearning_balancer[qlearn],0.1095,0.9999200898292425,0.5121880552027916,irm,2,10000,10000,0,0.0,index,10000,uniform
qlearning_balancer[lru],0.3127,0.9963415200369287,3.467673011250961,irm,2,10000,10000,0,0.0,index,10000,uniform
qlearning_balancer[oracle],0.2504,0.9999655869756086,0.33611395525002047,irm,2,10000,10000,0,0.0,index,10000,uniform
qlearning_balancer[nocache],0.0,0.9987845606507879,1.9979163190137657,irm,2,10000,10000,0,0.0,index,10000,uniform
Optimal_QLRU,0.0542,0.9989679515083726,1.8409729807470359,irm,2,3000,10000,24,0.0,index,3000,uniform
qlearning_balancer[qlearn],0.1495,0.9944124051387657,4.2868704754145535,irm,2,3000,10000,24,0.0,index,3000,uniform
qlearning_balancer[lru],0.2728,0.9976120789194275,2.8009516505848517,irm,2,3000,10000,24,0.0,index,3000,uniform
qlearning_balancer[oracle],0.2505,0.9974846067691241,2.874801181886588,irm,2,3000,10000,24,0.0,index,3000,uniform
qlearning_balancer[nocache],0.0,0.994790203632208,4.139146774423869,irm,2,3000,10000,24,0.0,index,3000,uniform
Optimal_QLRU,0.0135,0.9996484423350414,1.074351434130752,irm,2,3000,10000,26,0.0,index,3000,uniform
qlearning_balancer[qlearn],0.1651,0.9996757324731345,1.031805494237104,irm,2,3000,10000,26,0.0,index,3000,uniform
qlearning_balancer[lru],0.2788,0.9883308097698734,6.201421831754866,irm,2,3000,10000,26,0.0,index,3000,uniform
qlearning_balancer[oracle],0.2476,0.994862034595918,4.110463737351547,irm,2,3000,10000,26,0.0,index,3000,uniform
qlearning_balancer[nocache],0.0,0.9998296934320544,0.7477400779104524,irm,2,3000,10000,26,0.0,index,3000,uniform
Optimal_QLRU,0.0831,0.9991653869266208,1.6554865391191917,irm,2,3000,10000,27,0.0,index,3000,uniform
qlearning_balancer[qlearn],0.1271,0.9999439454074917,0.4289753030858559,irm,2,3000,10000,27,0.0,index,3000,uniform
qlearning_balancer[lru],0.2741,0.9997110731019765,0.9739519586676253,irm,2,3000,10000,27,0.0,index,3000,uniform
qlearning_balancer[oracle],0.2457,0.9999427025829655,0.4337048732354727,irm,2,3000,10000,27,0.0,index,3000,uniform
qlearning_balancer[nocache],0.0,0.9967714192672158,3.2573350117739523,irm,2,3000,10000,27,0.0,index,3000,uniform
Optimal_QLRU,0.0493,0.9999893675883599,0.1868268507304089,irm,2,10000,10000,3,0.0,index,10000,uniform
qlearning_balancer[qlearn],0.2199,0.989662748696854,5.835475594706949,irm,2,10000,10000,3,0.0,index,10000,uniform
qlearning_balancer[lru],0.3207,0.984014929181589,7.263464106788718,irm,2,10000,10000,3,0.0,index,10000,uniform
qlearning_balancer[oracle],0.2545,0.9976377846045117,2.785822947001374,irm,2,10000,10000,3,0.0,index,10000,uniform
qlearning_balancer[nocache],0.0,0.9975909429793045,2.813330145417003,irm,2,10000,10000,3,0.0,index,10000,uniform
Optimal_QLRU,0.0527,0.9996350582468693,1.0946135712516982,irm,2,3000,10000,28,0.0,index,3000,uniform
qlearning_balancer[qlearn],0.1247,0.9908300714961202,5.495049283100737,irm,2,3000,10000,28,0.0,index,3000,uniform
qlearning_balancer[lru],0.2752,0.9844294881144059,7.168158488713044,irm,2,3000,10000,28,0.0,index,3000,uniform
qlearning_balancer[oracle],0.249,0.9923704648476438,5.0110122817161145,irm,2,3000,10000,28,0.0,index,3000,uniform
qlearning_balancer[nocache],0.0,0.9816552994923387,7.784214630410201,irm,2,3000,10000,28,0.0,index,3000,uniform
Optimal_QLRU,0.0367,0.9994052229278317,1.3974709944993426,irm,2,10000,10000,4,0.0,index,10000,uniform
qlearning_balancer[qlearn],0.1484,0.9847708738626751,7.088733554929975,irm,2,10000,10000,4,0.0,index,10000,uniform
qlearning_balancer[lru],0.3075,0.9857614399246291,6.853173281596635,irm,2,10000,10000,4,0.0,index,10000,uniform
qlearning_balancer[oracle],0.2415,0.9852524756277696,6.975180888209288,irm,2,10000,10000,4,0.0,index,10000,uniform
qlearning_balancer[nocache],0.0,0.9877329313120696,6.35894358434277,irm,2,10000,10000,4,0.0,index,10000,uniform
Optimal_QLRU,0.0656,0.9999934028864571,0.14716349362261652,irm,2,10000,10000,1,0.0,index,10000,uniform
qlearning_balancer[qlearn],0.1285,0.9887147441768587,6.098156868907632,irm,2,10000,10000,1,0.0,index,10000,uniform
qlearning_balancer[lru],0.3123,0.9964457462163833,3.417861428665823,irm,2,10000,10000,1,0.0,index,10000,uniform
qlearning_balancer[oracle],0.2531,0.9994224173131802,1.3771191939823066,irm,2,10000,10000,1,0.0,index,10000,uniform
qlearning_balancer[nocache],0.0,0.9976272973352907,2.792004943863869,irm,2,10000,10000,1,0.0,index,10000,uniform
Optimal_QLRU,0.0365,0.9990886471333092,1.7299434326586411,irm,2,10000,10000,5,0.0,index,10000,uniform
qlearning_balancer[qlearn],0.1441,0.9820429253517463,7.701030556644247,irm,2,10000,10000,5,0.0,index,10000,uniform
qlearning_balancer[lru],0.3177,0.9827837646387257,7.539556892376657,irm,2,10000,10000,5,0.0,index,10000,uniform
qlearning_balancer[oracle],0.2542,0.986433109882737,6.688823131015112,irm,2,10000,10000,5,0.0,index,10000,uniform
qlearning_balancer[nocache],0.0,0.9935147552390315,4.619089274746978,irm,2,10000,10000,5,0.0,index,10000,uniform
Optimal_QLRU,0.0355,0.9999294763234895,0.48116630775904984,irm,2,10000,10000,8,0.0,index,10000,uniform
qlearning_balancer[qlearn],0.106,0.9999999855874898,0.006878479510561101,irm,2,10000,10000,8,0.0,index,10000,uniform
qlearning_balancer[lru],0.3058,0.9961747549343574,3.545924904238896,irm,2,10000,10000,8,0.0,index,10000,uniform
qlearning_balancer[oracle],0.2361,0.9992282456124535,1.5919083592533965,irm,2,10000,10000,8,0.0,index,10000,uniform
qlearning_balancer[nocache],0.0,0.9943742111087834,4.301524479478743,irm,2,10000,10000,8,0.0,index,10000,uniform
Optimal_QLRU,0.0622,0.999999954518004,0.012219189299234627,irm,2,10000,10000,2,0.0,index,10000,uniform
qlearning_balancer[qlearn],0.189,0.9999046579457626,0.5594635364347336,irm,2,10000,10000,2,0.0,index,10000,uniform
qlearning_balancer[lru],0.3085,0.9976449787728546,2.781574234952382,irm,2,10000,10000,2,0.0,index,10000,uniform
qlearning_balancer[oracle],0.2424,0.9949463817603759,4.076526978906878,irm,2,10000,10000,2,0.0,index,10000,uniform
qlearning_balancer[nocache],0.0,0.9980814770632824,2.5104125385703817,irm,2,10000,10000,2,0.0,index,10000,uniform
Optimal_QLRU,0.0595,0.999936411686006,0.4568944580132404,irm,2,10000,10000,6,0.0,index,10000,uniform
qlearning_balancer[qlearn],0.1496,0.9998319769175406,0.7427099958559706,irm,2,10000,10000,6,0.0,index,10000,uniform
qlearning_balancer[lru],0.3165,0.9999629241674737,0.3488757410308347,irm,2,10000,10000,6,0.0,index,10000,uniform
qlearning_balancer[oracle],0.254,0.9990128174509381,1.800498847424757,irm,2,10000,10000,6,0.0,index,10000,uniform
qlearning_balancer[nocache],0.0,0.9999412726383657,0.43908351123381445,irm,2,10000,10000,6,0.0,index,10000,uniform
Optimal_QLRU,0.0581,0.9998757446670006,0.6386885721170196,irm,2,10000,10000,7,0.0,index,10000,uniform
qlearning_balancer[qlearn],0.093,0.9998966583130307,0.5824623877093208,irm,2,10000,10000,7,0.0,index,10000,uniform
qlearning_balancer[lru],0.3123,0.9987108295470954,2.0576483742225657,irm,2,10000,10000,7,0.0,index,10000,uniform
qlearning_balancer[oracle],0.2504,0.9998678067892165,0.6587744952055621,irm,2,10000,10000,7,0.0,index,10000,uniform
qlearning_balancer[nocache],0.0,0.9991061824532974,1.7132146850623262,irm,2,10000,10000,7,0.0,index,10000,uniform
Optimal_QLRU,0.0185,0.9996293346475467,1.103164968238151,irm,2,10000,10000,9,0.0,index,10000,uniform
qlearning_balancer[qlearn],0.1312,0.9975384851849664,2.843820567196204,irm,2,10000,10000,9,0.0,index,10000,uniform
qlearning_balancer[lru],0.3074,0.9884196712014043,6.17767236780291,irm,2,10000,10000,9,0.0,index,10000,uniform
qlearning_balancer[oracle],0.2464,0.9904119965768253,5.619312417227363,irm,2,10000,10000,9,0.0,index,10000,uniform
qlearning_balancer[nocache],0.0,0.9959149456183684,3.6645249554677877,irm,2,10000,10000,9,0.0,index,10000,uniform
Optimal_QLRU,0.0196,0.999411032340401,1.3906280866193674,irm,2,10000,10000,15,0.0,index,10000,uniform
qlearning_balancer[qlearn],0.1862,0.9982016872612054,2.430443305949149,irm,2,10000,10000,15,0.0,index,10000,uniform
qlearning_balancer[lru],0.3152,0.9989558966741587,1.851697224684413,irm,2,10000,10000,15,0.0,index,10000,uniform
qlearning_balancer[oracle],0.2534,0.9995546519783969,1.209218093023,irm,2,10000,10000,15,0.0,index,10000,uniform
qlearning_balancer[nocache],0.0,0.9992267612860317,1.5934388885281594,irm,2,10000,10000,15,0.0,index,10000,uniform
Optimal_QLRU,0.0474,0.9998761953931993,0.6375290761732969,irm,2,10000,10000,10,0.0,index,10000,uniform
qlearning_balancer[qlearn],0.1007,0.9997560707399173,0.8948953251868142,irm,2,10000,10000,10,0.0,index,10000,uniform
qlearning_balancer[lru],0.3124,0.999852212965099,0.6965487193579462,irm,2,10000,10000,10,0.0,index,10000,uniform
qlearning_balancer[oracle],0.2491,0.9997333670382627,0.9356186113892183,irm,2,10000,10000,10,0.0,index,10000,uniform
qlearning_balancer[nocache],0.0,0.9977244563080204,2.7341986761577064,irm,2,10000,10000,10,0.0,index,10000,uniform
Optimal_QLRU,0.0626,0.9999078288323611,0.5500812587765594,irm,2,10000,10000,16,0.0,index,10000,uniform
qlearning_balancer[qlearn],0.1898,0.9936413108178211,4.5737009498415135,irm,2,10000,10000,16,0.0,index,10000,uniform
qlearning_balancer[lru],0.3141,0.9891226580530026,5.986521003307077,irm,2,10000,10000,16,0.0,index,10000,uniform
qlearning_balancer[oracle],0.2481,0.9848248876351469,7.076087015661747,irm,2,10000,10000,16,0.0,index,10000,uniform
qlearning_balancer[nocache],0.0,0.9997901367871914,0.8300533039777701,irm,2,10000,10000,16,0.0,index,10000,uniform
Optimal_QLRU,0.0392,0.9988500749946386,1.9433036251299,irm,2,10000,10000,11,0.0,index,10000,uniform
qlearning_balancer[qlearn],0.1932,0.9943311306970314,4.317994020577933,irm,2,10000,10000,11,0.0,index,10000,uniform
qlearning_balancer[lru],0.3166,0.999993241491644,0.14895275805172312,irm,2,10000,10000,11,0.0,index,10000,uniform
qlearning_balancer[oracle],0.2508,0.9982464578985305,2.3999806403388746,irm,2,10000,10000,11,0.0,index,10000,uniform
qlearning_balancer[nocache],0.0,0.9996464825690872,1.0773421223573725,irm,2,10000,10000,11,0.0,index,10000,uniform
Optimal_QLRU,0.0566,0.9999762253794479,0.2793708893954924,irm,2,10000,10000,17,0.0,index,10000,uniform
qlearning_balancer[qlearn],0.15,0.9913873026184156,5.324975480303588,irm,2,10000,10000,17,0.0,index,10000,uniform
qlearning_balancer[lru],0.3155,0.9741635488293195,9.249689192720995,irm,2,10000,10000,17,0.0,index,10000,uniform
qlearning_balancer[oracle],0.2488,0.9846018855341014,7.128157772282237,irm,2,10000,10000,17,0.0,index,10000,uniform
qlearning_balancer[nocache],0.0,0.9946150547140088,4.208272238660335,irm,2,10000,10000,17,0.0,index,10000,uniform
Optimal_QLRU,0.0732,0.9992612320096314,1.5575075323664869,irm,2,10000,10000,12,0.0,index,10000,uniform
qlearning_balancer[qlearn],0.137,0.9967888110675255,3.2485403787928564,irm,2,10000,10000,12,0.0,index,10000,uniform
qlearning_balancer[lru],0.3239,0.9968574886022966,3.213577576040859,irm,2,10000,10000,12,0.0,index,10000,uniform
qlearning_balancer[oracle],0.2525,0.9899645846463682,5.749358420054119,irm,2,10000,10000,12,0.0,index,10000,uniform
qlearning_balancer[nocache],0.0,0.9979276203352802,2.609200249748632,irm,2,10000,10000,12,0.0,index,10000,uniform
Optimal_QLRU,0.042,0.9989940438548811,1.8175442658611736,irm,2,10000,10000,13,0.0,index,10000,uniform
qlearning_balancer[qlearn],0.1555,0.9976239035799903,2.794002562114132,irm,2,10000,10000,13,0.0,index,10000,uniform
qlearning_balancer[lru],0.3077,0.9999787154644219,0.26433596860207986,irm,2,10000,10000,13,0.0,index,10000,uniform
qlearning_balancer[oracle],0.2453,0.9999969966998317,0.09929382021763859,irm,2,10000,10000,13,0.0,index,10000,uniform
qlearning_balancer[nocache],0.0,0.9983531729428483,2.3257653858272116,irm,2,10000,10000,13,0.0,index,10000,uniform
Optimal_QLRU,0.0345,0.9975447323019727,2.8402066237402885,irm,2,10000,10000,19,0.0,index,10000,uniform
qlearning_balancer[qlearn],0.1763,0.9962171587334524,3.5261914105341146,irm,2,10000,10000,19,0.0,index,10000,uniform
qlearning_balancer[lru],0.3042,0.9814550623169419,7.8268474805160375,irm,2,10000,10000,19,0.0,index,10000,uniform
qlearning_balancer[oracle],0.2389,0.9875088267181591,6.4170076941922085,irm,2,10000,10000,19,0.0,index,10000,uniform
qlearning_balancer[nocache],0.0,0.9966515419422993,3.317322785276834,irm,2,10000,10000,19,0.0,index,10000,uniform
Optimal_QLRU,0.0462,0.9989035644914591,1.897551505920726,irm,2,10000,10000,14,0.0,index,10000,uniform
qlearning_balancer[qlearn],0.1746,0.9808736470642657,7.949374169105421,irm,2,10000,10000,14,0.0,index,10000,uniform
qlearning_balancer[lru],0.3082,0.9676201258705254,10.366502998077895,irm,2,10000,10000,14,0.0,index,10000,uniform
qlearning_balancer[oracle],0.2398,0.97638207268965,8.840321222941943,irm,2,10000,10000,14,0.0,index,10000,uniform
qlearning_balancer[nocache],0.0,0.9714104417694143,9.734592524891772,irm,2,10000,10000,14,0.0,index,10000,uniform
Optimal_QLRU,0.0619,0.9992959645041021,1.52044558999275,irm,2,10000,10000,18,0.0,index,10000,uniform
qlearning_balancer[qlearn],0.1915,0.9853877369310455,6.942961505373645,irm,2,10000,10000,18,0.0,index,10000,uniform
qlearning_balancer[lru],0.3136,0.992777041981132,4.875334104356684,irm,2,10000,10000,18,0.0,index,10000,uniform
qlearning_balancer[oracle],0.2481,0.9839851520946642,7.270262681805293,irm,2,10000,10000,18,0.0,index,10000,uniform
qlearning_balancer[nocache],0.0,0.9888702747654566,6.055831156913852,irm,2,10000,10000,18,0.0,index,10000,uniform
Optimal_QLRU,0.0231,0.9996178793298935,1.1200839146438168,irm,2,10000,10000,22,0.0,index,10000,uniform
qlearning_balancer[qlearn],0.1219,0.988232375637823,6.2276256546554,irm,2,10000,10000,22,0.0,index,10000,uniform
qlearning_balancer[lru],0.3157,0.9905780165846131,5.570294469353085,irm,2,10000,10000,22,0.0,index,10000,uniform
qlearning_balancer[oracle],0.249,0.9933723219513144,4.66964893697187,irm,2,10000,10000,22,0.0,index,10000,uniform
qlearning_balancer[nocache],0.0,0.9882784144764126,6.215383343893449,irm,2,10000,10000,22,0.0,index,10000,uniform
Optimal_QLRU,0.0542,0.9989679515083726,1.8409729807470359,irm,2,10000,10000,24,0.0,index,10000,uniform
qlearning_balancer[qlearn],0.1583,0.9911971523995033,5.383608399019795,irm,2,10000,10000,24,0.0,index,10000,uniform
qlearning_balancer[lru],0.3127,0.9926573208223611,4.9156712053804945,irm,2,10000,10000,24,0.0,index,10000,uniform
qlearning_balancer[oracle],0.2525,0.9975084559259451,2.8611289278315155,irm,2,10000,10000,24,0.0,index,10000,uniform
qlearning_balancer[nocache],0.0,0.994790203632208,4.139146774423869,irm,2,10000,10000,24,0.0,index,10000,uniform
Optimal_QLRU,0.0135,0.9996484423350414,1.074351434130752,irm,2,10000,10000,26,0.0,index,10000,uniform
qlearning_balancer[qlearn],0.1778,0.9993424938734924,1.4693326788995036,irm,2,10000,10000,26,0.0,index,10000,uniform
qlearning_balancer[lru],0.3144,0.9870882646006329,6.524601326410376,irm,2,10000,10000,26,0.0,index,10000,uniform
qlearning_balancer[oracle],0.2494,0.9930203357802349,4.792326516283654,irm,2,10000,10000,26,0.0,index,10000,uniform
qlearning_balancer[nocache],0.0,0.9998296934320544,0.7477400779104524,irm,2,10000,10000,26,0.0,index,10000,uniform
Optimal_QLRU,0.0568,0.999993525412755,0.14579047291813174,irm,2,10000,10000,20,0.0,index,10000,uniform
qlearning_balancer[qlearn],0.1872,0.9898631066348543,5.778452487776333,irm,2,10000,10000,20,0.0,index,10000,uniform
qlearning_balancer[lru],0.3137,0.9916899723127622,5.2303073341696145,irm,2,10000,10000,20,0.0,index,10000,uniform
qlearning_balancer[oracle],0.244,0.9900108975569855,5.736031982852826,irm,2,10000,10000,20,0.0,index,10000,uniform
qlearning_balancer[nocache],0.0,0.9847776026166586,7.087159320397612,irm,2,10000,10000,20,0.0,index,10000,uniform
Optimal_QLRU,0.0431,0.9990504925840443,1.7657961456771072,irm,2,10000,10000,29,0.0,index,10000,uniform
qlearning_balancer[qlearn],0.163,0.9994004199965411,1.4031031872199482,irm,2,10000,10000,29,0.0,index,10000,uniform
qlearning_balancer[lru],0.3102,0.9998333753853008,0.7396125518954534,irm,2,10000,10000,29,0.0,index,10000,uniform
qlearning_balancer[oracle],0.2497,0.9992552343438904,1.5638186054837957,irm,2,10000,10000,29,0.0,index,10000,uniform
qlearning_balancer[nocache],0.0,0.9995850110431951,1.167268981304414,irm,2,10000,10000,29,0.0,index,10000,uniform
Optimal_QLRU,0.047,0.9996743660716216,1.033977360241827,irm,2,10000,10000,21,0.0,index,10000,uniform
qlearning_balancer[qlearn],0.1827,0.9896865532731094,5.828729466820734,irm,2,10000,10000,21,0.0,index,10000,uniform
qlearning_balancer[lru],0.3182,0.9990684915825981,1.7489744782130239,irm,2,10000,10000,21,0.0,index,10000,uniform
qlearning_balancer[oracle],0.2528,0.9997261970458394,0.9481160919197262,irm,2,10000,10000,21,0.0,index,10000,uniform
qlearning_balancer[nocache],0.0,0.9967105823925532,3.2879145529316043,irm,2,10000,10000,21,0.0,index,10000,uniform
Optimal_QLRU,0.0317,0.9999869349658006,0.20709940613300637,irm,2,10000,10000,23,0.0,index,10000,uniform
qlearning_balancer[qlearn],0.1489,0.9827333633734018,7.550649254911232,irm,2,10000,10000,23,0.0,index,10000,uniform
qlearning_balancer[lru],0.3161,0.9801477647683472,8.099810663169666,irm,2,10000,10000,23,0.0,index,10000,uniform
qlearning_balancer[oracle],0.2519,0.9773728970248092,8.651445447447847,irm,2,10000,10000,23,0.0,index,10000,uniform
qlearning_balancer[nocache],0.0,0.9940856042136856,4.4106932394382055,irm,2,10000,10000,23,0.0,index,10000,uniform
Optimal_QLRU,0.0393,0.9976224136326438,2.794879119192065,irm,2,10000,10000,25,0.0,index,10000,uniform
qlearning_balancer[qlearn],0.1826,0.9927388656589063,4.8882324724652815,irm,2,10000,10000,25,0.0,index,10000,uniform
qlearning_balancer[lru],0.3164,0.9941303850171763,4.39393081054202,irm,2,10000,10000,25,0.0,index,10000,uniform
qlearning_balancer[oracle],0.2527,0.9920902667685254,5.102438090168787,irm,2,10000,10000,25,0.0,index,10000,uniform
qlearning_balancer[nocache],0.0,0.9912217464991241,5.376060381221891,irm,2,10000,10000,25,0.0,index,10000,uniform
Optimal_QLRU,0.0831,0.9991653869266208,1.6554865391191917,irm,2,10000,10000,27,0.0,index,10000,uniform
qlearning_balancer[qlearn],0.1271,0.9999439454074917,0.4289753030858559,irm,2,10000,10000,27,0.0,index,10000,uniform
qlearning_balancer[lru],0.306,0.9998399543000898,0.7248634848271466,irm,2,10000,10000,27,0.0,index,10000,uniform
qlearning_balancer[oracle],0.2479,0.9997743302084161,0.8607473259866952,irm,2,10000,10000,27,0.0,index,10000,uniform
qlearning_balancer[nocache],0.0,0.9967714192672158,3.2573350117739523,irm,2,10000,10000,27,0.0,index,10000,uniform
Optimal_QLRU,0.0527,0.9996350582468693,1.0946135712516982,irm,2,10000,10000,28,0.0,index,10000,uniform
qlearning_balancer[qlearn],0.1247,0.9908300714961202,5.495049283100737,irm,2,10000,10000,28,0.0,index,10000,uniform
qlearning_balancer[lru],0.3132,0.9940763071088122,4.414165431393375,irm,2,10000,10000,28,0.0,index,10000,uniform
qlearning_balancer[oracle],0.2511,0.9905035632415553,5.592329520226288,irm,2,10000,10000,28,0.0,index,10000,uniform
qlearning_balancer[nocache],0.0,0.9816552994923387,7.784214630410201,irm,2,10000,10000,28,0.0,index,10000,uniform
Optimal_QLRU,0.0622,0.999999954518004,0.012219189299234627,irm,2,30000,10000,2,0.0,index,30000,uniform
qlearning_balancer[qlearn],0.189,0.9999046579457626,0.5594635364347336,irm,2,30000,10000,2,0.0,index,30000,uniform
qlearning_balancer[lru],0.3085,0.9976449787728546,2.781574234952382,irm,2,30000,10000,2,0.0,index,30000,uniform
qlearning_balancer[oracle],0.2424,0.9949463817603759,4.076526978906878,irm,2,30000,10000,2,0.0,index,30000,uniform
qlearning_balancer[nocache],0.0,0.9980814770632824,2.5104125385703817,irm,2,30000,10000,2,0.0,index,30000,uniform
Optimal_QLRU,0.0623,0.9999990787939388,0.05499219977137065,irm,2,30000,10000,0,0.0,index,30000,uniform
qlearning_balancer[qlearn],0.1095,0.9999200898292425,0.5121880552027916,irm,2,30000,10000,0,0.0,index,30000,uniform
qlearning_balancer[lru],0.3127,0.9963415200369287,3.467673011250961,irm,2,30000,10000,0,0.0,index,30000,uniform
qlearning_balancer[oracle],0.2504,0.9999655869756086,0.33611395525002047,irm,2,30000,10000,0,0.0,index,30000,uniform
qlearning_balancer[nocache],0.0,0.9987845606507879,1.9979163190137657,irm,2,30000,10000,0,0.0,index,30000,uniform
Optimal_QLRU,0.0493,0.9999893675883599,0.1868268507304089,irm,2,30000,10000,3,0.0,index,30000,uniform
qlearning_balancer[qlearn],0.2199,0.989662748696854,5.835475594706949,irm,2,30000,10000,3,0.0,index,30000,uniform
qlearning_balancer[lru],0.3207,0.984014929181589,7.263464106788718,irm,2,30000,10000,3,0.0,index,30000,uniform
qlearning_balancer[oracle],0.2545,0.9976377846045117,2.785822947001374,irm,2,30000,10000,3,0.0,index,30000,uniform
qlearning_balancer[nocache],0.0,0.9975909429793045,2.813330145417003,irm,2,30000,10000,3,0.0,index,30000,uniform
Optimal_QLRU,0.0367,0.9994052229278317,1.3974709944993426,irm,2,30000,10000,4,0.0,index,30000,uniform
qlearning_balancer[qlearn],0.1484,0.9847708738626751,7.088733554929975,irm,2,30000,10000,4,0.0,index,30000,uniform
qlearning_balancer[lru],0.3075,0.9857614399246291,6.853173281596635,irm,2,30000,10000,4,0.0,index,30000,uniform
qlearning_balancer[oracle],0.2415,0.9852524756277696,6.975180888209288,irm,2,30000,10000,4,0.0,index,30000,uniform
qlearning_balancer[nocache],0.0,0.9877329313120696,6.35894358434277,irm,2,30000,10000,4,0.0,index,30000,uniform
Optimal_QLRU,0.0656,0.9999934028864571,0.14716349362261652,irm,2,30000,10000,1,0.0,index,30000,uniform
qlearning_balancer[qlearn],0.1285,0.9887147441768587,6.098156868907632,irm,2,30000,10000,1,0.0,index,30000,uniform
qlearning_balancer[lru],0.3123,0.9964457462163833,3.417861428665823,irm,2,30000,10000,1,0.0,index,30000,uniform
qlearning_balancer[oracle],0.2531,0.9994224173131802,1.3771191939823066,irm,2,30000,10000,1,0.0,index,30000,uniform
qlearning_balancer[nocache],0.0,0.9976272973352907,2.792004943863869,irm,2,30000,10000,1,0.0,index,30000,uniform
Optimal_QLRU,0.0595,0.999936411686006,0.4568944580132404,irm,2,30000,10000,6,0.0,index,30000,uniform
qlearning_balancer[qlearn],0.1496,0.9998319769175406,0.7427099958559706,irm,2,30000,10000,6,0.0,index,30000,uniform
qlearning_balancer[lru],0.3165,0.9999629241674737,0.3488757410308347,irm,2,30000,10000,6,0.0,index,30000,uniform
qlearning_balancer[oracle],0.254,0.9990128174509381,1.800498847424757,irm,2,30000,10000,6,0.0,index,30000,uniform
qlearning_balancer[nocache],0.0,0.9999412726383657,0.43908351123381445,irm,2,30000,10000,6,0.0,index,30000,uniform
Optimal_QLRU,0.0355,0.9999294763234895,0.48116630775904984,irm,2,30000,10000,8,0.0,index,30000,uniform
qlearning_balancer[qlearn],0.106,0.9999999855874898,0.006878479510561101,irm,2,30000,10000,8,0.0,index,30000,uniform
qlearning_balancer[lru],0.3058,0.9961747549343574,3.545924904238896,irm,2,30000,10000,8,0.0,index,30000,uniform
qlearning_balancer[oracle],0.2361,0.9992282456124535,1.5919083592533965,irm,2,30000,10000,8,0.0,index,30000,uniform
qlearning_balancer[nocache],0.0,0.9943742111087834,4.301524479478743,irm,2,30000,10000,8,0.0,index,30000,uniform
Optimal_QLRU,0.0365,0.9990886471333092,1.7299434326586411,irm,2,30000,10000,5,0.0,index,30000,uniform
qlearning_balancer[qlearn],0.1441,0.9820429253517463,7.701030556644247,irm,2,30000,10000,5,0.0,index,30000,uniform
qlearning_balancer[lru],0.3177,0.9827837646387257,7.539556892376657,irm,2,30000,10000,5,0.0,index,30000,uniform
qlearning_balancer[oracle],0.2542,0.986433109882737,6.688823131015112,irm,2,30000,10000,5,0.0,index,30000,uniform
qlearning_balancer[nocache],0.0,0.9935147552390315,4.619089274746978,irm,2,30000,10000,5,0.0,index,30000,uniform
Optimal_QLRU,0.0462,0.9989035644914591,1.897551505920726,irm,2,30000,10000,14,0.0,index,30000,uniform
qlearning_balancer[qlearn],0.1746,0.9808736470642657,7.949374169105421,irm,2,30000,10000,14,0.0,index,30000,uniform
qlearning_balancer[lru],0.3082,0.9676201258705254,10.366502998077895,irm,2,30000,10000,14,0.0,index,30000,uniform
qlearning_balancer[oracle],0.2398,0.97638207268965,8.840321222941943,irm,2,30000,10000,14,0.0,index,30000,uniform
qlearning_balancer[nocache],0.0,0.9714104417694143,9.734592524891772,irm,2,30000,10000,14,0.0,index,30000,uniform
Optimal_QLRU,0.0581,0.9998757446670006,0.6386885721170196,irm,2,30000,10000,7,0.0,index,30000,uniform
qlearning_balancer[qlearn],0.093,0.9998966583130307,0.5824623877093208,irm,2,30000,10000,7,0.0,index,30000,uniform
qlearning_balancer[lru],0.3123,0.9987108295470954,2.0576483742225657,irm,2,30000,10000,7,0.0,index,30000,uniform
qlearning_balancer[oracle],0.2504,0.9998678067892165,0.6587744952055621,irm,2,30000,10000,7,0.0,index,30000,uniform
qlearning_balancer[nocache],0.0,0.9991061824532974,1.7132146850623262,irm,2,30000,10000,7,0.0,index,30000,uniform
Optimal_QLRU,0.0196,0.999411032340401,1.3906280866193674,irm,2,30000,10000,15,0.0,index,30000,uniform
qlearning_balancer[qlearn],0.1862,0.9982016872612054,2.430443305949149,irm,2,30000,10000,15,0.0,index,30000,uniform
qlearning_balancer[lru],0.3152,0.9989558966741587,1.851697224684413,irm,2,30000,10000,15,0.0,index,30000,uniform
qlearning_balancer[oracle],0.2534,0.9995546519783969,1.209218093023,irm,2,30000,10000,15,0.0,index,30000,uniform
qlearning_balancer[nocache],0.0,0.9992267612860317,1.5934388885281594,irm,2,30000,10000,15,0.0,index,30000,uniform
Optimal_QLRU,0.0185,0.9996293346475467,1.103164968238151,irm,2,30000,10000,9,0.0,index,30000,uniform
qlearning_balancer[qlearn],0.1312,0.9975384851849664,2.843820567196204,irm,2,30000,10000,9,0.0,index,30000,uniform
qlearning_balancer[lru],0.3074,0.9884196712014043,6.17767236780291,irm,2,30000,10000,9,0.0,index,30000,uniform
qlearning_balancer[oracle],0.2464,0.9904119965768253,5.619312417227363,irm,2,30000,10000,9,0.0,index,30000,uniform
qlearning_balancer[nocache],0.0,0.9959149456183684,3.6645249554677877,irm,2,30000,10000,9,0.0,index,30000,uniform
Optimal_QLRU,0.0566,0.9999762253794479,0.2793708893954924,irm,2,30000,10000,17,0.0,index,30000,uniform
qlearning_balancer[qlearn],0.15,0.9913873026184156,5.324975480303588,irm,2,30000,10000,17,0.0,index,30000,uniform
qlearning_balancer[lru],0.3155,0.9741635488293195,9.249689192720995,irm,2,30000,10000,17,0.0,index,30000,uniform
qlearning_balancer[oracle],0.2488,0.9846018855341014,7.128157772282237,irm,2,30000,10000,17,0.0,index,30000,uniform
qlearning_balancer[nocache],0.0,0.9946150547140088,4.208272238660335,irm,2,30000,10000,17,0.0,index,30000,uniform
Optimal_QLRU,0.0732,0.9992612320096314,1.5575075323664869,irm,2,30000,10000,12,0.0,index,30000,uniform
qlearning_balancer[qlearn],0.137,0.9967888110675255,3.2485403787928564,irm,2,30000,10000,12,0.0,index,30000,uniform
qlearning_balancer[lru],0.3239,0.9968574886022966,3.213577576040859,irm,2,30000,10000,12,0.0,index,30000,uniform
qlearning_balancer[oracle],0.2525,0.9899645846463682,5.749358420054119,irm,2,30000,10000,12,0.0,index,30000,uniform
qlearning_balancer[nocache],0.0,0.9979276203352802,2.609200249748632,irm,2,30000,10000,12,0.0,index,30000,uniform
Optimal_QLRU,0.0474,0.9998761953931993,0.6375290761732969,irm,2,30000,10000,10,0.0,index,30000,uniform
qlearning_balancer[qlearn],0.1007,0.9997560707399173,0.8948953251868142,irm,2,30000,10000,10,0.0,index,30000,uniform
qlearning_balancer[lru],0.3124,0.999852212965099,0.6965487193579462,irm,2,30000,10000,10,0.0,index,30000,uniform
qlearning_balancer[oracle],0.2491,0.9997333670382627,0.9356186113892183,irm,2,30000,10000,10,0.0,index,30000,uniform
qlearning_balancer[nocache],0.0,0.9977244563080204,2.7341986761577064,irm,2,30000,10000,10,0.0,index,30000,uniform
Optimal_QLRU,0.0392,0.9988500749946386,1.9433036251299,irm,2,30000,10000,11,0.0,index,30000,uniform
qlearning_balancer[qlearn],0.1932,0.9943311306970314,4.317994020577933,irm,2,30000,10000,11,0.0,index,30000,uniform
qlearning_balancer[lru],0.3166,0.999993241491644,0.14895275805172312,irm,2,30000,10000,11,0.0,index,30000,uniform
qlearning_balancer[oracle],0.2508,0.9982464578985305,2.3999806403388746,irm,2,30000,10000,11,0.0,index,30000,uniform
qlearning_balancer[nocache],0.0,0.9996464825690872,1.0773421223573725,irm,2,30000,10000,11,0.0,index,30000,uniform
Optimal_QLRU,0.042,0.9989940438548811,1.8175442658611736,irm,2,30000,10000,13,0.0,index,30000,uniform
qlearning_balancer[qlearn],0.1555,0.9976239035799903,2.794002562114132,irm,2,30000,10000,13,0.0,index,30000,uniform
qlearning_balancer[lru],0.3077,0.9999787154644219,0.26433596860207986,irm,2,30000,10000,13,0.0,index,30000,uniform
qlearning_balancer[oracle],0.2453,0.9999969966998317,0.09929382021763859,irm,2,30000,10000,13,0.0,index,30000,uniform
qlearning_balancer[nocache],0.0,0.9983531729428483,2.3257653858272116,irm,2,30000,10000,13,0.0,index,30000,uniform
Optimal_QLRU,0.0619,0.9992959645041021,1.52044558999275,irm,2,30000,10000,18,0.0,index,30000,uniform
qlearning_balancer[qlearn],0.1915,0.9853877369310455,6.942961505373645,irm,2,30000,10000,18,0.0,index,30000,uniform
qlearning_balancer[lru],0.3136,0.992777041981132,4.875334104356684,irm,2,30000,10000,18,0.0,index,30000,uniform
qlearning_balancer[oracle],0.2481,0.9839851520946642,7.270262681805293,irm,2,30000,10000,18,0.0,index,30000,uniform
qlearning_balancer[nocache],0.0,0.9888702747654566,6.055831156913852,irm,2,30000,10000,18,0.0,index,30000,uniform
Optimal_QLRU,0.0626,0.9999078288323611,0.5500812587765594,irm,2,30000,10000,16,0.0,index,30000,uniform
qlearning_balancer[qlearn],0.1898,0.9936413108178211,4.5737009498415135,irm,2,30000,10000,16,0.0,index,30000,uniform
qlearning_balancer[lru],0.3141,0.9891226580530026,5.986521003307077,irm,2,30000,10000,16,0.0,index,30000,uniform
qlearning_balancer[oracle],0.2481,0.9848248876351469,7.076087015661747,irm,2,30000,10000,16,0.0,index,30000,uniform
qlearning_balancer[nocache],0.0,0.9997901367871914,0.8300533039777701,irm,2,30000,10000,16,0.0,index,30000,uniform
Optimal_QLRU,0.0568,0.999993525412755,0.14579047291813174,irm,2,30000,10000,20,0.0,index,30000,uniform
qlearning_balancer[qlearn],0.1872,0.9898631066348543,5.778452487776333,irm,2,30000,10000,20,0.0,index,30000,uniform
qlearning_balancer[lru],0.3137,0.9916899723127622,5.2303073341696145,irm,2,30000,10000,20,0.0,index,30000,uniform
qlearning_balancer[oracle],0.244,0.9900108975569855,5.736031982852826,irm,2,30000,10000,20,0.0,index,30000,uniform
qlearning_balancer[nocache],0.0,0.9847776026166586,7.087159320397612,irm,2,30000,10000,20,0.0,index,30000,uniform
Optimal_QLRU,0.0231,0.9996178793298935,1.1200839146438168,irm,2,30000,10000,22,0.0,index,30000,uniform
qlearning_balancer[qlearn],0.1219,0.988232375637823,6.2276256546554,irm,2,30000,10000,22,0.0,index,30000,uniform
qlearning_balancer[lru],0.3157,0.9905780165846131,5.570294469353085,irm,2,30000,10000,22,0.0,index,30000,uniform
qlearning_balancer[oracle],0.249,0.9933723219513144,4.66964893697187,irm,2,30000,10000,22,0.0,index,30000,uniform
qlearning_balancer[nocache],0.0,0.9882784144764126,6.215383343893449,irm,2,30000,10000,22,0.0,index,30000,uniform
Optimal_QLRU,0.0542,0.9989679515083726,1.8409729807470359,irm,2,30000,10000,24,0.0,index,30000,uniform
qlearning_balancer[qlearn],0.1583,0.9911971523995033,5.383608399019795,irm,2,30000,10000,24,0.0,index,30000,uniform
qlearning_balancer[lru],0.3127,0.9926573208223611,4.9156712053804945,irm,2,30000,10000,24,0.0,index,30000,uniform
qlearning_balancer[oracle],0.2525,0.9975084559259451,2.8611289278315155,irm,2,30000,10000,24,0.0,index,30000,uniform
qlearning_balancer[nocache],0.0,0.994790203632208,4.139146774423869,irm,2,30000,10000,24,0.0,index,30000,uniform
Optimal_QLRU,0.0345,0.9975447323019727,2.8402066237402885,irm,2,30000,10000,19,0.0,index,30000,uniform
qlearning_balancer[qlearn],0.1763,0.9962171587334524,3.5261914105341146,irm,2,30000,10000,19,0.0,index,30000,uniform
qlearning_balancer[lru],0.3042,0.9814550623169419,7.8268474805160375,irm,2,30000,10000,19,0.0,index,30000,uniform
qlearning_balancer[oracle],0.2389,0.9875088267181591,6.4170076941922085,irm,2,30000,10000,19,0.0,index,30000,uniform
qlearning_balancer[nocache],0.0,0.9966515419422993,3.317322785276834,irm,2,30000,10000,19,0.0,index,30000,uniform
Optimal_QLRU,0.047,0.9996743660716216,1.033977360241827,irm,2,30000,10000,21,0.0,index,30000,uniform
qlearning_balancer[qlearn],0.1827,0.9896865532731094,5.828729466820734,irm,2,30000,10000,21,0.0,index,30000,uniform
qlearning_balancer[lru],0.3182,0.9990684915825981,1.7489744782130239,irm,2,30000,10000,21,0.0,index,30000,uniform
qlearning_balancer[oracle],0.2528,0.9997261970458394,0.9481160919197262,irm,2,30000,10000,21,0.0,index,30000,uniform
qlearning_balancer[nocache],0.0,0.9967105823925532,3.2879145529316043,irm,2,30000,10000,21,0.0,index,30000,uniform
Optimal_QLRU,0.0317,0.9999869349658006,0.20709940613300637,irm,2,30000,10000,23,0.0,index,30000,uniform
qlearning_balancer[qlearn],0.1489,0.9827333633734018,7.550649254911232,irm,2,30000,10000,23,0.0,index,30000,uniform
qlearning_balancer[lru],0.3161,0.9801477647683472,8.099810663169666,irm,2,30000,10000,23,0.0,index,30000,uniform
qlearning_balancer[oracle],0.2519,0.9773728970248092,8.651445447447847,irm,2,30000,10000,23,0.0,index,30000,uniform
qlearning_balancer[nocache],0.0,0.9940856042136856,4.4106932394382055,irm,2,30000,10000,23,0.0,index,30000,uniform
Optimal_QLRU,0.0135,0.9996484423350414,1.074351434130752,irm,2,30000,10000,26,0.0,index,30000,uniform
qlearning_balancer[qlearn],0.1778,0.9993424938734924,1.4693326788995036,irm,2,30000,10000,26,0.0,index,30000,uniform
qlearning_balancer[lru],0.3144,0.9870882646006329,6.524601326410376,irm,2,30000,10000,26,0.0,index,30000,uniform
qlearning_balancer[oracle],0.2494,0.9930203357802349,4.792326516283654,irm,2,30000,10000,26,0.0,index,30000,uniform
qlearning_balancer[nocache],0.0,0.9998296934320544,0.7477400779104524,irm,2,30000,10000,26,0.0,index,30000,uniform
Optimal_QLRU,0.0393,0.9976224136326438,2.794879119192065,irm,2,30000,10000,25,0.0,index,30000,uniform
qlearning_balancer[qlearn],0.1826,0.9927388656589063,4.8882324724652815,irm,2,30000,10000,25,0.0,index,30000,uniform
qlearning_balancer[lru],0.3164,0.9941303850171763,4.39393081054202,irm,2,30000,10000,25,0.0,index,30000,uniform
qlearning_balancer[oracle],0.2527,0.9920902667685254,5.102438090168787,irm,2,30000,10000,25,0.0,index,30000,uniform
qlearning_balancer[nocache],0.0,0.9912217464991241,5.376060381221891,irm,2,30000,10000,25,0.0,index,30000,uniform
Optimal_QLRU,0.0431,0.9990504925840443,1.7657961456771072,irm,2,30000,10000,29,0.0,index,30000,uniform
qlearning_balancer[qlearn],0.163,0.9994004199965411,1.4031031872199482,irm,2,30000,10000,29,0.0,index,30000,uniform
qlearning_balancer[lru],0.3102,0.9998333753853008,0.7396125518954534,irm,2,30000,10000,29,0.0,index,30000,uniform
qlearning_balancer[oracle],0.2497,0.9992552343438904,1.5638186054837957,irm,2,30000,10000,29,0.0,index,30000,uniform
qlearning_balancer[nocache],0.0,0.9995850110431951,1.167268981304414,irm,2,30000,10000,29,0.0,index,30000,uniform
Optimal_QLRU,0.0831,0.9991653869266208,1.6554865391191917,irm,2,30000,10000,27,0.0,index,30000,uniform
qlearning_balancer[qlearn],0.1271,0.9999439454074917,0.4289753030858559,irm,2,30000,10000,27,0.0,index,30000,uniform
qlearning_balancer[lru],0.306,0.9998399543000898,0.7248634848271466,irm,2,30000,10000,27,0.0,index,30000,uniform
qlearning_balancer[oracle],0.2479,0.9997743302084161,0.8607473259866952,irm,2,30000,10000,27,0.0,index,30000,uniform
qlearning_balancer[nocache],0.0,0.9967714192672158,3.2573350117739523,irm,2,30000,10000,27,0.0,index,30000,uniform
Optimal_QLRU,0.0527,0.9996350582468693,1.0946135712516982,irm,2,30000,10000,28,0.0,index,30000,uniform
qlearning_balancer[qlearn],0.1247,0.9908300714961202,5.495049283100737,irm,2,30000,10000,28,0.0,index,30000,uniform
qlearning_balancer[lru],0.3132,0.9940763071088122,4.414165431393375,irm,2,30000,10000,28,0.0,index,30000,uniform
qlearning_balancer[oracle],0.2511,0.9905035632415553,5.592329520226288,irm,2,30000,10000,28,0.0,index,30000,uniform
qlearning_balancer[nocache],0.0,0.9816552994923387,7.784214630410201,irm,2,30000,10000,28,0.0,index,30000,uniform
