algorithm,hit_rate,jfi,angle_degrees,traffic_type,num_servers,capacity,num_requests,run_id,skew_fraction,workload_mode
Optimal_QLRU,0.0128,0.999660230103941,1.0561842270790835,irm,2,10,10000,1,0.0,uniform
qlearning_balancer[qlearn],0.013,0.997117931639728,3.0773975459787346,irm,2,10,10000,1,0.0,uniform
qlearning_balancer[lru],0.0118,0.9960462687625922,3.6050625200704367,irm,2,10,10000,1,0.0,uniform
qlearning_balancer[oracle],0.0118,0.9954958747502566,3.848171519376578,irm,2,10,10000,1,0.0,uniform
qlearning_balancer[nocache],0.0,0.9943634623201055,4.305639570045455,irm,2,10,10000,1,0.0,uniform
Optimal_QLRU,0.0043,0.9995679877958594,1.1909729982076025,irm,2,10,10000,5,0.0,uniform
qlearning_balancer[qlearn],0.0074,0.9797869654330567,8.173582035991792,irm,2,10,10000,5,0.0,uniform
qlearning_balancer[lru],0.0124,0.9798003053038348,8.170866016606512,irm,2,10,10000,5,0.0,uniform
qlearning_balancer[oracle],0.011,0.9798094790832462,8.168997710458845,irm,2,10,10000,5,0.0,uniform
qlearning_balancer[nocache],0.0,0.9797879491010684,8.17338178956649,irm,2,10,10000,5,0.0,uniform
Optimal_QLRU,0.0148,0.9993667438028946,1.4419765704630585,irm,2,10,10000,9,0.0,uniform
qlearning_balancer[qlearn],0.0044,0.9933286487641197,4.685043305509462,irm,2,10,10000,9,0.0,uniform
qlearning_balancer[lru],0.0086,0.991849729969909,5.179649092728948,irm,2,10,10000,9,0.0,uniform
qlearning_balancer[oracle],0.0092,0.9933286487953006,4.685043294536404,irm,2,10,10000,9,0.0,uniform
qlearning_balancer[nocache],0.0,0.9918501231762339,5.179523804754367,irm,2,10,10000,9,0.0,uniform
Optimal_QLRU,0.0345,0.999447531961695,1.3468406277327793,irm,2,10,10000,10,0.0,uniform
qlearning_balancer[qlearn],0.0038,0.9987449809393317,2.0301993127205993,irm,2,10,10000,10,0.0,uniform
qlearning_balancer[lru],0.0104,0.9992619481593351,1.556752252149956,irm,2,10,10000,10,0.0,uniform
qlearning_balancer[oracle],0.0123,0.9999981056782566,0.07885870513126644,irm,2,10,10000,10,0.0,uniform
qlearning_balancer[nocache],0.0,0.99974475450261,0.915419489223778,irm,2,10,10000,10,0.0,uniform
Optimal_QLRU,0.0236,0.9987746386533387,2.006057860705082,irm,2,10,10000,0,0.0,uniform
qlearning_balancer[qlearn],0.0145,0.9971392102509551,3.066005229661705,irm,2,10,10000,0,0.0,uniform
qlearning_balancer[lru],0.0112,0.9990737970889653,1.7439850865778366,irm,2,10,10000,0,0.0,uniform
qlearning_balancer[oracle],0.0132,0.9971977882755003,3.0344231633190635,irm,2,10,10000,0,0.0,uniform
qlearning_balancer[nocache],0.0,0.997026163620923,3.126055296253068,irm,2,10,10000,0,0.0,uniform
Optimal_QLRU,0.0369,0.9999067642137143,0.5532490796397991,irm,2,10,10000,3,0.0,uniform
qlearning_balancer[qlearn],0.0068,0.9902007452735602,5.681081400494653,irm,2,10,10000,3,0.0,uniform
qlearning_balancer[lru],0.0098,0.9901368570572672,5.699631921445728,irm,2,10,10000,3,0.0,uniform
qlearning_balancer[oracle],0.0119,0.9903553962899752,5.635927630206435,irm,2,10,10000,3,0.0,uniform
qlearning_balancer[nocache],0.0,0.9895901492405464,5.856002680357349,irm,2,10,10000,3,0.0,uniform
Optimal_QLRU,0.0308,0.9999754729672072,0.28375721540220805,irm,2,10,10000,2,0.0,uniform
qlearning_balancer[qlearn],0.0042,0.9901870335193803,5.685067766468636,irm,2,10,10000,2,0.0,uniform
qlearning_balancer[lru],0.0097,0.9900675210548587,5.719697076012983,irm,2,10,10000,2,0.0,uniform
qlearning_balancer[oracle],0.0099,0.9908323881436155,5.494352981799693,irm,2,10,10000,2,0.0,uniform
qlearning_balancer[nocache],0.0,0.9901870335557502,5.6850677558986185,irm,2,10,10000,2,0.0,uniform
Optimal_QLRU,0.0149,0.9999858929344829,0.21519986531291851,irm,2,10,10000,4,0.0,uniform
qlearning_balancer[qlearn],0.0113,0.9737668759638686,9.321053242062163,irm,2,10,10000,4,0.0,uniform
qlearning_balancer[lru],0.0108,0.972201741915011,9.597637829228454,irm,2,10,10000,4,0.0,uniform
qlearning_balancer[oracle],0.0096,0.973794106692327,9.316171114741476,irm,2,10,10000,4,0.0,uniform
qlearning_balancer[nocache],0.0,0.9737475731295575,9.324512504397044,irm,2,10,10000,4,0.0,uniform
Optimal_QLRU,0.0279,0.9999656194441778,0.3359553548381863,irm,2,10,10000,6,0.0,uniform
qlearning_balancer[qlearn],0.003,0.9990590225738791,1.7578441523527968,irm,2,10,10000,6,0.0,uniform
qlearning_balancer[lru],0.0095,0.9990774490718853,1.7405423970513985,irm,2,10,10000,6,0.0,uniform
qlearning_balancer[oracle],0.0121,0.9983183118453897,2.350266794548351,irm,2,10,10000,6,0.0,uniform
qlearning_balancer[nocache],0.0,0.9990786465832415,1.7394120328475684,irm,2,10,10000,6,0.0,uniform
Optimal_QLRU,0.0229,0.9989617738797187,1.846476504329571,irm,2,10,10000,7,0.0,uniform
qlearning_balancer[qlearn],0.0031,0.9997978649572431,0.8146256299716602,irm,2,10,10000,7,0.0,uniform
qlearning_balancer[lru],0.0093,0.9992121873763643,1.6083891710417964,irm,2,10,10000,7,0.0,uniform
qlearning_balancer[oracle],0.0108,0.9994123033920073,1.3891264239264864,irm,2,10,10000,7,0.0,uniform
qlearning_balancer[nocache],0.0,0.9997978649572361,0.8146256299855301,irm,2,10,10000,7,0.0,uniform
Optimal_QLRU,0.014,0.9999551962275635,0.38351571717791877,irm,2,10,10000,8,0.0,uniform
qlearning_balancer[qlearn],0.0064,0.9887979839580975,6.07554032333691,irm,2,10,10000,8,0.0,uniform
qlearning_balancer[lru],0.0089,0.9883361246106858,6.200003883943706,irm,2,10,10000,8,0.0,uniform
qlearning_balancer[oracle],0.0099,0.9870793877510503,6.526853529477158,irm,2,10,10000,8,0.0,uniform
qlearning_balancer[nocache],0.0,0.987678092016,6.373200179190802,irm,2,10,10000,8,0.0,uniform
Optimal_QLRU,0.024,0.9996749243057216,1.0330906104743185,irm,2,10,10000,11,0.0,uniform
qlearning_balancer[qlearn],0.0097,0.9863261288447251,6.715264479895334,irm,2,10,10000,11,0.0,uniform
qlearning_balancer[lru],0.0112,0.9882023960404377,6.235584891839407,irm,2,10,10000,11,0.0,uniform
qlearning_balancer[oracle],0.0112,0.9862943315914984,6.723103783305355,irm,2,10,10000,11,0.0,uniform
qlearning_balancer[nocache],0.0,0.9884194168643736,6.177740471194636,irm,2,10,10000,11,0.0,uniform
Optimal_QLRU,0.0058,0.9981328562924218,2.4765479787285996,irm,2,10,10000,14,0.0,uniform
qlearning_balancer[qlearn],0.0049,0.9597069607369401,11.579724451838622,irm,2,10,10000,14,0.0,uniform
qlearning_balancer[lru],0.0094,0.9715697324420303,9.707172599634253,irm,2,10,10000,14,0.0,uniform
qlearning_balancer[oracle],0.0099,0.9726974371443696,9.510878915738532,irm,2,10,10000,14,0.0,uniform
qlearning_balancer[nocache],0.0,0.9593553847223435,11.630836468765736,irm,2,10,10000,14,0.0,uniform
Optimal_QLRU,0.042,0.9993302983047174,1.4828998392342743,irm,2,10,10000,15,0.0,uniform
qlearning_balancer[qlearn],0.0073,0.999346737771784,1.4645820341192317,irm,2,10,10000,15,0.0,uniform
qlearning_balancer[lru],0.0097,0.9993465768251163,1.4647624796054535,irm,2,10,10000,15,0.0,uniform
qlearning_balancer[oracle],0.0117,0.999346606100318,1.464729659342144,irm,2,10,10000,15,0.0,uniform
qlearning_balancer[nocache],0.0,0.9991020666009875,1.71715583997917,irm,2,10,10000,15,0.0,uniform
Optimal_QLRU,0.0457,0.997810759965376,2.6818094265340795,irm,2,10,10000,12,0.0,uniform
qlearning_balancer[qlearn],0.0064,0.9998828790965436,0.6200808471026442,irm,2,10,10000,12,0.0,uniform
qlearning_balancer[lru],0.0106,0.9992659879005632,1.552484903383344,irm,2,10,10000,12,0.0,uniform
qlearning_balancer[oracle],0.0141,0.9987474940308081,2.0281647748896954,irm,2,10,10000,12,0.0,uniform
qlearning_balancer[nocache],0.0,0.9998828635374503,0.6201220351049597,irm,2,10,10000,12,0.0,uniform
Optimal_QLRU,0.0217,0.9999999059630875,0.017570002365690222,irm,2,10,10000,17,0.0,uniform
qlearning_balancer[qlearn],0.0026,0.9828650713764807,7.521629142935799,irm,2,10,10000,17,0.0,uniform
qlearning_balancer[lru],0.0093,0.9827688496663364,7.542841054783852,irm,2,10,10000,17,0.0,uniform
qlearning_balancer[oracle],0.0114,0.9814976290908133,7.817803488055751,irm,2,10,10000,17,0.0,uniform
qlearning_balancer[nocache],0.0,0.9828650713764537,7.521629142941776,irm,2,10,10000,17,0.0,uniform
Optimal_QLRU,0.0291,0.9992215130167632,1.5988387849552936,irm,2,10,10000,13,0.0,uniform
qlearning_balancer[qlearn],0.0051,0.9974670774996226,2.884809190226576,irm,2,10,10000,13,0.0,uniform
qlearning_balancer[lru],0.0092,0.9976145600016993,2.7994949994501415,irm,2,10,10000,13,0.0,uniform
qlearning_balancer[oracle],0.0127,0.9976930233766866,2.7530326074155216,irm,2,10,10000,13,0.0,uniform
qlearning_balancer[nocache],0.0,0.9975741478578254,2.8231278165437135,irm,2,10,10000,13,0.0,uniform
Optimal_QLRU,0.0319,0.9999628595250787,0.34917974797336415,irm,2,10,10000,18,0.0,uniform
qlearning_balancer[qlearn],0.0049,0.956033563312958,12.103702696129595,irm,2,10,10000,18,0.0,uniform
qlearning_balancer[lru],0.0088,0.9564757053931737,12.041772417766929,irm,2,10,10000,18,0.0,uniform
qlearning_balancer[oracle],0.0092,0.9564750511351154,12.041864280067387,irm,2,10,10000,18,0.0,uniform
qlearning_balancer[nocache],0.0,0.9570950950000947,11.954508090939543,irm,2,10,10000,18,0.0,uniform
Optimal_QLRU,0.0378,0.9998285506199003,0.7502448150762229,irm,2,10,10000,16,0.0,uniform
qlearning_balancer[qlearn],0.0083,0.999761694526239,0.8845184415153059,irm,2,10,10000,16,0.0,uniform
qlearning_balancer[lru],0.0114,0.9997616945261553,0.8845184416706545,irm,2,10,10000,16,0.0,uniform
qlearning_balancer[oracle],0.0105,0.9999999205083315,0.016154125207561203,irm,2,10,10000,16,0.0,uniform
qlearning_balancer[nocache],0.0,0.9999639873276359,0.3438372416074815,irm,2,10,10000,16,0.0,uniform
Optimal_QLRU,0.0127,0.9992909038014318,1.5259016773739427,irm,2,10,10000,19,0.0,uniform
qlearning_balancer[qlearn],0.012,0.9915292611486802,5.280783036490404,irm,2,10,10000,19,0.0,uniform
qlearning_balancer[lru],0.0111,0.9924207565150206,4.99442731237863,irm,2,10,10000,19,0.0,uniform
qlearning_balancer[oracle],0.0102,0.9915292614195336,5.280782951823511,irm,2,10,10000,19,0.0,uniform
qlearning_balancer[nocache],0.0,0.9929734415431133,4.808436431626499,irm,2,10,10000,19,0.0,uniform
Optimal_QLRU,0.0142,0.9998518435660662,0.6974187433463551,irm,2,10,10000,24,0.0,uniform
qlearning_balancer[qlearn],0.0126,0.9889969245029973,6.021148533525547,irm,2,10,10000,24,0.0,uniform
qlearning_balancer[lru],0.012,0.9892941686789231,5.938965528657254,irm,2,10,10000,24,0.0,uniform
qlearning_balancer[oracle],0.0112,0.9881887680967675,6.239199649959013,irm,2,10,10000,24,0.0,uniform
qlearning_balancer[nocache],0.0,0.988155680472929,6.247967446439345,irm,2,10,10000,24,0.0,uniform
Optimal_QLRU,0.0269,0.9995903249162867,1.15977052107043,irm,2,10,10000,25,0.0,uniform
qlearning_balancer[qlearn],0.0068,0.9762926348219985,8.85717831489221,irm,2,10,10000,25,0.0,uniform
qlearning_balancer[lru],0.0116,0.9764180039884249,8.8335401870887,irm,2,10,10000,25,0.0,uniform
qlearning_balancer[oracle],0.0122,0.9763290278241213,8.850322776186426,irm,2,10,10000,25,0.0,uniform
qlearning_balancer[nocache],0.0,0.976206513342144,8.873381043824256,irm,2,10,10000,25,0.0,uniform
Optimal_QLRU,0.0442,0.9999747804420752,0.2877353313248949,irm,2,10,10000,20,0.0,uniform
qlearning_balancer[qlearn],0.0045,0.959108552052561,11.666594538592156,irm,2,10,10000,20,0.0,uniform
qlearning_balancer[lru],0.0109,0.9654074044554077,10.718906471296357,irm,2,10,10000,20,0.0,uniform
qlearning_balancer[oracle],0.0102,0.9652840822365291,10.738222346826914,irm,2,10,10000,20,0.0,uniform
qlearning_balancer[nocache],0.0,0.9591085520532625,11.666594538490676,irm,2,10,10000,20,0.0,uniform
Optimal_QLRU,0.0097,0.9999514551079045,0.39920678709047863,irm,2,10,10000,22,0.0,uniform
qlearning_balancer[qlearn],0.0186,0.973181112315889,9.425482802127394,irm,2,10,10000,22,0.0,uniform
qlearning_balancer[lru],0.0117,0.9795072882976241,8.230324008700366,irm,2,10,10000,22,0.0,uniform
qlearning_balancer[oracle],0.0107,0.9794723137019379,8.237393049400842,irm,2,10,10000,22,0.0,uniform
qlearning_balancer[nocache],0.0,0.976806805651519,8.759839668853099,irm,2,10,10000,22,0.0,uniform
Optimal_QLRU,0.0123,0.9986362243343766,2.116376173977416,irm,2,10,10000,21,0.0,uniform
qlearning_balancer[qlearn],0.0111,0.9941295950025911,4.394227079901339,irm,2,10,10000,21,0.0,uniform
qlearning_balancer[lru],0.011,0.9927401049634698,4.887814286615109,irm,2,10,10000,21,0.0,uniform
qlearning_balancer[oracle],0.0107,0.992038328728844,5.119207438125855,irm,2,10,10000,21,0.0,uniform
qlearning_balancer[nocache],0.0,0.9920310241003459,5.121561542114371,irm,2,10,10000,21,0.0,uniform
Optimal_QLRU,0.025,0.9999973070420975,0.09402375890223752,irm,2,10,10000,23,0.0,uniform
qlearning_balancer[qlearn],0.0099,0.9976811808606144,2.760095157924437,irm,2,10,10000,23,0.0,uniform
qlearning_balancer[lru],0.0113,0.9970093024982705,3.1349136875206502,irm,2,10,10000,23,0.0,uniform
qlearning_balancer[oracle],0.0096,0.9976811808606144,2.760095157924437,irm,2,10,10000,23,0.0,uniform
qlearning_balancer[nocache],0.0,0.9967884344798043,3.2487310616254392,irm,2,10,10000,23,0.0,uniform
Optimal_QLRU,0.0138,0.9998469888046466,0.7087536562915656,irm,2,10,10000,27,0.0,uniform
qlearning_balancer[qlearn],0.0116,0.9974060028031204,2.919411552481659,irm,2,10,10000,27,0.0,uniform
qlearning_balancer[lru],0.0109,0.9972938626699054,2.9819037414969287,irm,2,10,10000,27,0.0,uniform
qlearning_balancer[oracle],0.0096,0.9974055670401356,2.919656969142741,irm,2,10,10000,27,0.0,uniform
qlearning_balancer[nocache],0.0,0.9973700946830887,2.939566109242356,irm,2,10,10000,27,0.0,uniform
Optimal_QLRU,0.0016,0.999990971212252,0.1721622808749431,irm,2,10,10000,29,0.0,uniform
qlearning_balancer[qlearn],0.0044,0.9998589869503232,0.6803971602930741,irm,2,10,10000,29,0.0,uniform
qlearning_balancer[lru],0.0106,0.9998781362180815,0.6325120148431724,irm,2,10,10000,29,0.0,uniform
qlearning_balancer[oracle],0.0096,0.998161287449697,2.4576086836625035,irm,2,10,10000,29,0.0,uniform
qlearning_balancer[nocache],0.0,0.9999783360674148,0.2666814748566251,irm,2,10,10000,29,0.0,uniform
Optimal_QLRU,0.0241,0.9998886178907027,0.6046978352495905,irm,2,10,10000,26,0.0,uniform
qlearning_balancer[qlearn],0.0028,0.9984919916993295,2.2255313283113876,irm,2,10,10000,26,0.0,uniform
qlearning_balancer[lru],0.0099,0.9987642646190775,2.0145351950020842,irm,2,10,10000,26,0.0,uniform
qlearning_balancer[oracle],0.0106,0.9981992599659288,2.432083998766552,irm,2,10,10000,26,0.0,uniform
qlearning_balancer[nocache],0.0,0.9987161138381611,2.053425098174433,irm,2,10,10000,26,0.0,uniform
Optimal_QLRU,0.0352,0.9988595794106203,1.9352529498705837,irm,2,10,10000,28,0.0,uniform
qlearning_balancer[qlearn],0.0201,0.9738237796547807,9.310848314472358,irm,2,10,10000,28,0.0,uniform
qlearning_balancer[lru],0.0085,0.9734929333533817,9.370031221403533,irm,2,10,10000,28,0.0,uniform
qlearning_balancer[oracle],0.0121,0.9748894156430195,9.117705848094067,irm,2,10,10000,28,0.0,uniform
qlearning_balancer[nocache],0.0,0.9734368487654096,9.380028128267769,irm,2,10,10000,28,0.0,uniform
Optimal_QLRU,0.0729,0.9998566721637892,0.6859591911951651,irm,2,30,10000,2,0.0,uniform
qlearning_balancer[qlearn],0.0104,0.9901870363627318,5.685066940117855,irm,2,30,10000,2,0.0,uniform
qlearning_balancer[lru],0.0259,0.9909425007566802,5.461155937481328,irm,2,30,10000,2,0.0,uniform
qlearning_balancer[oracle],0.0287,0.9910644246848935,5.4241638547928925,irm,2,30,10000,2,0.0,uniform
qlearning_balancer[nocache],0.0,0.9901870335557502,5.6850677558986185,irm,2,30,10000,2,0.0,uniform
Optimal_QLRU,0.0411,0.9992252897488497,1.594954782186358,irm,2,30,10000,5,0.0,uniform
qlearning_balancer[qlearn],0.0154,0.9740055194526356,9.278183173424601,irm,2,30,10000,5,0.0,uniform
qlearning_balancer[lru],0.0322,0.9761541720682627,8.883214455156853,irm,2,30,10000,5,0.0,uniform
qlearning_balancer[oracle],0.0344,0.9740037227992098,9.278506639219145,irm,2,30,10000,5,0.0,uniform
qlearning_balancer[nocache],0.0,0.9797879491010684,8.17338178956649,irm,2,30,10000,5,0.0,uniform
Optimal_QLRU,0.0505,0.9999408941983524,0.4404959976150594,irm,2,30,10000,0,0.0,uniform
qlearning_balancer[qlearn],0.0347,0.9970188166651941,3.1299182638095493,irm,2,30,10000,0,0.0,uniform
qlearning_balancer[lru],0.0305,0.9991020165461463,1.7172037146374974,irm,2,30,10000,0,0.0,uniform
qlearning_balancer[oracle],0.0353,0.997287529700408,2.9853940223035003,irm,2,30,10000,0,0.0,uniform
qlearning_balancer[nocache],0.0,0.997026163620923,3.126055296253068,irm,2,30,10000,0,0.0,uniform
Optimal_QLRU,0.0258,0.9995176949788294,1.258399220597633,irm,2,30,10000,9,0.0,uniform
qlearning_balancer[qlearn],0.027,0.9856991418908285,6.868221345334905,irm,2,30,10000,9,0.0,uniform
qlearning_balancer[lru],0.0243,0.9927518940952754,4.883834437263444,irm,2,30,10000,9,0.0,uniform
qlearning_balancer[oracle],0.0268,0.9933228734041568,4.6870753114857076,irm,2,30,10000,9,0.0,uniform
qlearning_balancer[nocache],0.0,0.9918501231762339,5.179523804754367,irm,2,30,10000,9,0.0,uniform
Optimal_QLRU,0.0157,0.9999107368602522,0.5413338354785391,irm,2,30,10000,8,0.0,uniform
qlearning_balancer[qlearn],0.0095,0.987678092016,6.373200179190802,irm,2,30,10000,8,0.0,uniform
qlearning_balancer[lru],0.0252,0.9882442000909377,6.224483644365683,irm,2,30,10000,8,0.0,uniform
qlearning_balancer[oracle],0.0247,0.9865790799431539,6.6525788668956505,irm,2,30,10000,8,0.0,uniform
qlearning_balancer[nocache],0.0,0.987678092016,6.373200179190802,irm,2,30,10000,8,0.0,uniform
Optimal_QLRU,0.0523,0.9999847575398906,0.2236924206878844,irm,2,30,10000,1,0.0,uniform
qlearning_balancer[qlearn],0.0211,0.9936343288228667,4.576216628380536,irm,2,30,10000,1,0.0,uniform
qlearning_balancer[lru],0.0306,0.997601533439566,2.8071345276062947,irm,2,30,10000,1,0.0,uniform
qlearning_balancer[oracle],0.0323,0.9972179893003645,3.0234556659223335,irm,2,30,10000,1,0.0,uniform
qlearning_balancer[nocache],0.0,0.9943634623201055,4.305639570045455,irm,2,30,10000,1,0.0,uniform
Optimal_QLRU,0.0485,0.9999003249792229,0.5720355438286883,irm,2,30,10000,4,0.0,uniform
qlearning_balancer[qlearn],0.0347,0.9727704834362627,9.498029516112714,irm,2,30,10000,4,0.0,uniform
qlearning_balancer[lru],0.0279,0.9722343873317139,9.591947311507747,irm,2,30,10000,4,0.0,uniform
qlearning_balancer[oracle],0.0297,0.9727714440184162,9.49786043086589,irm,2,30,10000,4,0.0,uniform
qlearning_balancer[nocache],0.0,0.9737475731295575,9.324512504397044,irm,2,30,10000,4,0.0,uniform
Optimal_QLRU,0.0408,0.9999706116242677,0.3106079386942734,irm,2,30,10000,3,0.0,uniform
qlearning_balancer[qlearn],0.0104,0.9897404848917971,5.813416889352502,irm,2,30,10000,3,0.0,uniform
qlearning_balancer[lru],0.0309,0.9879507917334546,6.301993018570933,irm,2,30,10000,3,0.0,uniform
qlearning_balancer[oracle],0.0316,0.9889565914684627,6.032214924289488,irm,2,30,10000,3,0.0,uniform
qlearning_balancer[nocache],0.0,0.9895901492405464,5.856002680357349,irm,2,30,10000,3,0.0,uniform
Optimal_QLRU,0.0493,0.9998101663701887,0.7894469477655706,irm,2,30,10000,6,0.0,uniform
qlearning_balancer[qlearn],0.0222,0.9962359918877239,3.5173916848667783,irm,2,30,10000,6,0.0,uniform
qlearning_balancer[lru],0.0276,0.9988556659044032,1.9385719115602975,irm,2,30,10000,6,0.0,uniform
qlearning_balancer[oracle],0.0317,0.9964233778680421,3.428612364100695,irm,2,30,10000,6,0.0,uniform
qlearning_balancer[nocache],0.0,0.9990786465832415,1.7394120328475684,irm,2,30,10000,6,0.0,uniform
Optimal_QLRU,0.044,0.9996051611237924,1.1385737569465615,irm,2,30,10000,7,0.0,uniform
qlearning_balancer[qlearn],0.0145,0.9994701378492297,1.3189928507216335,irm,2,30,10000,7,0.0,uniform
qlearning_balancer[lru],0.0253,0.9992613830013799,1.5573483208521366,irm,2,30,10000,7,0.0,uniform
qlearning_balancer[oracle],0.0291,0.999435828729209,1.3610339558747284,irm,2,30,10000,7,0.0,uniform
qlearning_balancer[nocache],0.0,0.9997978649572361,0.8146256299855301,irm,2,30,10000,7,0.0,uniform
Optimal_QLRU,0.0524,0.998394466932779,2.2964053001554308,irm,2,30,10000,12,0.0,uniform
qlearning_balancer[qlearn],0.0243,0.9971211831563022,3.075659443431372,irm,2,30,10000,12,0.0,uniform
qlearning_balancer[lru],0.0312,0.9987334495317364,2.039508881544893,irm,2,30,10000,12,0.0,uniform
qlearning_balancer[oracle],0.0362,0.9985102412291738,2.212017197916599,irm,2,30,10000,12,0.0,uniform
qlearning_balancer[nocache],0.0,0.9998828635374503,0.6201220351049597,irm,2,30,10000,12,0.0,uniform
Optimal_QLRU,0.0428,0.9996846771100153,1.0174737369476667,irm,2,30,10000,13,0.0,uniform
qlearning_balancer[qlearn],0.0237,0.9986223317376898,2.1271334081883815,irm,2,30,10000,13,0.0,uniform
qlearning_balancer[lru],0.0268,0.9975795890827839,2.8199573169120487,irm,2,30,10000,13,0.0,uniform
qlearning_balancer[oracle],0.0317,0.9986661366343943,2.093027335359832,irm,2,30,10000,13,0.0,uniform
qlearning_balancer[nocache],0.0,0.9975741478578254,2.8231278165437135,irm,2,30,10000,13,0.0,uniform
Optimal_QLRU,0.0455,0.9998497707118493,0.7022808266310738,irm,2,30,10000,10,0.0,uniform
qlearning_balancer[qlearn],0.013,0.9999734957451724,0.29497305768211396,irm,2,30,10000,10,0.0,uniform
qlearning_balancer[lru],0.0262,0.9996719411072896,1.0378206034133248,irm,2,30,10000,10,0.0,uniform
qlearning_balancer[oracle],0.0286,0.9999748609171605,0.2872758819270004,irm,2,30,10000,10,0.0,uniform
qlearning_balancer[nocache],0.0,0.99974475450261,0.915419489223778,irm,2,30,10000,10,0.0,uniform
Optimal_QLRU,0.0427,0.9998930630417427,0.5925080926506433,irm,2,30,10000,15,0.0,uniform
qlearning_balancer[qlearn],0.0191,0.9994922171715482,1.291214513583619,irm,2,30,10000,15,0.0,uniform
qlearning_balancer[lru],0.0286,0.999492213851429,1.2912187355707814,irm,2,30,10000,15,0.0,uniform
qlearning_balancer[oracle],0.033,0.9995231987518511,1.251197426003846,irm,2,30,10000,15,0.0,uniform
qlearning_balancer[nocache],0.0,0.9991020666009875,1.71715583997917,irm,2,30,10000,15,0.0,uniform
Optimal_QLRU,0.0617,0.9999140357779708,0.5312362758710639,irm,2,30,10000,16,0.0,uniform
qlearning_balancer[qlearn],0.0167,0.9997415659170948,0.9211200479365874,irm,2,30,10000,16,0.0,uniform
qlearning_balancer[lru],0.029,0.9997318168754562,0.9383346831929448,irm,2,30,10000,16,0.0,uniform
qlearning_balancer[oracle],0.0295,0.9990367893283415,1.7784965184618042,irm,2,30,10000,16,0.0,uniform
qlearning_balancer[nocache],0.0,0.9999639873276359,0.3438372416074815,irm,2,30,10000,16,0.0,uniform
Optimal_QLRU,0.027,0.999657886095076,1.0598215879145578,irm,2,30,10000,11,0.0,uniform
qlearning_balancer[qlearn],0.0109,0.9884194294835551,6.177737092195428,irm,2,30,10000,11,0.0,uniform
qlearning_balancer[lru],0.0282,0.9863997987024686,6.697067283388698,irm,2,30,10000,11,0.0,uniform
qlearning_balancer[oracle],0.0289,0.9831123435891894,7.466848406462067,irm,2,30,10000,11,0.0,uniform
qlearning_balancer[nocache],0.0,0.9884194168643736,6.177740471194636,irm,2,30,10000,11,0.0,uniform
Optimal_QLRU,0.0415,0.9989483297981908,1.858397311760243,irm,2,30,10000,14,0.0,uniform
qlearning_balancer[qlearn],0.0113,0.9592453920146484,11.64678365932398,irm,2,30,10000,14,0.0,uniform
qlearning_balancer[lru],0.0264,0.9755524595426529,8.995511663701262,irm,2,30,10000,14,0.0,uniform
qlearning_balancer[oracle],0.03,0.9777108299825205,8.586106569440275,irm,2,30,10000,14,0.0,uniform
qlearning_balancer[nocache],0.0,0.9593553847223435,11.630836468765736,irm,2,30,10000,14,0.0,uniform
Optimal_QLRU,0.054,0.9999802890413193,0.25437705374889497,irm,2,30,10000,22,0.0,uniform
qlearning_balancer[qlearn],0.0297,0.9779888914001313,8.531979918422145,irm,2,30,10000,22,0.0,uniform
qlearning_balancer[lru],0.0298,0.9794306107148798,8.245814326036204,irm,2,30,10000,22,0.0,uniform
qlearning_balancer[oracle],0.0288,0.9840708395112235,7.2506820528653435,irm,2,30,10000,22,0.0,uniform
qlearning_balancer[nocache],0.0,0.976806805651519,8.759839668853099,irm,2,30,10000,22,0.0,uniform
Optimal_QLRU,0.0395,0.9999881960322322,0.19685094059396144,irm,2,30,10000,17,0.0,uniform
qlearning_balancer[qlearn],0.0107,0.9814330548754912,7.831519320286128,irm,2,30,10000,17,0.0,uniform
qlearning_balancer[lru],0.0277,0.9814228589988834,7.833682826556122,irm,2,30,10000,17,0.0,uniform
qlearning_balancer[oracle],0.0303,0.9814556273255872,7.826727502113155,irm,2,30,10000,17,0.0,uniform
qlearning_balancer[nocache],0.0,0.9828650713764537,7.521629142941776,irm,2,30,10000,17,0.0,uniform
Optimal_QLRU,0.0306,0.9999904229375498,0.17731255396280476,irm,2,30,10000,23,0.0,uniform
qlearning_balancer[qlearn],0.0253,0.9983848082144718,2.3033061214010195,irm,2,30,10000,23,0.0,uniform
qlearning_balancer[lru],0.0271,0.9961325936535592,3.565437806068933,irm,2,30,10000,23,0.0,uniform
qlearning_balancer[oracle],0.0302,0.9985623133481802,2.172995719483198,irm,2,30,10000,23,0.0,uniform
qlearning_balancer[nocache],0.0,0.9967884344798043,3.2487310616254392,irm,2,30,10000,23,0.0,uniform
Optimal_QLRU,0.0456,0.9995252558947978,1.248494955577463,irm,2,30,10000,18,0.0,uniform
qlearning_balancer[qlearn],0.0117,0.947257155907343,13.27694366094377,irm,2,30,10000,18,0.0,uniform
qlearning_balancer[lru],0.0285,0.9560359840332552,12.103364439943883,irm,2,30,10000,18,0.0,uniform
qlearning_balancer[oracle],0.0296,0.9549290233146739,12.257129003859603,irm,2,30,10000,18,0.0,uniform
qlearning_balancer[nocache],0.0,0.9570950950000947,11.954508090939543,irm,2,30,10000,18,0.0,uniform
Optimal_QLRU,0.0507,0.9998583265751185,0.6819885511872076,irm,2,30,10000,19,0.0,uniform
qlearning_balancer[qlearn],0.0279,0.9929511353396786,4.8160807069759874,irm,2,30,10000,19,0.0,uniform
qlearning_balancer[lru],0.0276,0.9906573004029327,5.546734782889484,irm,2,30,10000,19,0.0,uniform
qlearning_balancer[oracle],0.0243,0.9916324928946912,5.2484154407941555,irm,2,30,10000,19,0.0,uniform
qlearning_balancer[nocache],0.0,0.9929734415431133,4.808436431626499,irm,2,30,10000,19,0.0,uniform
Optimal_QLRU,0.0516,0.9999722063971624,0.30206267760703975,irm,2,30,10000,20,0.0,uniform
qlearning_balancer[qlearn],0.0111,0.9659765241976199,10.629332319666915,irm,2,30,10000,20,0.0,uniform
qlearning_balancer[lru],0.0265,0.965075475915525,10.770821078875906,irm,2,30,10000,20,0.0,uniform
qlearning_balancer[oracle],0.0315,0.9674955091448658,10.386653027008315,irm,2,30,10000,20,0.0,uniform
qlearning_balancer[nocache],0.0,0.9591085520532625,11.666594538490676,irm,2,30,10000,20,0.0,uniform
Optimal_QLRU,0.0499,0.9999273225238964,0.4884586576408029,irm,2,30,10000,21,0.0,uniform
qlearning_balancer[qlearn],0.0415,0.9948831982365217,4.1019748337446345,irm,2,30,10000,21,0.0,uniform
qlearning_balancer[lru],0.028,0.9942720527943795,4.34047852455988,irm,2,30,10000,21,0.0,uniform
qlearning_balancer[oracle],0.0301,0.9935651497913295,4.601068787586845,irm,2,30,10000,21,0.0,uniform
qlearning_balancer[nocache],0.0,0.9920310241003459,5.121561542114371,irm,2,30,10000,21,0.0,uniform
Optimal_QLRU,0.0505,0.9981298314845545,2.4785544452903703,irm,2,30,10000,25,0.0,uniform
qlearning_balancer[qlearn],0.02,0.9786886800621764,8.394262945705346,irm,2,30,10000,25,0.0,uniform
qlearning_balancer[lru],0.0297,0.9788578852235528,8.36063311957503,irm,2,30,10000,25,0.0,uniform
qlearning_balancer[oracle],0.0295,0.9770620057567083,8.711136177502956,irm,2,30,10000,25,0.0,uniform
qlearning_balancer[nocache],0.0,0.976206513342144,8.873381043824256,irm,2,30,10000,25,0.0,uniform
Optimal_QLRU,0.0598,0.9990098233354677,1.8032281288122047,irm,2,30,10000,27,0.0,uniform
qlearning_balancer[qlearn],0.0451,0.9951143928324053,4.008078065561696,irm,2,30,10000,27,0.0,uniform
qlearning_balancer[lru],0.0285,0.9973106635682946,2.97262450015128,irm,2,30,10000,27,0.0,uniform
qlearning_balancer[oracle],0.0292,0.9980804067011467,2.5111131809991187,irm,2,30,10000,27,0.0,uniform
qlearning_balancer[nocache],0.0,0.9973700946830887,2.939566109242356,irm,2,30,10000,27,0.0,uniform
Optimal_QLRU,0.038,0.9987229386363036,2.047957762734532,irm,2,30,10000,24,0.0,uniform
qlearning_balancer[qlearn],0.0247,0.9889517619679075,6.033538679643804,irm,2,30,10000,24,0.0,uniform
qlearning_balancer[lru],0.0312,0.9918809062787142,5.169706013720982,irm,2,30,10000,24,0.0,uniform
qlearning_balancer[oracle],0.0333,0.9921127400451156,5.095165169147117,irm,2,30,10000,24,0.0,uniform
qlearning_balancer[nocache],0.0,0.988155680472929,6.247967446439345,irm,2,30,10000,24,0.0,uniform
Optimal_QLRU,0.0471,0.9998334121915761,0.7395308550862978,irm,2,30,10000,26,0.0,uniform
qlearning_balancer[qlearn],0.009,0.9963829168043958,3.4479744782367363,irm,2,30,10000,26,0.0,uniform
qlearning_balancer[lru],0.0281,0.9941928328007987,4.370448754142612,irm,2,30,10000,26,0.0,uniform
qlearning_balancer[oracle],0.0316,0.998054249218816,2.528175264335705,irm,2,30,10000,26,0.0,uniform
qlearning_balancer[nocache],0.0,0.9987161138381611,2.053425098174433,irm,2,30,10000,26,0.0,uniform
Optimal_QLRU,0.0557,0.9993915463031033,1.413450001619994,irm,2,30,10000,29,0.0,uniform
qlearning_balancer[qlearn],0.0175,0.9978775845995889,2.6405328318224734,irm,2,30,10000,29,0.0,uniform
qlearning_balancer[lru],0.0312,0.9994007060660964,1.4027683584832398,irm,2,30,10000,29,0.0,uniform
qlearning_balancer[oracle],0.0301,0.9978775845995889,2.6405328318224734,irm,2,30,10000,29,0.0,uniform
qlearning_balancer[nocache],0.0,0.9999783360674148,0.2666814748566251,irm,2,30,10000,29,0.0,uniform
Optimal_QLRU,0.0686,0.9999992622534515,0.04921259645560984,irm,2,100,10000,1,0.0,uniform
qlearning_balancer[qlearn],0.031,0.9980833230282358,2.509203740114128,irm,2,100,10000,1,0.0,uniform
qlearning_balancer[lru],0.0696,0.9930031293598819,4.798243785096283,irm,2,100,10000,1,0.0,uniform
qlearning_balancer[oracle],0.0751,0.9934977114702728,4.625168170922623,irm,2,100,10000,1,0.0,uniform
qlearning_balancer[nocache],0.0,0.9943634623201055,4.305639570045455,irm,2,100,10000,1,0.0,uniform
Optimal_QLRU,0.0636,0.9999714895011342,0.3059335486780384,irm,2,100,10000,0,0.0,uniform
qlearning_balancer[qlearn],0.0724,0.9999999527830721,0.012450061590636835,irm,2,100,10000,0,0.0,uniform
qlearning_balancer[lru],0.0694,0.9999525924237201,0.394502663942385,irm,2,100,10000,0,0.0,uniform
qlearning_balancer[oracle],0.0778,0.9998998294773578,0.5734556726022568,irm,2,100,10000,0,0.0,uniform
qlearning_balancer[nocache],0.0,0.997026163620923,3.126055296253068,irm,2,100,10000,0,0.0,uniform
Optimal_QLRU,0.0547,0.9998079917544201,0.7939560658909898,irm,2,30,10000,28,0.0,uniform
qlearning_balancer[qlearn],0.0269,0.9729090045879225,9.473616496769457,irm,2,30,10000,28,0.0,uniform
qlearning_balancer[lru],0.0282,0.9764341224248446,8.830496641478385,irm,2,30,10000,28,0.0,uniform
qlearning_balancer[oracle],0.0304,0.9742928499592444,9.226311988907332,irm,2,30,10000,28,0.0,uniform
qlearning_balancer[nocache],0.0,0.9734368487654096,9.380028128267769,irm,2,30,10000,28,0.0,uniform
Optimal_QLRU,0.0487,0.9996693918101738,1.0418456179019229,irm,2,100,10000,7,0.0,uniform
qlearning_balancer[qlearn],0.0198,0.9999565409587863,0.3777164058420482,irm,2,100,10000,7,0.0,uniform
qlearning_balancer[lru],0.0648,0.9996179874794964,1.119925377506013,irm,2,100,10000,7,0.0,uniform
qlearning_balancer[oracle],0.0679,0.999650322885255,1.0714737880186946,irm,2,100,10000,7,0.0,uniform
qlearning_balancer[nocache],0.0,0.9997978649572361,0.8146256299855301,irm,2,100,10000,7,0.0,uniform
Optimal_QLRU,0.0748,0.9998318030211542,0.7430942538425117,irm,2,100,10000,2,0.0,uniform
qlearning_balancer[qlearn],0.0319,0.9901871920436679,5.68502169506877,irm,2,100,10000,2,0.0,uniform
qlearning_balancer[lru],0.0675,0.9885310945940663,6.147765282325731,irm,2,100,10000,2,0.0,uniform
qlearning_balancer[oracle],0.0726,0.9900977083771173,5.710969712963733,irm,2,100,10000,2,0.0,uniform
qlearning_balancer[nocache],0.0,0.9901870335557502,5.6850677558986185,irm,2,100,10000,2,0.0,uniform
Optimal_QLRU,0.0422,0.9999658168923413,0.3349892558642977,irm,2,100,10000,3,0.0,uniform
qlearning_balancer[qlearn],0.0347,0.9850720610551578,7.017930147694092,irm,2,100,10000,3,0.0,uniform
qlearning_balancer[lru],0.0705,0.9892679318030193,5.946264621299223,irm,2,100,10000,3,0.0,uniform
qlearning_balancer[oracle],0.0798,0.9853546851513773,6.950847989475987,irm,2,100,10000,3,0.0,uniform
qlearning_balancer[nocache],0.0,0.9895901492405464,5.856002680357349,irm,2,100,10000,3,0.0,uniform
Optimal_QLRU,0.0239,0.9998753161461382,0.6397889963924546,irm,2,100,10000,4,0.0,uniform
qlearning_balancer[qlearn],0.0648,0.9833399475262603,7.416075534055845,irm,2,100,10000,4,0.0,uniform
qlearning_balancer[lru],0.0661,0.9756071795476001,8.985355422806945,irm,2,100,10000,4,0.0,uniform
qlearning_balancer[oracle],0.071,0.984638534817758,7.11962581582761,irm,2,100,10000,4,0.0,uniform
qlearning_balancer[nocache],0.0,0.9737475731295575,9.324512504397044,irm,2,100,10000,4,0.0,uniform
Optimal_QLRU,0.0697,0.9996855256337672,1.016103676449775,irm,2,100,10000,6,0.0,uniform
qlearning_balancer[qlearn],0.0401,0.9987123835581672,2.0564072865471243,irm,2,100,10000,6,0.0,uniform
qlearning_balancer[lru],0.0688,0.9959152756576537,3.6643767183491254,irm,2,100,10000,6,0.0,uniform
qlearning_balancer[oracle],0.0757,0.9958281738441175,3.703293761478222,irm,2,100,10000,6,0.0,uniform
qlearning_balancer[nocache],0.0,0.9990786465832415,1.7394120328475684,irm,2,100,10000,6,0.0,uniform
Optimal_QLRU,0.0333,0.9984652842425727,2.2451623848458055,irm,2,100,10000,5,0.0,uniform
qlearning_balancer[qlearn],0.0225,0.9744596461082039,9.196071102550338,irm,2,100,10000,5,0.0,uniform
qlearning_balancer[lru],0.0737,0.9657180066085655,10.670109437405035,irm,2,100,10000,5,0.0,uniform
qlearning_balancer[oracle],0.0767,0.9731104093183433,9.438012343713355,irm,2,100,10000,5,0.0,uniform
qlearning_balancer[nocache],0.0,0.9797879491010684,8.17338178956649,irm,2,100,10000,5,0.0,uniform
Optimal_QLRU,0.0479,0.9995275342589761,1.2454950274030385,irm,2,100,10000,10,0.0,uniform
qlearning_balancer[qlearn],0.0233,0.9998439305189842,0.7158020252784102,irm,2,100,10000,10,0.0,uniform
qlearning_balancer[lru],0.0624,0.9999266310377279,0.49077692073394436,irm,2,100,10000,10,0.0,uniform
qlearning_balancer[oracle],0.07,0.9985583133047008,2.1760180107092957,irm,2,100,10000,10,0.0,uniform
qlearning_balancer[nocache],0.0,0.99974475450261,0.915419489223778,irm,2,100,10000,10,0.0,uniform
Optimal_QLRU,0.0435,0.9994370922485519,1.359508727697658,irm,2,100,10000,13,0.0,uniform
qlearning_balancer[qlearn],0.0358,0.9990038348243421,1.8086746069484487,irm,2,100,10000,13,0.0,uniform
qlearning_balancer[lru],0.0649,0.9988576468501149,1.9368926231901114,irm,2,100,10000,13,0.0,uniform
qlearning_balancer[oracle],0.0729,0.9999699020443804,0.3143354118291516,irm,2,100,10000,13,0.0,uniform
qlearning_balancer[nocache],0.0,0.9975741478578254,2.8231278165437135,irm,2,100,10000,13,0.0,uniform
Optimal_QLRU,0.0372,0.9980461210858845,2.5334537675894007,irm,2,100,10000,14,0.0,uniform
qlearning_balancer[qlearn],0.0284,0.9810833358492734,7.9053980148191165,irm,2,100,10000,14,0.0,uniform
qlearning_balancer[lru],0.063,0.9859057267116659,6.8181957800926485,irm,2,100,10000,14,0.0,uniform
qlearning_balancer[oracle],0.0689,0.9855686062697109,6.899647782083247,irm,2,100,10000,14,0.0,uniform
qlearning_balancer[nocache],0.0,0.9593553847223435,11.630836468765736,irm,2,100,10000,14,0.0,uniform
Optimal_QLRU,0.01,0.999691188139862,1.0069130584593051,irm,2,100,10000,8,0.0,uniform
qlearning_balancer[qlearn],0.0177,0.9876782081609111,6.373170018093174,irm,2,100,10000,8,0.0,uniform
qlearning_balancer[lru],0.0611,0.9895605201372816,5.864359783494829,irm,2,100,10000,8,0.0,uniform
qlearning_balancer[oracle],0.0668,0.9893709103775781,5.917565070346266,irm,2,100,10000,8,0.0,uniform
qlearning_balancer[nocache],0.0,0.987678092016,6.373200179190802,irm,2,100,10000,8,0.0,uniform
Optimal_QLRU,0.0248,0.9989378024312522,1.8676788394342931,irm,2,100,10000,15,0.0,uniform
qlearning_balancer[qlearn],0.0525,0.9999872647865014,0.20446862159765417,irm,2,100,10000,15,0.0,uniform
qlearning_balancer[lru],0.0666,0.9983233369396529,2.346750754222065,irm,2,100,10000,15,0.0,uniform
qlearning_balancer[oracle],0.0757,0.9988612085409008,1.9338696424214616,irm,2,100,10000,15,0.0,uniform
qlearning_balancer[nocache],0.0,0.9991020666009875,1.71715583997917,irm,2,100,10000,15,0.0,uniform
Optimal_QLRU,0.033,0.9994540828013894,1.3388303332617977,irm,2,100,10000,9,0.0,uniform
qlearning_balancer[qlearn],0.0381,0.985683891499437,6.871900146638941,irm,2,100,10000,9,0.0,uniform
qlearning_balancer[lru],0.0623,0.9848131605944465,7.078834612559072,irm,2,100,10000,9,0.0,uniform
qlearning_balancer[oracle],0.0679,0.9825666011811921,7.587237542589167,irm,2,100,10000,9,0.0,uniform
qlearning_balancer[nocache],0.0,0.9918501231762339,5.179523804754367,irm,2,100,10000,9,0.0,uniform
Optimal_QLRU,0.0263,0.9997903490544301,0.8296333875547023,irm,2,100,10000,11,0.0,uniform
qlearning_balancer[qlearn],0.0257,0.9862097693492917,6.743908255934822,irm,2,100,10000,11,0.0,uniform
qlearning_balancer[lru],0.0652,0.9830438769092964,7.4820557613592715,irm,2,100,10000,11,0.0,uniform
qlearning_balancer[oracle],0.0723,0.9804128533622719,8.045189504630022,irm,2,100,10000,11,0.0,uniform
qlearning_balancer[nocache],0.0,0.9884194168643736,6.177740471194636,irm,2,100,10000,11,0.0,uniform
Optimal_QLRU,0.073,0.999395428619756,1.4089325241207475,irm,2,100,10000,12,0.0,uniform
qlearning_balancer[qlearn],0.0574,0.9983319547520995,2.3407086340425094,irm,2,100,10000,12,0.0,uniform
qlearning_balancer[lru],0.0703,0.9870819947761937,6.526192163437953,irm,2,100,10000,12,0.0,uniform
qlearning_balancer[oracle],0.0766,0.9876334213252838,6.38479009934732,irm,2,100,10000,12,0.0,uniform
qlearning_balancer[nocache],0.0,0.9998828635374503,0.6201220351049597,irm,2,100,10000,12,0.0,uniform
Optimal_QLRU,0.0302,0.9996855468514996,1.0160693937826588,irm,2,100,10000,20,0.0,uniform
qlearning_balancer[qlearn],0.0283,0.9591072633777749,11.666780954326535,irm,2,100,10000,20,0.0,uniform
qlearning_balancer[lru],0.0687,0.9888681721487625,6.056405300586594,irm,2,100,10000,20,0.0,uniform
qlearning_balancer[oracle],0.0735,0.9725013920739375,9.545282391624303,irm,2,100,10000,20,0.0,uniform
qlearning_balancer[nocache],0.0,0.9591085520532625,11.666594538490676,irm,2,100,10000,20,0.0,uniform
Optimal_QLRU,0.0598,0.9993703344024474,1.4378818526298378,irm,2,100,10000,21,0.0,uniform
qlearning_balancer[qlearn],0.0354,0.9920311357617377,5.121525564422439,irm,2,100,10000,21,0.0,uniform
qlearning_balancer[lru],0.0711,0.9952722388250622,3.942695152100463,irm,2,100,10000,21,0.0,uniform
qlearning_balancer[oracle],0.0772,0.994390274966514,4.295367262717591,irm,2,100,10000,21,0.0,uniform
qlearning_balancer[nocache],0.0,0.9920310241003459,5.121561542114371,irm,2,100,10000,21,0.0,uniform
Optimal_QLRU,0.0634,0.9997953496921674,0.8196786961835042,irm,2,100,10000,16,0.0,uniform
qlearning_balancer[qlearn],0.0386,0.9999949704978827,0.12849478265134306,irm,2,100,10000,16,0.0,uniform
qlearning_balancer[lru],0.0688,0.9999994847022875,0.04112934345856154,irm,2,100,10000,16,0.0,uniform
qlearning_balancer[oracle],0.0791,0.9998884498239774,0.6051539006501016,irm,2,100,10000,16,0.0,uniform
qlearning_balancer[nocache],0.0,0.9999639873276359,0.3438372416074815,irm,2,100,10000,16,0.0,uniform
Optimal_QLRU,0.0549,0.9999829718960604,0.23643241113428162,irm,2,100,10000,22,0.0,uniform
qlearning_balancer[qlearn],0.0687,0.977593561609777,8.608834729796671,irm,2,100,10000,22,0.0,uniform
qlearning_balancer[lru],0.0667,0.9815293862231647,7.811049526918957,irm,2,100,10000,22,0.0,uniform
qlearning_balancer[oracle],0.0733,0.9836357863816425,7.349568731854891,irm,2,100,10000,22,0.0,uniform
qlearning_balancer[nocache],0.0,0.976806805651519,8.759839668853099,irm,2,100,10000,22,0.0,uniform
Optimal_QLRU,0.0424,0.9999155576336597,0.5265128103680772,irm,2,100,10000,17,0.0,uniform
qlearning_balancer[qlearn],0.035,0.9776470248801555,8.598480067619134,irm,2,100,10000,17,0.0,uniform
qlearning_balancer[lru],0.0665,0.9772158433979156,8.68164926038024,irm,2,100,10000,17,0.0,uniform
qlearning_balancer[oracle],0.0718,0.9776466012280544,8.59856216726463,irm,2,100,10000,17,0.0,uniform
qlearning_balancer[nocache],0.0,0.9828650713764537,7.521629142941776,irm,2,100,10000,17,0.0,uniform
Optimal_QLRU,0.0545,0.9997839209399141,0.8422569726801395,irm,2,100,10000,19,0.0,uniform
qlearning_balancer[qlearn],0.07,0.9900534857264393,5.723750314710014,irm,2,100,10000,19,0.0,uniform
qlearning_balancer[lru],0.0641,0.9878903908079385,6.3178329285674675,irm,2,100,10000,19,0.0,uniform
qlearning_balancer[oracle],0.0707,0.9902331264845599,5.671656359538846,irm,2,100,10000,19,0.0,uniform
qlearning_balancer[nocache],0.0,0.9929734415431133,4.808436431626499,irm,2,100,10000,19,0.0,uniform
Optimal_QLRU,0.0354,0.998873047010953,1.9237876730749532,irm,2,100,10000,24,0.0,uniform
qlearning_balancer[qlearn],0.0695,0.9904589591190655,5.6054894961756165,irm,2,100,10000,24,0.0,uniform
qlearning_balancer[lru],0.0707,0.9938154774482648,4.510496918208147,irm,2,100,10000,24,0.0,uniform
qlearning_balancer[oracle],0.0761,0.9967038726858379,3.291269854548414,irm,2,100,10000,24,0.0,uniform
qlearning_balancer[nocache],0.0,0.988155680472929,6.247967446439345,irm,2,100,10000,24,0.0,uniform
Optimal_QLRU,0.0707,0.9995508147823314,1.2144171134850732,irm,2,100,10000,18,0.0,uniform
qlearning_balancer[qlearn],0.017,0.9611536782761465,11.367116326981922,irm,2,100,10000,18,0.0,uniform
qlearning_balancer[lru],0.0691,0.943957969143846,13.693739147430884,irm,2,100,10000,18,0.0,uniform
qlearning_balancer[oracle],0.0742,0.9285611594189914,15.50250183803694,irm,2,100,10000,18,0.0,uniform
qlearning_balancer[nocache],0.0,0.9570950950000947,11.954508090939543,irm,2,100,10000,18,0.0,uniform
Optimal_QLRU,0.0774,0.9999518814923861,0.3974497151495498,irm,2,100,10000,28,0.0,uniform
qlearning_balancer[qlearn],0.0363,0.9796384565853047,8.203759608602581,irm,2,100,10000,28,0.0,uniform
qlearning_balancer[lru],0.065,0.9735000115336454,9.368768826522572,irm,2,100,10000,28,0.0,uniform
qlearning_balancer[oracle],0.0694,0.979689072700664,8.193486361631074,irm,2,100,10000,28,0.0,uniform
qlearning_balancer[nocache],0.0,0.9734368487654096,9.380028128267769,irm,2,100,10000,28,0.0,uniform
Optimal_QLRU,0.0322,0.9999811670147566,0.24864720321652528,irm,2,100,10000,23,0.0,uniform
qlearning_balancer[qlearn],0.0343,0.9970022704336741,3.1386007911072213,irm,2,100,10000,23,0.0,uniform
qlearning_balancer[lru],0.068,0.9947723709994089,4.146237044270692,irm,2,100,10000,23,0.0,uniform
qlearning_balancer[oracle],0.0769,0.9982274637078096,2.412951453323846,irm,2,100,10000,23,0.0,uniform
qlearning_balancer[nocache],0.0,0.9967884344798043,3.2487310616254392,irm,2,100,10000,23,0.0,uniform
Optimal_QLRU,0.0389,0.9990587653385017,1.7580844826412345,irm,2,100,10000,25,0.0,uniform
qlearning_balancer[qlearn],0.0405,0.9762119182619736,8.872365014918877,irm,2,100,10000,25,0.0,uniform
qlearning_balancer[lru],0.0682,0.9775321203157682,8.620719664915182,irm,2,100,10000,25,0.0,uniform
qlearning_balancer[oracle],0.0764,0.9686739105636049,10.194588158833874,irm,2,100,10000,25,0.0,uniform
qlearning_balancer[nocache],0.0,0.976206513342144,8.873381043824256,irm,2,100,10000,25,0.0,uniform
Optimal_QLRU,0.0213,0.9993001639499043,1.5159031532109228,irm,2,100,10000,26,0.0,uniform
qlearning_balancer[qlearn],0.0747,0.9968268106205108,3.2292419026031034,irm,2,100,10000,26,0.0,uniform
qlearning_balancer[lru],0.069,0.994974961571613,4.064964175469415,irm,2,100,10000,26,0.0,uniform
qlearning_balancer[oracle],0.0749,0.9982954496613083,2.366197573818436,irm,2,100,10000,26,0.0,uniform
qlearning_balancer[nocache],0.0,0.9987161138381611,2.053425098174433,irm,2,100,10000,26,0.0,uniform
Optimal_QLRU,0.054,0.9997350620982001,0.9326396122070126,irm,2,100,10000,29,0.0,uniform
qlearning_balancer[qlearn],0.0315,0.9953495388693631,3.9102797498766098,irm,2,100,10000,29,0.0,uniform
qlearning_balancer[lru],0.0713,0.9973298798442056,2.9619757201459,irm,2,100,10000,29,0.0,uniform
qlearning_balancer[oracle],0.0727,0.996582523695779,3.35137529688431,irm,2,100,10000,29,0.0,uniform
qlearning_balancer[nocache],0.0,0.9999783360674148,0.2666814748566251,irm,2,100,10000,29,0.0,uniform
Optimal_QLRU,0.0879,0.9995049009507551,1.2749833740554046,irm,2,100,10000,27,0.0,uniform
qlearning_balancer[qlearn],0.0646,0.9973716885060988,2.9386744474802926,irm,2,100,10000,27,0.0,uniform
qlearning_balancer[lru],0.069,0.99509626767076,4.0155181606676145,irm,2,100,10000,27,0.0,uniform
qlearning_balancer[oracle],0.0753,0.9967891056126712,3.2483912299366637,irm,2,100,10000,27,0.0,uniform
qlearning_balancer[nocache],0.0,0.9973700946830887,2.939566109242356,irm,2,100,10000,27,0.0,uniform
Optimal_QLRU,0.0864,0.9999746491531452,0.2884833171803819,irm,2,300,10000,1,0.0,uniform
qlearning_balancer[qlearn],0.0582,0.9972558412874318,3.002797698449113,irm,2,300,10000,1,0.0,uniform
qlearning_balancer[lru],0.1222,0.9965785679969988,3.353316546009617,irm,2,300,10000,1,0.0,uniform
qlearning_balancer[oracle],0.1297,0.9949480760941936,4.075842394846423,irm,2,300,10000,1,0.0,uniform
qlearning_balancer[nocache],0.0,0.9943634623201055,4.305639570045455,irm,2,300,10000,1,0.0,uniform
Optimal_QLRU,0.0533,0.9987937346550568,1.9903589635200325,irm,2,300,10000,4,0.0,uniform
qlearning_balancer[qlearn],0.1047,0.9822472017595363,7.656838355762198,irm,2,300,10000,4,0.0,uniform
qlearning_balancer[lru],0.1186,0.9877367000349861,6.357962673295251,irm,2,300,10000,4,0.0,uniform
qlearning_balancer[oracle],0.1264,0.9803105599283033,8.066309592320449,irm,2,300,10000,4,0.0,uniform
qlearning_balancer[nocache],0.0,0.9737475731295575,9.324512504397044,irm,2,300,10000,4,0.0,uniform
Optimal_QLRU,0.0765,0.9996652240940286,1.0483926420610448,irm,2,300,10000,6,0.0,uniform
qlearning_balancer[qlearn],0.0778,0.9990040626999597,1.8084676566514026,irm,2,300,10000,6,0.0,uniform
qlearning_balancer[lru],0.1197,0.9985125286300913,2.2103175176058576,irm,2,300,10000,6,0.0,uniform
qlearning_balancer[oracle],0.1322,0.9970623159067818,3.1069770429817267,irm,2,300,10000,6,0.0,uniform
qlearning_balancer[nocache],0.0,0.9990786465832415,1.7394120328475684,irm,2,300,10000,6,0.0,uniform
Optimal_QLRU,0.0558,0.9999854631370505,0.21845351277350142,irm,2,300,10000,0,0.0,uniform
qlearning_balancer[qlearn],0.1343,0.9987227691697896,2.048093698503523,irm,2,300,10000,0,0.0,uniform
qlearning_balancer[lru],0.125,0.9999903293448922,0.17817685128732275,irm,2,300,10000,0,0.0,uniform
qlearning_balancer[oracle],0.1322,0.9999109780186859,0.5406020698677495,irm,2,300,10000,0,0.0,uniform
qlearning_balancer[nocache],0.0,0.997026163620923,3.126055296253068,irm,2,300,10000,0,0.0,uniform
Optimal_QLRU,0.0712,0.9996328562720603,1.0979113314692694,irm,2,300,10000,2,0.0,uniform
qlearning_balancer[qlearn],0.0632,0.9932248939606656,4.72141637787687,irm,2,300,10000,2,0.0,uniform
qlearning_balancer[lru],0.1203,0.9924008570529843,5.000996180123966,irm,2,300,10000,2,0.0,uniform
qlearning_balancer[oracle],0.1251,0.9885743738667915,6.136110021958766,irm,2,300,10000,2,0.0,uniform
qlearning_balancer[nocache],0.0,0.9901870335557502,5.6850677558986185,irm,2,300,10000,2,0.0,uniform
Optimal_QLRU,0.0509,0.9999999000878006,0.018110560824891306,irm,2,300,10000,3,0.0,uniform
qlearning_balancer[qlearn],0.0625,0.9876625932751238,6.377223712166294,irm,2,300,10000,3,0.0,uniform
qlearning_balancer[lru],0.1292,0.9856283001613808,6.885293939324149,irm,2,300,10000,3,0.0,uniform
qlearning_balancer[oracle],0.1348,0.9910346163530961,5.4332307715724575,irm,2,300,10000,3,0.0,uniform
qlearning_balancer[nocache],0.0,0.9895901492405464,5.856002680357349,irm,2,300,10000,3,0.0,uniform
Optimal_QLRU,0.0607,0.9998285540960272,0.7502372090164574,irm,2,300,10000,5,0.0,uniform
qlearning_balancer[qlearn],0.0646,0.9546615849277973,12.294007221988668,irm,2,300,10000,5,0.0,uniform
qlearning_balancer[lru],0.1316,0.9463615758672177,13.391271475459984,irm,2,300,10000,5,0.0,uniform
qlearning_balancer[oracle],0.1375,0.9715541313626532,9.709861421291109,irm,2,300,10000,5,0.0,uniform
qlearning_balancer[nocache],0.0,0.9797879491010684,8.17338178956649,irm,2,300,10000,5,0.0,uniform
Optimal_QLRU,0.0342,0.999275801427494,1.5420693234661,irm,2,300,10000,10,0.0,uniform
qlearning_balancer[qlearn],0.0581,0.9985363317964423,2.192552253337593,irm,2,300,10000,10,0.0,uniform
qlearning_balancer[lru],0.1158,0.995580733814199,3.811694713071162,irm,2,300,10000,10,0.0,uniform
qlearning_balancer[oracle],0.1263,0.9989541375022645,1.8532570407621696,irm,2,300,10000,10,0.0,uniform
qlearning_balancer[nocache],0.0,0.99974475450261,0.915419489223778,irm,2,300,10000,10,0.0,uniform
Optimal_QLRU,0.0834,0.9994951580570709,1.2874693403544415,irm,2,300,10000,12,0.0,uniform
qlearning_balancer[qlearn],0.0751,0.9995704668517665,1.1875504553575702,irm,2,300,10000,12,0.0,uniform
qlearning_balancer[lru],0.1249,0.9882699780615894,6.217628468922237,irm,2,300,10000,12,0.0,uniform
qlearning_balancer[oracle],0.1295,0.9957384109037145,3.7429787882892365,irm,2,300,10000,12,0.0,uniform
qlearning_balancer[nocache],0.0,0.9998828635374503,0.6201220351049597,irm,2,300,10000,12,0.0,uniform
Optimal_QLRU,0.0422,0.9994236906753282,1.3756000379880013,irm,2,300,10000,13,0.0,uniform
qlearning_balancer[qlearn],0.0553,0.9959703988329341,3.6395338956121304,irm,2,300,10000,13,0.0,uniform
qlearning_balancer[lru],0.1163,0.9994208278084882,1.3790131701539794,irm,2,300,10000,13,0.0,uniform
qlearning_balancer[oracle],0.1239,0.9994147064847847,1.386282888678939,irm,2,300,10000,13,0.0,uniform
qlearning_balancer[nocache],0.0,0.9975741478578254,2.8231278165437135,irm,2,300,10000,13,0.0,uniform
Optimal_QLRU,0.0596,0.9999853454193218,0.21933623848010747,irm,2,300,10000,7,0.0,uniform
qlearning_balancer[qlearn],0.0322,0.9999758295728961,0.2816868311968778,irm,2,300,10000,7,0.0,uniform
qlearning_balancer[lru],0.1205,0.9999453043244793,0.42374353640609796,irm,2,300,10000,7,0.0,uniform
qlearning_balancer[oracle],0.1261,0.9995914650445799,1.1581553522758317,irm,2,300,10000,7,0.0,uniform
qlearning_balancer[nocache],0.0,0.9997978649572361,0.8146256299855301,irm,2,300,10000,7,0.0,uniform
Optimal_QLRU,0.038,0.9999661147110389,0.33352675792132985,irm,2,300,10000,8,0.0,uniform
qlearning_balancer[qlearn],0.1136,0.9951816976907227,3.980329570339364,irm,2,300,10000,8,0.0,uniform
qlearning_balancer[lru],0.1148,0.997481501242058,2.876576753790835,irm,2,300,10000,8,0.0,uniform
qlearning_balancer[oracle],0.1202,0.9942648852266655,4.343198577185226,irm,2,300,10000,8,0.0,uniform
qlearning_balancer[nocache],0.0,0.987678092016,6.373200179190802,irm,2,300,10000,8,0.0,uniform
Optimal_QLRU,0.0454,0.9989191963686331,1.8839713418195931,irm,2,300,10000,14,0.0,uniform
qlearning_balancer[qlearn],0.0691,0.9639614103656735,10.943349183227326,irm,2,300,10000,14,0.0,uniform
qlearning_balancer[lru],0.1183,0.9842172616724679,7.217102482637725,irm,2,300,10000,14,0.0,uniform
qlearning_balancer[oracle],0.1271,0.979441086009261,8.243699788104617,irm,2,300,10000,14,0.0,uniform
qlearning_balancer[nocache],0.0,0.9593553847223435,11.630836468765736,irm,2,300,10000,14,0.0,uniform
Optimal_QLRU,0.0168,0.9997081175101695,0.9789213105461388,irm,2,300,10000,9,0.0,uniform
qlearning_balancer[qlearn],0.0629,0.9810740309445323,7.907354501858431,irm,2,300,10000,9,0.0,uniform
qlearning_balancer[lru],0.1176,0.984007181854132,7.265233542004351,irm,2,300,10000,9,0.0,uniform
qlearning_balancer[oracle],0.1221,0.9865183518256488,6.667681114589317,irm,2,300,10000,9,0.0,uniform
qlearning_balancer[nocache],0.0,0.9918501231762339,5.179523804754367,irm,2,300,10000,9,0.0,uniform
Optimal_QLRU,0.0436,0.9999264950399457,0.49123157692377684,irm,2,300,10000,11,0.0,uniform
qlearning_balancer[qlearn],0.0731,0.9866241256538383,6.641354834814127,irm,2,300,10000,11,0.0,uniform
qlearning_balancer[lru],0.1202,0.9893238774362422,5.930689870451831,irm,2,300,10000,11,0.0,uniform
qlearning_balancer[oracle],0.1291,0.9886862035584205,6.105892461975891,irm,2,300,10000,11,0.0,uniform
qlearning_balancer[nocache],0.0,0.9884194168643736,6.177740471194636,irm,2,300,10000,11,0.0,uniform
Optimal_QLRU,0.0446,0.9984038911088059,2.289652047395287,irm,2,300,10000,19,0.0,uniform
qlearning_balancer[qlearn],0.101,0.9909513285231877,5.458485883850728,irm,2,300,10000,19,0.0,uniform
qlearning_balancer[lru],0.1176,0.989294616747275,5.938840799359092,irm,2,300,10000,19,0.0,uniform
qlearning_balancer[oracle],0.1227,0.9936568681877077,4.56809054268733,irm,2,300,10000,19,0.0,uniform
qlearning_balancer[nocache],0.0,0.9929734415431133,4.808436431626499,irm,2,300,10000,19,0.0,uniform
Optimal_QLRU,0.0512,0.9999992890643162,0.048310089324243945,irm,2,300,10000,20,0.0,uniform
qlearning_balancer[qlearn],0.0554,0.9728499311579517,9.484035022430463,irm,2,300,10000,20,0.0,uniform
qlearning_balancer[lru],0.1211,0.9894677904241599,5.890439321293661,irm,2,300,10000,20,0.0,uniform
qlearning_balancer[oracle],0.1291,0.9790502274039365,8.322244461384672,irm,2,300,10000,20,0.0,uniform
qlearning_balancer[nocache],0.0,0.9591085520532625,11.666594538490676,irm,2,300,10000,20,0.0,uniform
Optimal_QLRU,0.0504,0.9995204466372739,1.2548037851645746,irm,2,300,10000,21,0.0,uniform
qlearning_balancer[qlearn],0.0907,0.9889090224060793,6.045241052296385,irm,2,300,10000,21,0.0,uniform
qlearning_balancer[lru],0.1233,0.9962388826293835,3.5160390560928776,irm,2,300,10000,21,0.0,uniform
qlearning_balancer[oracle],0.1333,0.9970037904272979,3.137804182489035,irm,2,300,10000,21,0.0,uniform
qlearning_balancer[nocache],0.0,0.9920310241003459,5.121561542114371,irm,2,300,10000,21,0.0,uniform
Optimal_QLRU,0.0344,0.9997651303492249,0.878118416003938,irm,2,300,10000,15,0.0,uniform
qlearning_balancer[qlearn],0.0728,0.999736335998786,0.9303945078854612,irm,2,300,10000,15,0.0,uniform
qlearning_balancer[lru],0.1217,0.9999298377703959,0.47993166167291834,irm,2,300,10000,15,0.0,uniform
qlearning_balancer[oracle],0.1261,0.9987942097777827,1.98996678678213,irm,2,300,10000,15,0.0,uniform
qlearning_balancer[nocache],0.0,0.9991020666009875,1.71715583997917,irm,2,300,10000,15,0.0,uniform
Optimal_QLRU,0.0597,0.9998233106342437,0.7616240130311286,irm,2,300,10000,16,0.0,uniform
qlearning_balancer[qlearn],0.0461,0.9999926975913501,0.1548303970118472,irm,2,300,10000,16,0.0,uniform
qlearning_balancer[lru],0.1257,0.9999918576680883,0.16349242016426624,irm,2,300,10000,16,0.0,uniform
qlearning_balancer[oracle],0.1311,0.9999993044596387,0.04778414846366521,irm,2,300,10000,16,0.0,uniform
qlearning_balancer[nocache],0.0,0.9999639873276359,0.3438372416074815,irm,2,300,10000,16,0.0,uniform
Optimal_QLRU,0.0619,0.999921724848469,0.5069209695385024,irm,2,300,10000,17,0.0,uniform
qlearning_balancer[qlearn],0.0538,0.9855229597150605,6.91060411162844,irm,2,300,10000,17,0.0,uniform
qlearning_balancer[lru],0.1212,0.972758206521707,9.500190289082948,irm,2,300,10000,17,0.0,uniform
qlearning_balancer[oracle],0.1269,0.9750441166096097,9.089337582171899,irm,2,300,10000,17,0.0,uniform
qlearning_balancer[nocache],0.0,0.9828650713764537,7.521629142941776,irm,2,300,10000,17,0.0,uniform
Optimal_QLRU,0.073,0.999671665531037,1.0382564549916051,irm,2,300,10000,18,0.0,uniform
qlearning_balancer[qlearn],0.0318,0.961154967973674,11.366925116104007,irm,2,300,10000,18,0.0,uniform
qlearning_balancer[lru],0.1234,0.9606793460322314,11.437235655391603,irm,2,300,10000,18,0.0,uniform
qlearning_balancer[oracle],0.1286,0.9353703024304877,14.727591532694133,irm,2,300,10000,18,0.0,uniform
qlearning_balancer[nocache],0.0,0.9570950950000947,11.954508090939543,irm,2,300,10000,18,0.0,uniform
Optimal_QLRU,0.0689,0.9997707306550285,0.8675853780391743,irm,2,300,10000,24,0.0,uniform
qlearning_balancer[qlearn],0.1006,0.9881550015329069,6.248147230073424,irm,2,300,10000,24,0.0,uniform
qlearning_balancer[lru],0.1208,0.9944889899243694,4.257336161526877,irm,2,300,10000,24,0.0,uniform
qlearning_balancer[oracle],0.1311,0.9964416453215443,3.419834966480209,irm,2,300,10000,24,0.0,uniform
qlearning_balancer[nocache],0.0,0.988155680472929,6.247967446439345,irm,2,300,10000,24,0.0,uniform
Optimal_QLRU,0.056,0.9999208264355685,0.5098218705895671,irm,2,300,10000,23,0.0,uniform
qlearning_balancer[qlearn],0.0788,0.9989837652084564,1.8268094392492762,irm,2,300,10000,23,0.0,uniform
qlearning_balancer[lru],0.1212,0.9934720200141623,4.634316446816688,irm,2,300,10000,23,0.0,uniform
qlearning_balancer[oracle],0.1313,0.9985024923218773,2.217765453435788,irm,2,300,10000,23,0.0,uniform
qlearning_balancer[nocache],0.0,0.9967884344798043,3.2487310616254392,irm,2,300,10000,23,0.0,uniform
Optimal_QLRU,0.0552,0.9999451100959292,0.42449525634045926,irm,2,300,10000,22,0.0,uniform
qlearning_balancer[qlearn],0.1111,0.9805696242769488,8.012716513845627,irm,2,300,10000,22,0.0,uniform
qlearning_balancer[lru],0.1199,0.9826845719598526,7.561372178787566,irm,2,300,10000,22,0.0,uniform
qlearning_balancer[oracle],0.1251,0.9851588742193484,6.997391704873141,irm,2,300,10000,22,0.0,uniform
qlearning_balancer[nocache],0.0,0.976806805651519,8.759839668853099,irm,2,300,10000,22,0.0,uniform
Optimal_QLRU,0.0573,0.9997366571907954,0.9298275882490634,irm,2,300,10000,28,0.0,uniform
qlearning_balancer[qlearn],0.0675,0.9854964070409915,6.916969597534968,irm,2,300,10000,28,0.0,uniform
qlearning_balancer[lru],0.1186,0.9884616491404429,6.166421860393089,irm,2,300,10000,28,0.0,uniform
qlearning_balancer[oracle],0.1252,0.9921381235778618,5.086938042617549,irm,2,300,10000,28,0.0,uniform
qlearning_balancer[nocache],0.0,0.9734368487654096,9.380028128267769,irm,2,300,10000,28,0.0,uniform
Optimal_QLRU,0.0533,0.9997250491133517,0.9501017068104217,irm,2,300,10000,29,0.0,uniform
qlearning_balancer[qlearn],0.0441,0.9999605055418778,0.3600754987554747,irm,2,300,10000,29,0.0,uniform
qlearning_balancer[lru],0.1224,0.9990144222986305,1.7990342487605762,irm,2,300,10000,29,0.0,uniform
qlearning_balancer[oracle],0.1272,0.9996620684707946,1.0533227214249103,irm,2,300,10000,29,0.0,uniform
qlearning_balancer[nocache],0.0,0.9999783360674148,0.2666814748566251,irm,2,300,10000,29,0.0,uniform
Optimal_QLRU,0.0544,0.9989944800979457,1.8171499926744836,irm,2,300,10000,25,0.0,uniform
qlearning_balancer[qlearn],0.0745,0.9817822967718848,7.7570570061078845,irm,2,300,10000,25,0.0,uniform
qlearning_balancer[lru],0.127,0.9707973143117123,9.839449366443413,irm,2,300,10000,25,0.0,uniform
qlearning_balancer[oracle],0.1319,0.9844051501928295,7.173787931971539,irm,2,300,10000,25,0.0,uniform
qlearning_balancer[nocache],0.0,0.976206513342144,8.873381043824256,irm,2,300,10000,25,0.0,uniform
Optimal_QLRU,0.0288,0.9995761047896089,1.1797298669249974,irm,2,300,10000,26,0.0,uniform
qlearning_balancer[qlearn],0.0612,0.9974556744458776,2.891301015829383,irm,2,300,10000,26,0.0,uniform
qlearning_balancer[lru],0.1216,0.9948778724516419,4.1041126901442615,irm,2,300,10000,26,0.0,uniform
qlearning_balancer[oracle],0.1268,0.9964851325263634,3.3988488609203586,irm,2,300,10000,26,0.0,uniform
qlearning_balancer[nocache],0.0,0.9987161138381611,2.053425098174433,irm,2,300,10000,26,0.0,uniform
Optimal_QLRU,0.0878,0.9992850282249087,1.5322119533993084,irm,2,300,10000,27,0.0,uniform
qlearning_balancer[qlearn],0.1106,0.999990231354209,0.1790772929683197,irm,2,300,10000,27,0.0,uniform
qlearning_balancer[lru],0.124,0.9987246484401294,2.0465857574702926,irm,2,300,10000,27,0.0,uniform
qlearning_balancer[oracle],0.1334,0.9996946485783393,1.0012550283000767,irm,2,300,10000,27,0.0,uniform
qlearning_balancer[nocache],0.0,0.9973700946830887,2.939566109242356,irm,2,300,10000,27,0.0,uniform
Optimal_QLRU,0.0547,0.9999950648866687,0.1272833376120306,irm,2,1000,10000,4,0.0,uniform
qlearning_balancer[qlearn],0.1572,0.9771124013578977,8.701487237174103,irm,2,1000,10000,4,0.0,uniform
qlearning_balancer[lru],0.1937,0.9789483225600503,8.342604540001716,irm,2,1000,10000,4,0.0,uniform
qlearning_balancer[oracle],0.1927,0.9861510384146684,6.758320577121204,irm,2,1000,10000,4,0.0,uniform
qlearning_balancer[nocache],0.0,0.9737475731295575,9.324512504397044,irm,2,1000,10000,4,0.0,uniform
Optimal_QLRU,0.0857,0.999768925620744,0.8709941880597316,irm,2,1000,10000,1,0.0,uniform
qlearning_balancer[qlearn],0.1106,0.9967962574026722,3.244767682148073,irm,2,1000,10000,1,0.0,uniform
qlearning_balancer[lru],0.1986,0.9982762345253552,2.379504720152875,irm,2,1000,10000,1,0.0,uniform
qlearning_balancer[oracle],0.2005,0.9929844239549735,4.804668362924131,irm,2,1000,10000,1,0.0,uniform
qlearning_balancer[nocache],0.0,0.9943634623201055,4.305639570045455,irm,2,1000,10000,1,0.0,uniform
Optimal_QLRU,0.0687,0.9999986048992939,0.06767457119422297,irm,2,1000,10000,0,0.0,uniform
qlearning_balancer[qlearn],0.1759,0.99982901262029,0.7492332424499623,irm,2,1000,10000,0,0.0,uniform
qlearning_balancer[lru],0.1976,0.9999266148331167,0.49083111670678,irm,2,1000,10000,0,0.0,uniform
qlearning_balancer[oracle],0.1957,0.9999048876543393,0.5587891480236166,irm,2,1000,10000,0,0.0,uniform
qlearning_balancer[nocache],0.0,0.997026163620923,3.126055296253068,irm,2,1000,10000,0,0.0,uniform
Optimal_QLRU,0.0652,0.9996042539610637,1.13988114495293,irm,2,1000,10000,5,0.0,uniform
qlearning_balancer[qlearn],0.1019,0.9873433447400671,6.459553634447458,irm,2,1000,10000,5,0.0,uniform
qlearning_balancer[lru],0.2061,0.9481809084383787,13.158054910686507,irm,2,1000,10000,5,0.0,uniform
qlearning_balancer[oracle],0.2073,0.9647162706105518,10.826734678945858,irm,2,1000,10000,5,0.0,uniform
qlearning_balancer[nocache],0.0,0.9797879491010684,8.17338178956649,irm,2,1000,10000,5,0.0,uniform
Optimal_QLRU,0.083,0.9997865096752636,0.8371960786474726,irm,2,1000,10000,2,0.0,uniform
qlearning_balancer[qlearn],0.1216,0.993174044685041,4.739141470823295,irm,2,1000,10000,2,0.0,uniform
qlearning_balancer[lru],0.1946,0.9930894140510601,4.7684973542118465,irm,2,1000,10000,2,0.0,uniform
qlearning_balancer[oracle],0.1928,0.9969055039428978,3.1889069051236074,irm,2,1000,10000,2,0.0,uniform
qlearning_balancer[nocache],0.0,0.9901870335557502,5.6850677558986185,irm,2,1000,10000,2,0.0,uniform
Optimal_QLRU,0.044,0.9999368048201992,0.45547986540890106,irm,2,1000,10000,3,0.0,uniform
qlearning_balancer[qlearn],0.0987,0.9829440037650522,7.504184902195603,irm,2,1000,10000,3,0.0,uniform
qlearning_balancer[lru],0.2045,0.9869807443015078,6.551829800163337,irm,2,1000,10000,3,0.0,uniform
qlearning_balancer[oracle],0.203,0.9874924717166352,6.421224958551759,irm,2,1000,10000,3,0.0,uniform
qlearning_balancer[nocache],0.0,0.9895901492405464,5.856002680357349,irm,2,1000,10000,3,0.0,uniform
Optimal_QLRU,0.0255,0.9998247977667606,0.758411891015619,irm,2,1000,10000,8,0.0,uniform
qlearning_balancer[qlearn],0.1935,0.9988550822130121,1.9390664417744403,irm,2,1000,10000,8,0.0,uniform
qlearning_balancer[lru],0.1896,0.9993202761227156,1.4939570351946727,irm,2,1000,10000,8,0.0,uniform
qlearning_balancer[oracle],0.1881,0.9999837403656218,0.23103575542830904,irm,2,1000,10000,8,0.0,uniform
qlearning_balancer[nocache],0.0,0.987678092016,6.373200179190802,irm,2,1000,10000,8,0.0,uniform
Optimal_QLRU,0.0813,0.9990917247768755,1.7270190617954964,irm,2,1000,10000,12,0.0,uniform
qlearning_balancer[qlearn],0.1392,0.9882213519411377,6.230553482196136,irm,2,1000,10000,12,0.0,uniform
qlearning_balancer[lru],0.2075,0.9994683658436544,1.3211969386047702,irm,2,1000,10000,12,0.0,uniform
qlearning_balancer[oracle],0.2022,0.9948916482438999,4.098580591216262,irm,2,1000,10000,12,0.0,uniform
qlearning_balancer[nocache],0.0,0.9998828635374503,0.6201220351049597,irm,2,1000,10000,12,0.0,uniform
Optimal_QLRU,0.0639,0.9994226093913127,1.376890146762156,irm,2,1000,10000,13,0.0,uniform
qlearning_balancer[qlearn],0.1084,0.9994394267756869,1.3566861497220815,irm,2,1000,10000,13,0.0,uniform
qlearning_balancer[lru],0.1873,0.9995468091101769,1.2198207771257956,irm,2,1000,10000,13,0.0,uniform
qlearning_balancer[oracle],0.1876,0.9999219738386019,0.5061140586666211,irm,2,1000,10000,13,0.0,uniform
qlearning_balancer[nocache],0.0,0.9975741478578254,2.8231278165437135,irm,2,1000,10000,13,0.0,uniform
Optimal_QLRU,0.0781,0.99982776226633,0.7519678125990615,irm,2,1000,10000,6,0.0,uniform
qlearning_balancer[qlearn],0.112,0.9964046472018263,3.4375891720531095,irm,2,1000,10000,6,0.0,uniform
qlearning_balancer[lru],0.1997,0.9880879649240382,6.265873559828423,irm,2,1000,10000,6,0.0,uniform
qlearning_balancer[oracle],0.2055,0.9896313575835054,5.844359978668366,irm,2,1000,10000,6,0.0,uniform
qlearning_balancer[nocache],0.0,0.9990786465832415,1.7394120328475684,irm,2,1000,10000,6,0.0,uniform
Optimal_QLRU,0.0505,0.9992333652767239,1.5866180176956735,irm,2,1000,10000,14,0.0,uniform
qlearning_balancer[qlearn],0.1175,0.9624526767338399,11.172956284950946,irm,2,1000,10000,14,0.0,uniform
qlearning_balancer[lru],0.1952,0.981574406355498,7.801465081580223,irm,2,1000,10000,14,0.0,uniform
qlearning_balancer[oracle],0.1914,0.9800028676406272,8.129515534602856,irm,2,1000,10000,14,0.0,uniform
qlearning_balancer[nocache],0.0,0.9593553847223435,11.630836468765736,irm,2,1000,10000,14,0.0,uniform
Optimal_QLRU,0.0712,0.9999636490426345,0.34544840375162966,irm,2,1000,10000,7,0.0,uniform
qlearning_balancer[qlearn],0.0736,0.9994543340259058,1.3385221849522007,irm,2,1000,10000,7,0.0,uniform
qlearning_balancer[lru],0.1971,0.997087647651153,3.0935391693734693,irm,2,1000,10000,7,0.0,uniform
qlearning_balancer[oracle],0.1975,0.9986028459514069,2.1421306756579312,irm,2,1000,10000,7,0.0,uniform
qlearning_balancer[nocache],0.0,0.9997978649572361,0.8146256299855301,irm,2,1000,10000,7,0.0,uniform
Optimal_QLRU,0.0572,0.9998486400097907,0.7049188666441232,irm,2,1000,10000,9,0.0,uniform
qlearning_balancer[qlearn],0.0896,0.9892649299563046,5.947099171440118,irm,2,1000,10000,9,0.0,uniform
qlearning_balancer[lru],0.1919,0.9813190223200102,7.855683287614904,irm,2,1000,10000,9,0.0,uniform
qlearning_balancer[oracle],0.1945,0.9866193286574191,6.642550987640183,irm,2,1000,10000,9,0.0,uniform
qlearning_balancer[nocache],0.0,0.9918501231762339,5.179523804754367,irm,2,1000,10000,9,0.0,uniform
Optimal_QLRU,0.0731,0.999992725366911,0.15453565804625133,irm,2,1000,10000,10,0.0,uniform
qlearning_balancer[qlearn],0.1229,0.9960020688196576,3.6251843331662426,irm,2,1000,10000,10,0.0,uniform
qlearning_balancer[lru],0.1968,0.9979617360857364,2.5876199161688223,irm,2,1000,10000,10,0.0,uniform
qlearning_balancer[oracle],0.2006,0.9981246542324108,2.481984952775913,irm,2,1000,10000,10,0.0,uniform
qlearning_balancer[nocache],0.0,0.99974475450261,0.915419489223778,irm,2,1000,10000,10,0.0,uniform
Optimal_QLRU,0.05,0.9997828726392939,0.8442977395373916,irm,2,1000,10000,11,0.0,uniform
qlearning_balancer[qlearn],0.1263,0.9764750727700999,8.822759667094676,irm,2,1000,10000,11,0.0,uniform
qlearning_balancer[lru],0.1977,0.9885925817930723,6.131200043675196,irm,2,1000,10000,11,0.0,uniform
qlearning_balancer[oracle],0.2002,0.9890829641167257,5.997474153064608,irm,2,1000,10000,11,0.0,uniform
qlearning_balancer[nocache],0.0,0.9884194168643736,6.177740471194636,irm,2,1000,10000,11,0.0,uniform
Optimal_QLRU,0.0739,0.9995384806621638,1.230979995633213,irm,2,1000,10000,18,0.0,uniform
qlearning_balancer[qlearn],0.0666,0.9489114054044078,13.063327524346802,irm,2,1000,10000,18,0.0,uniform
qlearning_balancer[lru],0.201,0.9653892323071676,10.72175484547089,irm,2,1000,10000,18,0.0,uniform
qlearning_balancer[oracle],0.1971,0.9597598279229036,11.572020189906969,irm,2,1000,10000,18,0.0,uniform
qlearning_balancer[nocache],0.0,0.9570950950000947,11.954508090939543,irm,2,1000,10000,18,0.0,uniform
Optimal_QLRU,0.0583,0.9998005695262615,0.8091570626425417,irm,2,1000,10000,15,0.0,uniform
qlearning_balancer[qlearn],0.1138,0.9996569252363464,1.061309018137153,irm,2,1000,10000,15,0.0,uniform
qlearning_balancer[lru],0.197,0.9998953482289533,0.5861428866968541,irm,2,1000,10000,15,0.0,uniform
qlearning_balancer[oracle],0.2,0.9999414282759261,0.43850129063452614,irm,2,1000,10000,15,0.0,uniform
qlearning_balancer[nocache],0.0,0.9991020666009875,1.71715583997917,irm,2,1000,10000,15,0.0,uniform
Optimal_QLRU,0.0681,0.9998024312935568,0.8053710459166793,irm,2,1000,10000,16,0.0,uniform
qlearning_balancer[qlearn],0.0835,0.9993523795074403,1.4582427005642076,irm,2,1000,10000,16,0.0,uniform
qlearning_balancer[lru],0.2069,0.9952742851881214,3.941840433031381,irm,2,1000,10000,16,0.0,uniform
qlearning_balancer[oracle],0.2022,0.9931620339717038,4.743318595458137,irm,2,1000,10000,16,0.0,uniform
qlearning_balancer[nocache],0.0,0.9999639873276359,0.3438372416074815,irm,2,1000,10000,16,0.0,uniform
Optimal_QLRU,0.0613,0.9999018546709721,0.5676289725325002,irm,2,1000,10000,17,0.0,uniform
qlearning_balancer[qlearn],0.0844,0.981694698808302,7.775799215880835,irm,2,1000,10000,17,0.0,uniform
qlearning_balancer[lru],0.1976,0.9586790576074158,11.728568996072848,irm,2,1000,10000,17,0.0,uniform
qlearning_balancer[oracle],0.1987,0.9608495128126544,11.412127244719048,irm,2,1000,10000,17,0.0,uniform
qlearning_balancer[nocache],0.0,0.9828650713764537,7.521629142941776,irm,2,1000,10000,17,0.0,uniform
Optimal_QLRU,0.0505,0.9983071138865738,2.358083150011115,irm,2,1000,10000,19,0.0,uniform
qlearning_balancer[qlearn],0.1648,0.9868213443892988,6.591992931620839,irm,2,1000,10000,19,0.0,uniform
qlearning_balancer[lru],0.1915,0.9941030612352926,4.404166224333397,irm,2,1000,10000,19,0.0,uniform
qlearning_balancer[oracle],0.1897,0.9936949681097279,4.554321742720682,irm,2,1000,10000,19,0.0,uniform
qlearning_balancer[nocache],0.0,0.9929734415431133,4.808436431626499,irm,2,1000,10000,19,0.0,uniform
Optimal_QLRU,0.0712,0.9999686564155217,0.32077405320130076,irm,2,1000,10000,20,0.0,uniform
qlearning_balancer[qlearn],0.103,0.9759790542183845,8.916037733748539,irm,2,1000,10000,20,0.0,uniform
qlearning_balancer[lru],0.1986,0.991073519045487,5.421394604870028,irm,2,1000,10000,20,0.0,uniform
qlearning_balancer[oracle],0.1974,0.9719166105977616,9.647202587171195,irm,2,1000,10000,20,0.0,uniform
qlearning_balancer[nocache],0.0,0.9591085520532625,11.666594538490676,irm,2,1000,10000,20,0.0,uniform
Optimal_QLRU,0.0462,0.9991266182558706,1.693510622384595,irm,2,1000,10000,21,0.0,uniform
qlearning_balancer[qlearn],0.114,0.9905209138681081,5.587202133875578,irm,2,1000,10000,21,0.0,uniform
qlearning_balancer[lru],0.203,0.9894726372898395,5.889078996900166,irm,2,1000,10000,21,0.0,uniform
qlearning_balancer[oracle],0.2016,0.98616267808471,6.755466649315589,irm,2,1000,10000,21,0.0,uniform
qlearning_balancer[nocache],0.0,0.9920310241003459,5.121561542114371,irm,2,1000,10000,21,0.0,uniform
Optimal_QLRU,0.0476,0.9998714260770492,0.6496932980912202,irm,2,1000,10000,23,0.0,uniform
qlearning_balancer[qlearn],0.1476,0.9999731979826907,0.29662538443861974,irm,2,1000,10000,23,0.0,uniform
qlearning_balancer[lru],0.199,0.9898423386983086,5.784388926444993,irm,2,1000,10000,23,0.0,uniform
qlearning_balancer[oracle],0.1998,0.9827855697103584,7.5391593346667465,irm,2,1000,10000,23,0.0,uniform
qlearning_balancer[nocache],0.0,0.9967884344798043,3.2487310616254392,irm,2,1000,10000,23,0.0,uniform
Optimal_QLRU,0.058,0.9984261716816307,2.2736064540778917,irm,2,1000,10000,24,0.0,uniform
qlearning_balancer[qlearn],0.1464,0.9818384324167988,7.745023126077428,irm,2,1000,10000,24,0.0,uniform
qlearning_balancer[lru],0.1982,0.9961446946463521,3.5598481644428923,irm,2,1000,10000,24,0.0,uniform
qlearning_balancer[oracle],0.1972,0.9922740164431962,5.042667565009249,irm,2,1000,10000,24,0.0,uniform
qlearning_balancer[nocache],0.0,0.988155680472929,6.247967446439345,irm,2,1000,10000,24,0.0,uniform
Optimal_QLRU,0.0686,0.9999796662592234,0.2583644437288283,irm,2,1000,10000,22,0.0,uniform
qlearning_balancer[qlearn],0.1585,0.983496601326724,7.380931567949185,irm,2,1000,10000,22,0.0,uniform
qlearning_balancer[lru],0.1929,0.9857123042822376,6.8650446708501764,irm,2,1000,10000,22,0.0,uniform
qlearning_balancer[oracle],0.1941,0.9874585712686547,6.429957791998736,irm,2,1000,10000,22,0.0,uniform
qlearning_balancer[nocache],0.0,0.976806805651519,8.759839668853099,irm,2,1000,10000,22,0.0,uniform
Optimal_QLRU,0.0282,0.9976465395287003,2.7806516338121674,irm,2,1000,10000,25,0.0,uniform
qlearning_balancer[qlearn],0.1327,0.996656264652331,3.3149799458984024,irm,2,1000,10000,25,0.0,uniform
qlearning_balancer[lru],0.2024,0.9721290865073007,9.610290966131638,irm,2,1000,10000,25,0.0,uniform
qlearning_balancer[oracle],0.2046,0.9857830621049892,6.847942871256448,irm,2,1000,10000,25,0.0,uniform
qlearning_balancer[nocache],0.0,0.976206513342144,8.873381043824256,irm,2,1000,10000,25,0.0,uniform
Optimal_QLRU,0.0414,0.9999947329404949,0.1314943601310611,irm,2,1000,10000,26,0.0,uniform
qlearning_balancer[qlearn],0.1259,0.9965481325432288,3.3682154180103527,irm,2,1000,10000,26,0.0,uniform
qlearning_balancer[lru],0.194,0.9870271926959733,6.540080860100064,irm,2,1000,10000,26,0.0,uniform
qlearning_balancer[oracle],0.1953,0.9875006582813465,6.419114329681238,irm,2,1000,10000,26,0.0,uniform
qlearning_balancer[nocache],0.0,0.9987161138381611,2.053425098174433,irm,2,1000,10000,26,0.0,uniform
Optimal_QLRU,0.0675,0.9998260449713935,0.7557074755202356,irm,2,1000,10000,28,0.0,uniform
qlearning_balancer[qlearn],0.1356,0.9877021196656658,6.366957565390949,irm,2,1000,10000,28,0.0,uniform
qlearning_balancer[lru],0.1941,0.9803201640446351,8.064328961962975,irm,2,1000,10000,28,0.0,uniform
qlearning_balancer[oracle],0.1985,0.9853882476945732,6.942839563198973,irm,2,1000,10000,28,0.0,uniform
qlearning_balancer[nocache],0.0,0.9734368487654096,9.380028128267769,irm,2,1000,10000,28,0.0,uniform
Optimal_QLRU,0.0847,0.9982702984429576,2.3836006766725397,irm,2,1000,10000,27,0.0,uniform
qlearning_balancer[qlearn],0.1537,0.9997243874784001,0.9512442753593154,irm,2,1000,10000,27,0.0,uniform
qlearning_balancer[lru],0.1971,0.9995226266629853,1.2519479435502459,irm,2,1000,10000,27,0.0,uniform
qlearning_balancer[oracle],0.2026,0.9999647757909499,0.3400523707872139,irm,2,1000,10000,27,0.0,uniform
qlearning_balancer[nocache],0.0,0.9973700946830887,2.939566109242356,irm,2,1000,10000,27,0.0,uniform
Optimal_QLRU,0.0996,0.9999210640720954,0.5090561697047307,irm,2,3000,10000,2,0.0,uniform
qlearning_balancer[qlearn],0.1809,0.9927569269454807,4.882134437452392,irm,2,3000,10000,2,0.0,uniform
qlearning_balancer[lru],0.2737,0.9990011529938713,1.81110839632655,irm,2,3000,10000,2,0.0,uniform
qlearning_balancer[oracle],0.2392,0.995082789139929,4.021042020062388,irm,2,3000,10000,2,0.0,uniform
qlearning_balancer[nocache],0.0,0.9901870335557502,5.6850677558986185,irm,2,3000,10000,2,0.0,uniform
Optimal_QLRU,0.0584,0.9997530077931543,0.9004967239600737,irm,2,3000,10000,4,0.0,uniform
qlearning_balancer[qlearn],0.1888,0.9790731170791799,8.317664558572467,irm,2,3000,10000,4,0.0,uniform
qlearning_balancer[lru],0.2713,0.9745516414052705,9.17935079612524,irm,2,3000,10000,4,0.0,uniform
qlearning_balancer[oracle],0.241,0.978166102051074,8.497310095270691,irm,2,3000,10000,4,0.0,uniform
qlearning_balancer[nocache],0.0,0.9737475731295575,9.324512504397044,irm,2,3000,10000,4,0.0,uniform
Optimal_QLRU,0.0914,0.9999300397528271,0.47924033604907235,irm,2,3000,10000,0,0.0,uniform
qlearning_balancer[qlearn],0.2226,0.9978462423135346,2.659972030370771,irm,2,3000,10000,0,0.0,uniform
qlearning_balancer[lru],0.2786,0.9994326957297383,1.3648085361854674,irm,2,3000,10000,0,0.0,uniform
qlearning_balancer[oracle],0.2483,0.9975488998847578,2.8377931353480386,irm,2,3000,10000,0,0.0,uniform
qlearning_balancer[nocache],0.0,0.997026163620923,3.126055296253068,irm,2,3000,10000,0,0.0,uniform
Optimal_QLRU,0.0912,0.999544520363096,1.2228975911152082,irm,2,3000,10000,5,0.0,uniform
qlearning_balancer[qlearn],0.1585,0.9932253777436486,4.721247423643348,irm,2,3000,10000,5,0.0,uniform
qlearning_balancer[lru],0.2819,0.9307901930638727,15.252752830735776,irm,2,3000,10000,5,0.0,uniform
qlearning_balancer[oracle],0.2532,0.9789216034396624,8.347934902956785,irm,2,3000,10000,5,0.0,uniform
qlearning_balancer[nocache],0.0,0.9797879491010684,8.17338178956649,irm,2,3000,10000,5,0.0,uniform
Optimal_QLRU,0.0635,0.9993271710347889,1.4863588905403484,irm,2,1000,10000,29,0.0,uniform
qlearning_balancer[qlearn],0.0784,0.9995415172581297,1.2269230354727092,irm,2,1000,10000,29,0.0,uniform
qlearning_balancer[lru],0.1977,0.9998346872046516,0.7366951889840775,irm,2,1000,10000,29,0.0,uniform
qlearning_balancer[oracle],0.1995,0.9999637739660845,0.3448543029138767,irm,2,1000,10000,29,0.0,uniform
qlearning_balancer[nocache],0.0,0.9999783360674148,0.2666814748566251,irm,2,1000,10000,29,0.0,uniform
Optimal_QLRU,0.0963,0.999989702235423,0.18386321814155263,irm,2,3000,10000,1,0.0,uniform
qlearning_balancer[qlearn],0.165,0.9971329245100714,3.0693749244442574,irm,2,3000,10000,1,0.0,uniform
qlearning_balancer[lru],0.2756,0.9945078701408859,4.25002385488566,irm,2,3000,10000,1,0.0,uniform
qlearning_balancer[oracle],0.2522,0.9999980512357779,0.07998387161458637,irm,2,3000,10000,1,0.0,uniform
qlearning_balancer[nocache],0.0,0.9943634623201055,4.305639570045455,irm,2,3000,10000,1,0.0,uniform
Optimal_QLRU,0.0833,0.999987041110429,0.20625641502215727,irm,2,3000,10000,3,0.0,uniform
qlearning_balancer[qlearn],0.1028,0.9759919815286574,8.91361869673388,irm,2,3000,10000,3,0.0,uniform
qlearning_balancer[lru],0.2824,0.9861855090874391,6.749865281932656,irm,2,3000,10000,3,0.0,uniform
qlearning_balancer[oracle],0.2529,0.9939253206752828,4.470179818551355,irm,2,3000,10000,3,0.0,uniform
qlearning_balancer[nocache],0.0,0.9895901492405464,5.856002680357349,irm,2,3000,10000,3,0.0,uniform
Optimal_QLRU,0.0482,0.9991104737045149,1.7090959101800578,irm,2,3000,10000,9,0.0,uniform
qlearning_balancer[qlearn],0.1139,0.9873509675519275,6.4575998401910235,irm,2,3000,10000,9,0.0,uniform
qlearning_balancer[lru],0.2717,0.9814837924230896,7.820744428217675,irm,2,3000,10000,9,0.0,uniform
qlearning_balancer[oracle],0.2406,0.9946552965407941,4.192490261032674,irm,2,3000,10000,9,0.0,uniform
qlearning_balancer[nocache],0.0,0.9918501231762339,5.179523804754367,irm,2,3000,10000,9,0.0,uniform
Optimal_QLRU,0.112,0.9990626439279436,1.7544572981147124,irm,2,3000,10000,6,0.0,uniform
qlearning_balancer[qlearn],0.1138,0.9977858147337891,2.697056279796452,irm,2,3000,10000,6,0.0,uniform
qlearning_balancer[lru],0.2813,0.995996265016095,3.627818241558539,irm,2,3000,10000,6,0.0,uniform
qlearning_balancer[oracle],0.2526,0.9941086380065325,4.402079098862093,irm,2,3000,10000,6,0.0,uniform
qlearning_balancer[nocache],0.0,0.9990786465832415,1.7394120328475684,irm,2,3000,10000,6,0.0,uniform
Optimal_QLRU,0.0834,0.9999931441737879,0.15002133600547432,irm,2,3000,10000,11,0.0,uniform
qlearning_balancer[qlearn],0.1416,0.9711894943130857,9.772503465047308,irm,2,3000,10000,11,0.0,uniform
qlearning_balancer[lru],0.2798,0.9779364751490552,8.542208564927758,irm,2,3000,10000,11,0.0,uniform
qlearning_balancer[oracle],0.2494,0.9979880898709516,2.570825833875884,irm,2,3000,10000,11,0.0,uniform
qlearning_balancer[nocache],0.0,0.9884194168643736,6.177740471194636,irm,2,3000,10000,11,0.0,uniform
Optimal_QLRU,0.0803,0.9999642383560737,0.34263676284021766,irm,2,3000,10000,7,0.0,uniform
qlearning_balancer[qlearn],0.1337,0.9889140807720845,6.043857203072345,irm,2,3000,10000,7,0.0,uniform
qlearning_balancer[lru],0.2744,0.9982609749999455,2.3900198078896686,irm,2,3000,10000,7,0.0,uniform
qlearning_balancer[oracle],0.2501,0.9999389936353701,0.4475222385027031,irm,2,3000,10000,7,0.0,uniform
qlearning_balancer[nocache],0.0,0.9997978649572361,0.8146256299855301,irm,2,3000,10000,7,0.0,uniform
Optimal_QLRU,0.1078,0.9995840533247555,1.1686153130957417,irm,2,3000,10000,12,0.0,uniform
qlearning_balancer[qlearn],0.191,0.9952676876130226,3.9445954295352172,irm,2,3000,10000,12,0.0,uniform
qlearning_balancer[lru],0.2888,0.9963193746993317,3.478165226060277,irm,2,3000,10000,12,0.0,uniform
qlearning_balancer[oracle],0.2508,0.9881496407803312,6.249566581106718,irm,2,3000,10000,12,0.0,uniform
qlearning_balancer[nocache],0.0,0.9998828635374503,0.6201220351049597,irm,2,3000,10000,12,0.0,uniform
Optimal_QLRU,0.0809,0.9998323916722439,0.7417927110879776,irm,2,3000,10000,8,0.0,uniform
qlearning_balancer[qlearn],0.2208,0.9935856530625912,4.593717007323021,irm,2,3000,10000,8,0.0,uniform
qlearning_balancer[lru],0.2695,0.9998005806093363,0.8091345769389844,irm,2,3000,10000,8,0.0,uniform
qlearning_balancer[oracle],0.234,0.9960472705030191,3.6046051877325858,irm,2,3000,10000,8,0.0,uniform
qlearning_balancer[nocache],0.0,0.987678092016,6.373200179190802,irm,2,3000,10000,8,0.0,uniform
Optimal_QLRU,0.054,0.9980139999155121,2.5542071718578794,irm,2,3000,10000,14,0.0,uniform
qlearning_balancer[qlearn],0.1594,0.9502946718351678,12.882178857328169,irm,2,3000,10000,14,0.0,uniform
qlearning_balancer[lru],0.2706,0.9815256236360546,7.811850034011061,irm,2,3000,10000,14,0.0,uniform
qlearning_balancer[oracle],0.2378,0.9740751927612719,9.26563093075249,irm,2,3000,10000,14,0.0,uniform
qlearning_balancer[nocache],0.0,0.9593553847223435,11.630836468765736,irm,2,3000,10000,14,0.0,uniform
Optimal_QLRU,0.0591,0.9995347321664361,1.2359697157252905,irm,2,3000,10000,10,0.0,uniform
qlearning_balancer[qlearn],0.1587,0.9969351265044183,3.173591335858545,irm,2,3000,10000,10,0.0,uniform
qlearning_balancer[lru],0.2759,0.999491267877819,1.2924211093676394,irm,2,3000,10000,10,0.0,uniform
qlearning_balancer[oracle],0.2473,0.9994036363812563,1.3993339753521283,irm,2,3000,10000,10,0.0,uniform
qlearning_balancer[nocache],0.0,0.99974475450261,0.915419489223778,irm,2,3000,10000,10,0.0,uniform
Optimal_QLRU,0.0952,0.9994091414894205,1.3928590076640028,irm,2,3000,10000,18,0.0,uniform
qlearning_balancer[qlearn],0.1089,0.9514545983345414,12.728428580168124,irm,2,3000,10000,18,0.0,uniform
qlearning_balancer[lru],0.2806,0.9642628413630991,10.89692504579054,irm,2,3000,10000,18,0.0,uniform
qlearning_balancer[oracle],0.2445,0.9420538249749334,13.929046172672312,irm,2,3000,10000,18,0.0,uniform
qlearning_balancer[nocache],0.0,0.9570950950000947,11.954508090939543,irm,2,3000,10000,18,0.0,uniform
Optimal_QLRU,0.0701,0.9993175928242601,1.4969035954106962,irm,2,3000,10000,13,0.0,uniform
qlearning_balancer[qlearn],0.1292,0.9983839515004375,2.3039172181925247,irm,2,3000,10000,13,0.0,uniform
qlearning_balancer[lru],0.2702,0.9928248122080549,4.859146552864358,irm,2,3000,10000,13,0.0,uniform
qlearning_balancer[oracle],0.2398,0.9992806353895458,1.5369128786935269,irm,2,3000,10000,13,0.0,uniform
qlearning_balancer[nocache],0.0,0.9975741478578254,2.8231278165437135,irm,2,3000,10000,13,0.0,uniform
Optimal_QLRU,0.058,0.9994647229153782,1.3257166490416712,irm,2,3000,10000,15,0.0,uniform
qlearning_balancer[qlearn],0.15,0.9996994065590552,0.9934228438916803,irm,2,3000,10000,15,0.0,uniform
qlearning_balancer[lru],0.2793,0.9998543031065341,0.6916053191924809,irm,2,3000,10000,15,0.0,uniform
qlearning_balancer[oracle],0.2507,0.999954251459865,0.3875382411343827,irm,2,3000,10000,15,0.0,uniform
qlearning_balancer[nocache],0.0,0.9991020666009875,1.71715583997917,irm,2,3000,10000,15,0.0,uniform
Optimal_QLRU,0.0747,0.999817536646874,0.7739691784470545,irm,2,3000,10000,16,0.0,uniform
qlearning_balancer[qlearn],0.1123,0.9994234164741307,1.3759273091374336,irm,2,3000,10000,16,0.0,uniform
qlearning_balancer[lru],0.2808,0.9922490961038212,5.050814736014022,irm,2,3000,10000,16,0.0,uniform
qlearning_balancer[oracle],0.2479,0.9677284287826319,10.348960388401723,irm,2,3000,10000,16,0.0,uniform
qlearning_balancer[nocache],0.0,0.9999639873276359,0.3438372416074815,irm,2,3000,10000,16,0.0,uniform
Optimal_QLRU,0.0712,0.9999998145292242,0.024675183454967085,irm,2,3000,10000,20,0.0,uniform
qlearning_balancer[qlearn],0.148,0.970254501377949,9.93139340019191,irm,2,3000,10000,20,0.0,uniform
qlearning_balancer[lru],0.2776,0.9838886940238679,7.2922429857545055,irm,2,3000,10000,20,0.0,uniform
qlearning_balancer[oracle],0.2418,0.9799015568725685,8.150222330844004,irm,2,3000,10000,20,0.0,uniform
qlearning_balancer[nocache],0.0,0.9591085520532625,11.666594538490676,irm,2,3000,10000,20,0.0,uniform
Optimal_QLRU,0.0617,0.9992734893660268,1.544529546784671,irm,2,3000,10000,22,0.0,uniform
qlearning_balancer[qlearn],0.1946,0.9832104256336588,7.445010198013165,irm,2,3000,10000,22,0.0,uniform
qlearning_balancer[lru],0.2779,0.984057289325171,7.253781879715372,irm,2,3000,10000,22,0.0,uniform
qlearning_balancer[oracle],0.2453,0.9806994571023031,7.98572605592173,irm,2,3000,10000,22,0.0,uniform
qlearning_balancer[nocache],0.0,0.976806805651519,8.759839668853099,irm,2,3000,10000,22,0.0,uniform
Optimal_QLRU,0.087,0.9999153591031597,0.5271314005088301,irm,2,3000,10000,17,0.0,uniform
qlearning_balancer[qlearn],0.0874,0.9831976531746587,7.4478575614973215,irm,2,3000,10000,17,0.0,uniform
qlearning_balancer[lru],0.2813,0.9514278923048501,12.731987983567235,irm,2,3000,10000,17,0.0,uniform
qlearning_balancer[oracle],0.2454,0.9536211093597724,12.436507036194724,irm,2,3000,10000,17,0.0,uniform
qlearning_balancer[nocache],0.0,0.9828650713764537,7.521629142941776,irm,2,3000,10000,17,0.0,uniform
Optimal_QLRU,0.0712,0.9985165363761106,2.207336365364973,irm,2,3000,10000,24,0.0,uniform
qlearning_balancer[qlearn],0.184,0.9775926228378494,8.60901644141895,irm,2,3000,10000,24,0.0,uniform
qlearning_balancer[lru],0.2728,0.9974988246791903,2.866658156132642,irm,2,3000,10000,24,0.0,uniform
qlearning_balancer[oracle],0.2491,0.9962374419437022,3.5167132429214427,irm,2,3000,10000,24,0.0,uniform
qlearning_balancer[nocache],0.0,0.988155680472929,6.247967446439345,irm,2,3000,10000,24,0.0,uniform
Optimal_QLRU,0.0782,0.9996912389511217,1.0068302088353618,irm,2,3000,10000,19,0.0,uniform
qlearning_balancer[qlearn],0.1932,0.9945695369213629,4.226052812758169,irm,2,3000,10000,19,0.0,uniform
qlearning_balancer[lru],0.2687,0.9838730283843321,7.295806664976975,irm,2,3000,10000,19,0.0,uniform
qlearning_balancer[oracle],0.2361,0.9900640985403587,5.7206857194053855,irm,2,3000,10000,19,0.0,uniform
qlearning_balancer[nocache],0.0,0.9929734415431133,4.808436431626499,irm,2,3000,10000,19,0.0,uniform
Optimal_QLRU,0.0991,0.9996141435616511,1.125546498354248,irm,2,3000,10000,21,0.0,uniform
qlearning_balancer[qlearn],0.1419,0.9880426790273256,6.277820525621139,irm,2,3000,10000,21,0.0,uniform
qlearning_balancer[lru],0.2872,0.9872846628946473,6.4745749078589085,irm,2,3000,10000,21,0.0,uniform
qlearning_balancer[oracle],0.2467,0.982618946076994,7.575771447839881,irm,2,3000,10000,21,0.0,uniform
qlearning_balancer[nocache],0.0,0.9920310241003459,5.121561542114371,irm,2,3000,10000,21,0.0,uniform
Optimal_QLRU,0.0708,0.9998698821690165,0.653582565380904,irm,2,3000,10000,26,0.0,uniform
qlearning_balancer[qlearn],0.1828,0.9962036860600689,3.532473088180818,irm,2,3000,10000,26,0.0,uniform
qlearning_balancer[lru],0.2788,0.9774486519393557,8.636840016759628,irm,2,3000,10000,26,0.0,uniform
qlearning_balancer[oracle],0.2484,0.990735415258068,5.523425418193145,irm,2,3000,10000,26,0.0,uniform
qlearning_balancer[nocache],0.0,0.9987161138381611,2.053425098174433,irm,2,3000,10000,26,0.0,uniform
Optimal_QLRU,0.0637,0.9998694187582458,0.6547454389335547,irm,2,3000,10000,23,0.0,uniform
qlearning_balancer[qlearn],0.1657,0.996430355186068,3.4252624484424965,irm,2,3000,10000,23,0.0,uniform
qlearning_balancer[lru],0.2819,0.9821360493563102,7.680915321985108,irm,2,3000,10000,23,0.0,uniform
qlearning_balancer[oracle],0.2505,0.9786480046352103,8.402327766715542,irm,2,3000,10000,23,0.0,uniform
qlearning_balancer[nocache],0.0,0.9967884344798043,3.2487310616254392,irm,2,3000,10000,23,0.0,uniform
Optimal_QLRU,0.1591,0.9999845995827887,0.2248484977645742,irm,2,10000,10000,0,0.0,uniform
qlearning_balancer[qlearn],0.2226,0.9978462423135346,2.659972030370771,irm,2,10000,10000,0,0.0,uniform
qlearning_balancer[lru],0.3127,0.9867348590127627,6.6136839146799,irm,2,10000,10000,0,0.0,uniform
qlearning_balancer[oracle],0.2501,0.9984850811683043,2.2306273815708013,irm,2,10000,10000,0,0.0,uniform
qlearning_balancer[nocache],0.0,0.997026163620923,3.126055296253068,irm,2,10000,10000,0,0.0,uniform
Optimal_QLRU,0.0726,0.9994169462905926,1.383627310302635,irm,2,3000,10000,25,0.0,uniform
qlearning_balancer[qlearn],0.1993,0.9980848169367779,2.508225054346574,irm,2,3000,10000,25,0.0,uniform
qlearning_balancer[lru],0.2805,0.9772646569895678,8.672272581415037,irm,2,3000,10000,25,0.0,uniform
qlearning_balancer[oracle],0.2537,0.9842090689808014,7.218985382116876,irm,2,3000,10000,25,0.0,uniform
qlearning_balancer[nocache],0.0,0.976206513342144,8.873381043824256,irm,2,3000,10000,25,0.0,uniform
Optimal_QLRU,0.1695,0.9998851711891571,0.6139830445011824,irm,2,10000,10000,1,0.0,uniform
qlearning_balancer[qlearn],0.165,0.9971329245100714,3.0693749244442574,irm,2,10000,10000,1,0.0,uniform
qlearning_balancer[lru],0.3123,0.9946344108434917,4.2006885294173335,irm,2,10000,10000,1,0.0,uniform
qlearning_balancer[oracle],0.2543,0.9999981400468815,0.07814006458538852,irm,2,10000,10000,1,0.0,uniform
qlearning_balancer[nocache],0.0,0.9943634623201055,4.305639570045455,irm,2,10000,10000,1,0.0,uniform
Optimal_QLRU,0.155,0.9998709455462462,0.6509062963580048,irm,2,10000,10000,3,0.0,uniform
qlearning_balancer[qlearn],0.1028,0.9759919815286574,8.91361869673388,irm,2,10000,10000,3,0.0,uniform
qlearning_balancer[lru],0.3207,0.9733944048557659,9.387586803445721,irm,2,10000,10000,3,0.0,uniform
qlearning_balancer[oracle],0.2549,0.9928022263899038,4.866806691403889,irm,2,10000,10000,3,0.0,uniform
qlearning_balancer[nocache],0.0,0.9895901492405464,5.856002680357349,irm,2,10000,10000,3,0.0,uniform
Optimal_QLRU,0.0996,0.9978494644831288,2.657980105414663,irm,2,3000,10000,27,0.0,uniform
qlearning_balancer[qlearn],0.1778,0.9998997829625199,0.5735888055440738,irm,2,3000,10000,27,0.0,uniform
qlearning_balancer[lru],0.2741,0.9981561781136945,2.4610229625227253,irm,2,3000,10000,27,0.0,uniform
qlearning_balancer[oracle],0.2464,0.9994039204879707,1.3990005490898556,irm,2,3000,10000,27,0.0,uniform
qlearning_balancer[nocache],0.0,0.9973700946830887,2.939566109242356,irm,2,3000,10000,27,0.0,uniform
Optimal_QLRU,0.0898,0.9996262430110604,1.1077566114574613,irm,2,3000,10000,28,0.0,uniform
qlearning_balancer[qlearn],0.1811,0.969840321024323,10.001003300659631,irm,2,3000,10000,28,0.0,uniform
qlearning_balancer[lru],0.2752,0.9811234502499409,7.896957990434815,irm,2,3000,10000,28,0.0,uniform
qlearning_balancer[oracle],0.2523,0.9907364299395874,5.523121999491955,irm,2,3000,10000,28,0.0,uniform
qlearning_balancer[nocache],0.0,0.9734368487654096,9.380028128267769,irm,2,3000,10000,28,0.0,uniform
Optimal_QLRU,0.0867,0.9995809418754673,1.172978635536684,irm,2,3000,10000,29,0.0,uniform
qlearning_balancer[qlearn],0.1189,0.9989375618867365,1.8678903790256078,irm,2,3000,10000,29,0.0,uniform
qlearning_balancer[lru],0.2771,0.9976636270025108,2.770530776655107,irm,2,3000,10000,29,0.0,uniform
qlearning_balancer[oracle],0.2447,0.9911198670791287,5.407259773571542,irm,2,3000,10000,29,0.0,uniform
qlearning_balancer[nocache],0.0,0.9999783360674148,0.2666814748566251,irm,2,3000,10000,29,0.0,uniform
Optimal_QLRU,0.1576,0.9997619070294569,0.8841239481352111,irm,2,10000,10000,4,0.0,uniform
qlearning_balancer[qlearn],0.1909,0.9798765222195406,8.155331254090234,irm,2,10000,10000,4,0.0,uniform
qlearning_balancer[lru],0.3075,0.9797456018428069,8.18199815457563,irm,2,10000,10000,4,0.0,uniform
qlearning_balancer[oracle],0.2437,0.9707118837796223,9.853974573879439,irm,2,10000,10000,4,0.0,uniform
qlearning_balancer[nocache],0.0,0.9737475731295575,9.324512504397044,irm,2,10000,10000,4,0.0,uniform
Optimal_QLRU,0.1643,0.9996990429810139,0.9940235120228365,irm,2,10000,10000,2,0.0,uniform
qlearning_balancer[qlearn],0.1829,0.9925415901318345,4.95435469366743,irm,2,10000,10000,2,0.0,uniform
qlearning_balancer[lru],0.3085,0.996012662961213,3.6203715369610854,irm,2,10000,10000,2,0.0,uniform
qlearning_balancer[oracle],0.2413,0.9919230915907261,5.156221634082031,irm,2,10000,10000,2,0.0,uniform
qlearning_balancer[nocache],0.0,0.9901870335557502,5.6850677558986185,irm,2,10000,10000,2,0.0,uniform
Optimal_QLRU,0.1694,0.9980195738435381,2.550617948513676,irm,2,10000,10000,5,0.0,uniform
qlearning_balancer[qlearn],0.1744,0.986594579606137,6.648718918176328,irm,2,10000,10000,5,0.0,uniform
qlearning_balancer[lru],0.3177,0.9603210186405646,11.489937699713801,irm,2,10000,10000,5,0.0,uniform
qlearning_balancer[oracle],0.2554,0.9776790050010343,8.59228043584821,irm,2,10000,10000,5,0.0,uniform
qlearning_balancer[nocache],0.0,0.9797879491010684,8.17338178956649,irm,2,10000,10000,5,0.0,uniform
Optimal_QLRU,0.1302,0.9998400894526386,0.7245573439454167,irm,2,10000,10000,10,0.0,uniform
qlearning_balancer[qlearn],0.1593,0.996707474794903,3.2894689829788186,irm,2,10000,10000,10,0.0,uniform
qlearning_balancer[lru],0.3124,0.9992844332538686,1.532849495790346,irm,2,10000,10000,10,0.0,uniform
qlearning_balancer[oracle],0.2497,0.9984693119175748,2.2422128646342934,irm,2,10000,10000,10,0.0,uniform
qlearning_balancer[nocache],0.0,0.99974475450261,0.915419489223778,irm,2,10000,10000,10,0.0,uniform
Optimal_QLRU,0.1733,0.9996752601349014,1.032556782179505,irm,2,10000,10000,6,0.0,uniform
qlearning_balancer[qlearn],0.1138,0.9977858147337891,2.697056279796452,irm,2,10000,10000,6,0.0,uniform
qlearning_balancer[lru],0.3165,0.9985222093107021,2.203109684000487,irm,2,10000,10000,6,0.0,uniform
qlearning_balancer[oracle],0.2544,0.9934492632688693,4.642404798891465,irm,2,10000,10000,6,0.0,uniform
qlearning_balancer[nocache],0.0,0.9990786465832415,1.7394120328475684,irm,2,10000,10000,6,0.0,uniform
Optimal_QLRU,0.1445,0.999986869609042,0.2076167610672139,irm,2,10000,10000,11,0.0,uniform
qlearning_balancer[qlearn],0.1416,0.9711894943130857,9.772503465047308,irm,2,10000,10000,11,0.0,uniform
qlearning_balancer[lru],0.3166,0.9911330181733286,5.403242409949526,irm,2,10000,10000,11,0.0,uniform
qlearning_balancer[oracle],0.2521,0.9991548421636164,1.6659146111781882,irm,2,10000,10000,11,0.0,uniform
qlearning_balancer[nocache],0.0,0.9884194168643736,6.177740471194636,irm,2,10000,10000,11,0.0,uniform
Optimal_QLRU,0.1381,0.9999562662260176,0.3789084374008055,irm,2,10000,10000,8,0.0,uniform
qlearning_balancer[qlearn],0.2178,0.9999974258430117,0.09192641708550595,irm,2,10000,10000,8,0.0,uniform
qlearning_balancer[lru],0.3058,0.9934455506027744,4.6437230540937735,irm,2,10000,10000,8,0.0,uniform
qlearning_balancer[oracle],0.2358,0.9987947111948972,1.989552822371902,irm,2,10000,10000,8,0.0,uniform
qlearning_balancer[nocache],0.0,0.987678092016,6.373200179190802,irm,2,10000,10000,8,0.0,uniform
Optimal_QLRU,0.1563,0.9998732301275337,0.645119003803464,irm,2,10000,10000,7,0.0,uniform
qlearning_balancer[qlearn],0.1227,0.9999967925625571,0.10261290007546708,irm,2,10000,10000,7,0.0,uniform
qlearning_balancer[lru],0.3123,0.9971729395185944,3.047860069510802,irm,2,10000,10000,7,0.0,uniform
qlearning_balancer[oracle],0.2513,0.9999260146523502,0.4928342106144993,irm,2,10000,10000,7,0.0,uniform
qlearning_balancer[nocache],0.0,0.9997978649572361,0.8146256299855301,irm,2,10000,10000,7,0.0,uniform
Optimal_QLRU,0.1496,0.9999707412038462,0.30992240738711613,irm,2,10000,10000,13,0.0,uniform
qlearning_balancer[qlearn],0.1292,0.9983839515004375,2.3039172181925247,irm,2,10000,10000,13,0.0,uniform
qlearning_balancer[lru],0.3077,0.9997655801673618,0.8772770689187348,irm,2,10000,10000,13,0.0,uniform
qlearning_balancer[oracle],0.2421,0.9999752061378189,0.28529654905755353,irm,2,10000,10000,13,0.0,uniform
qlearning_balancer[nocache],0.0,0.9975741478578254,2.8231278165437135,irm,2,10000,10000,13,0.0,uniform
Optimal_QLRU,0.1315,0.9995165883692919,1.259842273097136,irm,2,10000,10000,15,0.0,uniform
qlearning_balancer[qlearn],0.15,0.9996994065590552,0.9934228438916803,irm,2,10000,10000,15,0.0,uniform
qlearning_balancer[lru],0.3152,0.997942224525084,2.5999840582961924,irm,2,10000,10000,15,0.0,uniform
qlearning_balancer[oracle],0.2522,0.9989905491524922,1.8206996740218975,irm,2,10000,10000,15,0.0,uniform
qlearning_balancer[nocache],0.0,0.9991020666009875,1.71715583997917,irm,2,10000,10000,15,0.0,uniform
Optimal_QLRU,0.1454,0.999957063006697,0.37544087642351154,irm,2,10000,10000,9,0.0,uniform
qlearning_balancer[qlearn],0.1149,0.9915348311900732,5.27904159676654,irm,2,10000,10000,9,0.0,uniform
qlearning_balancer[lru],0.3074,0.9818714661139416,7.7379331118977515,irm,2,10000,10000,9,0.0,uniform
qlearning_balancer[oracle],0.2449,0.9917216113027725,5.220313398409695,irm,2,10000,10000,9,0.0,uniform
qlearning_balancer[nocache],0.0,0.9918501231762339,5.179523804754367,irm,2,10000,10000,9,0.0,uniform
Optimal_QLRU,0.177,0.9997023898432106,0.9884803737479382,irm,2,10000,10000,18,0.0,uniform
qlearning_balancer[qlearn],0.1113,0.9529576750789764,12.526575563332944,irm,2,10000,10000,18,0.0,uniform
qlearning_balancer[lru],0.3136,0.9634877689404141,11.01591998779027,irm,2,10000,10000,18,0.0,uniform
qlearning_balancer[oracle],0.2454,0.9377163740096283,14.45188367412848,irm,2,10000,10000,18,0.0,uniform
qlearning_balancer[nocache],0.0,0.9570950950000947,11.954508090939543,irm,2,10000,10000,18,0.0,uniform
Optimal_QLRU,0.1794,0.9997490918908043,0.9076076426055869,irm,2,10000,10000,12,0.0,uniform
qlearning_balancer[qlearn],0.1926,0.9921281890690591,5.090159510569364,irm,2,10000,10000,12,0.0,uniform
qlearning_balancer[lru],0.3239,0.9907469651625002,5.519970694187267,irm,2,10000,10000,12,0.0,uniform
qlearning_balancer[oracle],0.2528,0.9777962307848016,8.56951797698439,irm,2,10000,10000,12,0.0,uniform
qlearning_balancer[nocache],0.0,0.9998828635374503,0.6201220351049597,irm,2,10000,10000,12,0.0,uniform
Optimal_QLRU,0.1393,0.998873833210385,1.923116255053171,irm,2,10000,10000,14,0.0,uniform
qlearning_balancer[qlearn],0.1594,0.9502946718351678,12.882178857328169,irm,2,10000,10000,14,0.0,uniform
qlearning_balancer[lru],0.3082,0.9603568298507325,11.484680952005162,irm,2,10000,10000,14,0.0,uniform
qlearning_balancer[oracle],0.2413,0.9699456663735281,9.983342415401548,irm,2,10000,10000,14,0.0,uniform
qlearning_balancer[nocache],0.0,0.9593553847223435,11.630836468765736,irm,2,10000,10000,14,0.0,uniform
Optimal_QLRU,0.1671,0.9999988323873604,0.061911611827269446,irm,2,10000,10000,20,0.0,uniform
qlearning_balancer[qlearn],0.1509,0.9774416168924555,8.638197371359249,irm,2,10000,10000,20,0.0,uniform
qlearning_balancer[lru],0.3137,0.9817769924262301,7.758193164867036,irm,2,10000,10000,20,0.0,uniform
qlearning_balancer[oracle],0.2431,0.9787173634329972,8.388571293027258,irm,2,10000,10000,20,0.0,uniform
qlearning_balancer[nocache],0.0,0.9591085520532625,11.666594538490676,irm,2,10000,10000,20,0.0,uniform
Optimal_QLRU,0.1683,0.99942783117805,1.3706486748773694,irm,2,10000,10000,16,0.0,uniform
qlearning_balancer[qlearn],0.1161,0.9993868515148603,1.4188936769941576,irm,2,10000,10000,16,0.0,uniform
qlearning_balancer[lru],0.3141,0.9683081858943827,10.254565042988817,irm,2,10000,10000,16,0.0,uniform
qlearning_balancer[oracle],0.2494,0.9624894879738273,11.167407521232171,irm,2,10000,10000,16,0.0,uniform
qlearning_balancer[nocache],0.0,0.9999639873276359,0.3438372416074815,irm,2,10000,10000,16,0.0,uniform
Optimal_QLRU,0.1311,0.9999837748228323,0.23079082025021325,irm,2,10000,10000,23,0.0,uniform
qlearning_balancer[qlearn],0.1657,0.996430355186068,3.4252624484424965,irm,2,10000,10000,23,0.0,uniform
qlearning_balancer[lru],0.3161,0.9731319292875054,9.434200407332439,irm,2,10000,10000,23,0.0,uniform
qlearning_balancer[oracle],0.2526,0.978339671421128,8.46321905930323,irm,2,10000,10000,23,0.0,uniform
qlearning_balancer[nocache],0.0,0.9967884344798043,3.2487310616254392,irm,2,10000,10000,23,0.0,uniform
Optimal_QLRU,0.1302,0.9991345039681334,1.685845765917906,irm,2,10000,10000,24,0.0,uniform
qlearning_balancer[qlearn],0.188,0.9817962368621744,7.75407034892658,irm,2,10000,10000,24,0.0,uniform
qlearning_balancer[lru],0.3127,0.9874769895144091,6.425214657238054,irm,2,10000,10000,24,0.0,uniform
qlearning_balancer[oracle],0.2512,0.995112142023068,4.009002733508077,irm,2,10000,10000,24,0.0,uniform
qlearning_balancer[nocache],0.0,0.988155680472929,6.247967446439345,irm,2,10000,10000,24,0.0,uniform
Optimal_QLRU,0.1431,0.9998872352080195,0.608439718147078,irm,2,10000,10000,17,0.0,uniform
qlearning_balancer[qlearn],0.0874,0.9831976531746587,7.4478575614973215,irm,2,10000,10000,17,0.0,uniform
qlearning_balancer[lru],0.3155,0.9420609781280409,13.92816906584586,irm,2,10000,10000,17,0.0,uniform
qlearning_balancer[oracle],0.2476,0.9614977304897862,11.315998597359753,irm,2,10000,10000,17,0.0,uniform
qlearning_balancer[nocache],0.0,0.9828650713764537,7.521629142941776,irm,2,10000,10000,17,0.0,uniform
Optimal_QLRU,0.1293,0.9997452103139118,0.9146016873849862,irm,2,10000,10000,19,0.0,uniform
qlearning_balancer[qlearn],0.1932,0.9945695369213629,4.226052812758169,irm,2,10000,10000,19,0.0,uniform
qlearning_balancer[lru],0.3042,0.9727576384618747,9.500290257822774,irm,2,10000,10000,19,0.0,uniform
qlearning_balancer[oracle],0.2385,0.9823945363644201,7.624809517261098,irm,2,10000,10000,19,0.0,uniform
qlearning_balancer[nocache],0.0,0.9929734415431133,4.808436431626499,irm,2,10000,10000,19,0.0,uniform
Optimal_QLRU,0.1618,0.999846076648023,0.7108631972927345,irm,2,10000,10000,21,0.0,uniform
qlearning_balancer[qlearn],0.144,0.9887156402811423,6.097913834085628,irm,2,10000,10000,21,0.0,uniform
qlearning_balancer[lru],0.3182,0.9864910707028279,6.674454632137178,irm,2,10000,10000,21,0.0,uniform
qlearning_balancer[oracle],0.2486,0.9864004657776683,6.696902287346064,irm,2,10000,10000,21,0.0,uniform
qlearning_balancer[nocache],0.0,0.9920310241003459,5.121561542114371,irm,2,10000,10000,21,0.0,uniform
Optimal_QLRU,0.1606,0.9999795063005352,0.25937869289263416,irm,2,10000,10000,22,0.0,uniform
qlearning_balancer[qlearn],0.1961,0.9912910032061447,5.3547487565256295,irm,2,10000,10000,22,0.0,uniform
qlearning_balancer[lru],0.3157,0.9798952087379585,8.151518115239782,irm,2,10000,10000,22,0.0,uniform
qlearning_balancer[oracle],0.248,0.9789931130985068,8.333661567285041,irm,2,10000,10000,22,0.0,uniform
qlearning_balancer[nocache],0.0,0.976806805651519,8.759839668853099,irm,2,10000,10000,22,0.0,uniform
Optimal_QLRU,0.1541,0.9999976381754696,0.08805349891070731,irm,2,10000,10000,26,0.0,uniform
qlearning_balancer[qlearn],0.1872,0.9968882427182212,3.197797683661336,irm,2,10000,10000,26,0.0,uniform
qlearning_balancer[lru],0.3144,0.9696648524120774,10.030353964761552,irm,2,10000,10000,26,0.0,uniform
qlearning_balancer[oracle],0.2506,0.9857787957209495,6.848975220788497,irm,2,10000,10000,26,0.0,uniform
qlearning_balancer[nocache],0.0,0.9987161138381611,2.053425098174433,irm,2,10000,10000,26,0.0,uniform
Optimal_QLRU,0.1591,0.9993707795157208,1.4373734337194966,irm,2,10000,10000,29,0.0,uniform
qlearning_balancer[qlearn],0.122,0.9989585027074931,1.8493841019782837,irm,2,10000,10000,29,0.0,uniform
qlearning_balancer[lru],0.3102,0.9990923964555363,1.7263801763216589,irm,2,10000,10000,29,0.0,uniform
qlearning_balancer[oracle],0.2468,0.9954458293438633,3.8695233925443064,irm,2,10000,10000,29,0.0,uniform
qlearning_balancer[nocache],0.0,0.9999783360674148,0.2666814748566251,irm,2,10000,10000,29,0.0,uniform
Optimal_QLRU,0.1474,0.9993585863560034,1.4512364150222714,irm,2,10000,10000,25,0.0,uniform
qlearning_balancer[qlearn],0.2169,0.9965067700837018,3.388358786986526,irm,2,10000,10000,25,0.0,uniform
qlearning_balancer[lru],0.3164,0.9805474832014186,8.017310506714292,irm,2,10000,10000,25,0.0,uniform
qlearning_balancer[oracle],0.2546,0.9671848205668216,10.436728207316852,irm,2,10000,10000,25,0.0,uniform
qlearning_balancer[nocache],0.0,0.976206513342144,8.873381043824256,irm,2,10000,10000,25,0.0,uniform
Optimal_QLRU,0.363,0.99996057025272,0.35978038586182104,irm,2,30000,10000,1,0.0,uniform
qlearning_balancer[qlearn],0.165,0.9971329245100714,3.0693749244442574,irm,2,30000,10000,1,0.0,uniform
qlearning_balancer[lru],0.3123,0.9946344108434917,4.2006885294173335,irm,2,30000,10000,1,0.0,uniform
qlearning_balancer[oracle],0.2543,0.9999981400468815,0.07814006458538852,irm,2,30000,10000,1,0.0,uniform
qlearning_balancer[nocache],0.0,0.9943634623201055,4.305639570045455,irm,2,30000,10000,1,0.0,uniform
Optimal_QLRU,0.3461,0.9997014586186201,0.990025801135073,irm,2,30000,10000,2,0.0,uniform
qlearning_balancer[qlearn],0.1829,0.9925415901318345,4.95435469366743,irm,2,30000,10000,2,0.0,uniform
qlearning_balancer[lru],0.3085,0.996012662961213,3.6203715369610854,irm,2,30000,10000,2,0.0,uniform
qlearning_balancer[oracle],0.2413,0.9919230915907261,5.156221634082031,irm,2,30000,10000,2,0.0,uniform
qlearning_balancer[nocache],0.0,0.9901870335557502,5.6850677558986185,irm,2,30000,10000,2,0.0,uniform
Optimal_QLRU,0.1923,0.9995726859655693,1.184478400704517,irm,2,10000,10000,27,0.0,uniform
qlearning_balancer[qlearn],0.1778,0.9998997829625199,0.5735888055440738,irm,2,10000,10000,27,0.0,uniform
qlearning_balancer[lru],0.306,0.9999139945666555,0.5313636018062978,irm,2,10000,10000,27,0.0,uniform
qlearning_balancer[oracle],0.2483,0.9992870468937444,1.5300468670033176,irm,2,10000,10000,27,0.0,uniform
qlearning_balancer[nocache],0.0,0.9973700946830887,2.939566109242356,irm,2,10000,10000,27,0.0,uniform
Optimal_QLRU,0.1573,0.9996260041645307,1.1081105507235312,irm,2,10000,10000,28,0.0,uniform
qlearning_balancer[qlearn],0.1811,0.969840321024323,10.001003300659631,irm,2,10000,10000,28,0.0,uniform
qlearning_balancer[lru],0.3132,0.9979676115332922,2.5838851870386037,irm,2,10000,10000,28,0.0,uniform
qlearning_balancer[oracle],0.2547,0.9882476320831011,6.223571398260471,irm,2,10000,10000,28,0.0,uniform
qlearning_balancer[nocache],0.0,0.9734368487654096,9.380028128267769,irm,2,10000,10000,28,0.0,uniform
Optimal_QLRU,0.3387,0.9999750988147172,0.2859133569813539,irm,2,30000,10000,0,0.0,uniform
qlearning_balancer[qlearn],0.2226,0.9978462423135346,2.659972030370771,irm,2,30000,10000,0,0.0,uniform
qlearning_balancer[lru],0.3127,0.9867348590127627,6.6136839146799,irm,2,30000,10000,0,0.0,uniform
qlearning_balancer[oracle],0.2501,0.9984850811683043,2.2306273815708013,irm,2,30000,10000,0,0.0,uniform
qlearning_balancer[nocache],0.0,0.997026163620923,3.126055296253068,irm,2,30000,10000,0,0.0,uniform
Optimal_QLRU,0.3199,0.998438003294999,2.2650396822388874,irm,2,30000,10000,7,0.0,uniform
qlearning_balancer[qlearn],0.1227,0.9999967925625571,0.10261290007546708,irm,2,30000,10000,7,0.0,uniform
qlearning_balancer[lru],0.3123,0.9971729395185944,3.047860069510802,irm,2,30000,10000,7,0.0,uniform
qlearning_balancer[oracle],0.2513,0.9999260146523502,0.4928342106144993,irm,2,30000,10000,7,0.0,uniform
qlearning_balancer[nocache],0.0,0.9997978649572361,0.8146256299855301,irm,2,30000,10000,7,0.0,uniform
Optimal_QLRU,0.3373,0.9998786725460583,0.6311185667476396,irm,2,30000,10000,8,0.0,uniform
qlearning_balancer[qlearn],0.2178,0.9999974258430117,0.09192641708550595,irm,2,30000,10000,8,0.0,uniform
qlearning_balancer[lru],0.3058,0.9934455506027744,4.6437230540937735,irm,2,30000,10000,8,0.0,uniform
qlearning_balancer[oracle],0.2358,0.9987947111948972,1.989552822371902,irm,2,30000,10000,8,0.0,uniform
qlearning_balancer[nocache],0.0,0.987678092016,6.373200179190802,irm,2,30000,10000,8,0.0,uniform
Optimal_QLRU,0.3659,0.9997258779154469,0.9486685187259701,irm,2,30000,10000,3,0.0,uniform
qlearning_balancer[qlearn],0.1028,0.9759919815286574,8.91361869673388,irm,2,30000,10000,3,0.0,uniform
qlearning_balancer[lru],0.3207,0.9733944048557659,9.387586803445721,irm,2,30000,10000,3,0.0,uniform
qlearning_balancer[oracle],0.2549,0.9928022263899038,4.866806691403889,irm,2,30000,10000,3,0.0,uniform
qlearning_balancer[nocache],0.0,0.9895901492405464,5.856002680357349,irm,2,30000,10000,3,0.0,uniform
Optimal_QLRU,0.3811,0.9998828188526689,0.620240309368055,irm,2,30000,10000,4,0.0,uniform
qlearning_balancer[qlearn],0.1909,0.9798765222195406,8.155331254090234,irm,2,30000,10000,4,0.0,uniform
qlearning_balancer[lru],0.3075,0.9797456018428069,8.18199815457563,irm,2,30000,10000,4,0.0,uniform
qlearning_balancer[oracle],0.2437,0.9707118837796223,9.853974573879439,irm,2,30000,10000,4,0.0,uniform
qlearning_balancer[nocache],0.0,0.9737475731295575,9.324512504397044,irm,2,30000,10000,4,0.0,uniform
Optimal_QLRU,0.3604,0.9999717428308188,0.3045713186964983,irm,2,30000,10000,10,0.0,uniform
qlearning_balancer[qlearn],0.1593,0.996707474794903,3.2894689829788186,irm,2,30000,10000,10,0.0,uniform
qlearning_balancer[lru],0.3124,0.9992844332538686,1.532849495790346,irm,2,30000,10000,10,0.0,uniform
qlearning_balancer[oracle],0.2497,0.9984693119175748,2.2422128646342934,irm,2,30000,10000,10,0.0,uniform
qlearning_balancer[nocache],0.0,0.99974475450261,0.915419489223778,irm,2,30000,10000,10,0.0,uniform
Optimal_QLRU,0.3604,0.997891560710494,2.6318183743394314,irm,2,30000,10000,5,0.0,uniform
qlearning_balancer[qlearn],0.1744,0.986594579606137,6.648718918176328,irm,2,30000,10000,5,0.0,uniform
qlearning_balancer[lru],0.3177,0.9603210186405646,11.489937699713801,irm,2,30000,10000,5,0.0,uniform
qlearning_balancer[oracle],0.2554,0.9776790050010343,8.59228043584821,irm,2,30000,10000,5,0.0,uniform
qlearning_balancer[nocache],0.0,0.9797879491010684,8.17338178956649,irm,2,30000,10000,5,0.0,uniform
Optimal_QLRU,0.3553,0.9973391768789782,2.956810012821697,irm,2,30000,10000,6,0.0,uniform
qlearning_balancer[qlearn],0.1138,0.9977858147337891,2.697056279796452,irm,2,30000,10000,6,0.0,uniform
qlearning_balancer[lru],0.3165,0.9985222093107021,2.203109684000487,irm,2,30000,10000,6,0.0,uniform
qlearning_balancer[oracle],0.2544,0.9934492632688693,4.642404798891465,irm,2,30000,10000,6,0.0,uniform
qlearning_balancer[nocache],0.0,0.9990786465832415,1.7394120328475684,irm,2,30000,10000,6,0.0,uniform
Optimal_QLRU,0.3328,0.999889938303456,0.6011027304836787,irm,2,30000,10000,11,0.0,uniform
qlearning_balancer[qlearn],0.1416,0.9711894943130857,9.772503465047308,irm,2,30000,10000,11,0.0,uniform
qlearning_balancer[lru],0.3166,0.9911330181733286,5.403242409949526,irm,2,30000,10000,11,0.0,uniform
qlearning_balancer[oracle],0.2521,0.9991548421636164,1.6659146111781882,irm,2,30000,10000,11,0.0,uniform
qlearning_balancer[nocache],0.0,0.9884194168643736,6.177740471194636,irm,2,30000,10000,11,0.0,uniform
Optimal_QLRU,0.3272,0.9998289515720905,0.7493669887719853,irm,2,30000,10000,9,0.0,uniform
qlearning_balancer[qlearn],0.1149,0.9915348311900732,5.27904159676654,irm,2,30000,10000,9,0.0,uniform
qlearning_balancer[lru],0.3074,0.9818714661139416,7.7379331118977515,irm,2,30000,10000,9,0.0,uniform
qlearning_balancer[oracle],0.2449,0.9917216113027725,5.220313398409695,irm,2,30000,10000,9,0.0,uniform
qlearning_balancer[nocache],0.0,0.9918501231762339,5.179523804754367,irm,2,30000,10000,9,0.0,uniform
Optimal_QLRU,0.3366,0.9977646965150885,2.709897157728497,irm,2,30000,10000,15,0.0,uniform
qlearning_balancer[qlearn],0.15,0.9996994065590552,0.9934228438916803,irm,2,30000,10000,15,0.0,uniform
qlearning_balancer[lru],0.3152,0.997942224525084,2.5999840582961924,irm,2,30000,10000,15,0.0,uniform
qlearning_balancer[oracle],0.2522,0.9989905491524922,1.8206996740218975,irm,2,30000,10000,15,0.0,uniform
qlearning_balancer[nocache],0.0,0.9991020666009875,1.71715583997917,irm,2,30000,10000,15,0.0,uniform
Optimal_QLRU,0.3489,0.999960348912586,0.36078880526238843,irm,2,30000,10000,16,0.0,uniform
qlearning_balancer[qlearn],0.1161,0.9993868515148603,1.4188936769941576,irm,2,30000,10000,16,0.0,uniform
qlearning_balancer[lru],0.3141,0.9683081858943827,10.254565042988817,irm,2,30000,10000,16,0.0,uniform
qlearning_balancer[oracle],0.2494,0.9624894879738273,11.167407521232171,irm,2,30000,10000,16,0.0,uniform
qlearning_balancer[nocache],0.0,0.9999639873276359,0.3438372416074815,irm,2,30000,10000,16,0.0,uniform
Optimal_QLRU,0.3648,0.9993009730898416,1.5150263631107783,irm,2,30000,10000,12,0.0,uniform
qlearning_balancer[qlearn],0.1926,0.9921281890690591,5.090159510569364,irm,2,30000,10000,12,0.0,uniform
qlearning_balancer[lru],0.3239,0.9907469651625002,5.519970694187267,irm,2,30000,10000,12,0.0,uniform
qlearning_balancer[oracle],0.2528,0.9777962307848016,8.56951797698439,irm,2,30000,10000,12,0.0,uniform
qlearning_balancer[nocache],0.0,0.9998828635374503,0.6201220351049597,irm,2,30000,10000,12,0.0,uniform
Optimal_QLRU,0.3336,0.9999437081419372,0.4298822358459181,irm,2,30000,10000,13,0.0,uniform
qlearning_balancer[qlearn],0.1292,0.9983839515004375,2.3039172181925247,irm,2,30000,10000,13,0.0,uniform
qlearning_balancer[lru],0.3077,0.9997655801673618,0.8772770689187348,irm,2,30000,10000,13,0.0,uniform
qlearning_balancer[oracle],0.2421,0.9999752061378189,0.28529654905755353,irm,2,30000,10000,13,0.0,uniform
qlearning_balancer[nocache],0.0,0.9975741478578254,2.8231278165437135,irm,2,30000,10000,13,0.0,uniform
Optimal_QLRU,0.3009,0.9991740482910562,1.6468716859470873,irm,2,30000,10000,19,0.0,uniform
qlearning_balancer[qlearn],0.1932,0.9945695369213629,4.226052812758169,irm,2,30000,10000,19,0.0,uniform
qlearning_balancer[lru],0.3042,0.9727576384618747,9.500290257822774,irm,2,30000,10000,19,0.0,uniform
qlearning_balancer[oracle],0.2385,0.9823945363644201,7.624809517261098,irm,2,30000,10000,19,0.0,uniform
qlearning_balancer[nocache],0.0,0.9929734415431133,4.808436431626499,irm,2,30000,10000,19,0.0,uniform
Optimal_QLRU,0.3546,1.0,0.0,irm,2,30000,10000,22,0.0,uniform
qlearning_balancer[qlearn],0.1961,0.9912910032061447,5.3547487565256295,irm,2,30000,10000,22,0.0,uniform
qlearning_balancer[lru],0.3157,0.9798952087379585,8.151518115239782,irm,2,30000,10000,22,0.0,uniform
qlearning_balancer[oracle],0.248,0.9789931130985068,8.333661567285041,irm,2,30000,10000,22,0.0,uniform
qlearning_balancer[nocache],0.0,0.976806805651519,8.759839668853099,irm,2,30000,10000,22,0.0,uniform
Optimal_QLRU,0.3177,0.9960255751663115,3.6144970524482005,irm,2,30000,10000,14,0.0,uniform
qlearning_balancer[qlearn],0.1594,0.9502946718351678,12.882178857328169,irm,2,30000,10000,14,0.0,uniform
qlearning_balancer[lru],0.3082,0.9603568298507325,11.484680952005162,irm,2,30000,10000,14,0.0,uniform
qlearning_balancer[oracle],0.2413,0.9699456663735281,9.983342415401548,irm,2,30000,10000,14,0.0,uniform
qlearning_balancer[nocache],0.0,0.9593553847223435,11.630836468765736,irm,2,30000,10000,14,0.0,uniform
Optimal_QLRU,0.3513,0.9999518810288022,0.3974516297334888,irm,2,30000,10000,17,0.0,uniform
qlearning_balancer[qlearn],0.0874,0.9831976531746587,7.4478575614973215,irm,2,30000,10000,17,0.0,uniform
qlearning_balancer[lru],0.3155,0.9420609781280409,13.92816906584586,irm,2,30000,10000,17,0.0,uniform
qlearning_balancer[oracle],0.2476,0.9614977304897862,11.315998597359753,irm,2,30000,10000,17,0.0,uniform
qlearning_balancer[nocache],0.0,0.9828650713764537,7.521629142941776,irm,2,30000,10000,17,0.0,uniform
Optimal_QLRU,0.3505,0.9977707989971635,2.7061928002908995,irm,2,30000,10000,18,0.0,uniform
qlearning_balancer[qlearn],0.1113,0.9529576750789764,12.526575563332944,irm,2,30000,10000,18,0.0,uniform
qlearning_balancer[lru],0.3136,0.9634877689404141,11.01591998779027,irm,2,30000,10000,18,0.0,uniform
qlearning_balancer[oracle],0.2454,0.9377163740096283,14.45188367412848,irm,2,30000,10000,18,0.0,uniform
qlearning_balancer[nocache],0.0,0.9570950950000947,11.954508090939543,irm,2,30000,10000,18,0.0,uniform
Optimal_QLRU,0.352,0.9999839013413231,0.22988923970471484,irm,2,30000,10000,20,0.0,uniform
qlearning_balancer[qlearn],0.1509,0.9774416168924555,8.638197371359249,irm,2,30000,10000,20,0.0,uniform
qlearning_balancer[lru],0.3137,0.9817769924262301,7.758193164867036,irm,2,30000,10000,20,0.0,uniform
qlearning_balancer[oracle],0.2431,0.9787173634329972,8.388571293027258,irm,2,30000,10000,20,0.0,uniform
qlearning_balancer[nocache],0.0,0.9591085520532625,11.666594538490676,irm,2,30000,10000,20,0.0,uniform
Optimal_QLRU,0.3437,0.9999999767835838,0.008730120225356299,irm,2,30000,10000,24,0.0,uniform
qlearning_balancer[qlearn],0.188,0.9817962368621744,7.75407034892658,irm,2,30000,10000,24,0.0,uniform
qlearning_balancer[lru],0.3127,0.9874769895144091,6.425214657238054,irm,2,30000,10000,24,0.0,uniform
qlearning_balancer[oracle],0.2512,0.995112142023068,4.009002733508077,irm,2,30000,10000,24,0.0,uniform
qlearning_balancer[nocache],0.0,0.988155680472929,6.247967446439345,irm,2,30000,10000,24,0.0,uniform
Optimal_QLRU,0.3314,0.9990699132214017,1.7476389393666585,irm,2,30000,10000,21,0.0,uniform
qlearning_balancer[qlearn],0.144,0.9887156402811423,6.097913834085628,irm,2,30000,10000,21,0.0,uniform
qlearning_balancer[lru],0.3182,0.9864910707028279,6.674454632137178,irm,2,30000,10000,21,0.0,uniform
qlearning_balancer[oracle],0.2486,0.9864004657776683,6.696902287346064,irm,2,30000,10000,21,0.0,uniform
qlearning_balancer[nocache],0.0,0.9920310241003459,5.121561542114371,irm,2,30000,10000,21,0.0,uniform
Optimal_QLRU,0.3343,0.999052587834069,1.7638461881653078,irm,2,30000,10000,25,0.0,uniform
qlearning_balancer[qlearn],0.2169,0.9965067700837018,3.388358786986526,irm,2,30000,10000,25,0.0,uniform
qlearning_balancer[lru],0.3164,0.9805474832014186,8.017310506714292,irm,2,30000,10000,25,0.0,uniform
qlearning_balancer[oracle],0.2546,0.9671848205668216,10.436728207316852,irm,2,30000,10000,25,0.0,uniform
qlearning_balancer[nocache],0.0,0.976206513342144,8.873381043824256,irm,2,30000,10000,25,0.0,uniform
Optimal_QLRU,0.3365,0.9996337593871154,1.0965599914963242,irm,2,30000,10000,23,0.0,uniform
qlearning_balancer[qlearn],0.1657,0.996430355186068,3.4252624484424965,irm,2,30000,10000,23,0.0,uniform
qlearning_balancer[lru],0.3161,0.9731319292875054,9.434200407332439,irm,2,30000,10000,23,0.0,uniform
qlearning_balancer[oracle],0.2526,0.978339671421128,8.46321905930323,irm,2,30000,10000,23,0.0,uniform
qlearning_balancer[nocache],0.0,0.9967884344798043,3.2487310616254392,irm,2,30000,10000,23,0.0,uniform
Optimal_QLRU,0.3339,0.9994161258643516,1.3846006219873985,irm,2,30000,10000,26,0.0,uniform
qlearning_balancer[qlearn],0.1872,0.9968882427182212,3.197797683661336,irm,2,30000,10000,26,0.0,uniform
qlearning_balancer[lru],0.3144,0.9696648524120774,10.030353964761552,irm,2,30000,10000,26,0.0,uniform
qlearning_balancer[oracle],0.2506,0.9857787957209495,6.848975220788497,irm,2,30000,10000,26,0.0,uniform
qlearning_balancer[nocache],0.0,0.9987161138381611,2.053425098174433,irm,2,30000,10000,26,0.0,uniform
Optimal_QLRU,0.3734,0.9996574007697077,1.0605731427605878,irm,2,30000,10000,28,0.0,uniform
qlearning_balancer[qlearn],0.1811,0.969840321024323,10.001003300659631,irm,2,30000,10000,28,0.0,uniform
qlearning_balancer[lru],0.3132,0.9979676115332922,2.5838851870386037,irm,2,30000,10000,28,0.0,uniform
qlearning_balancer[oracle],0.2547,0.9882476320831011,6.223571398260471,irm,2,30000,10000,28,0.0,uniform
qlearning_balancer[nocache],0.0,0.9734368487654096,9.380028128267769,irm,2,30000,10000,28,0.0,uniform
Optimal_QLRU,0.3788,0.9971174532628777,3.077653180453028,irm,2,30000,10000,27,0.0,uniform
qlearning_balancer[qlearn],0.1778,0.9998997829625199,0.5735888055440738,irm,2,30000,10000,27,0.0,uniform
qlearning_balancer[lru],0.306,0.9999139945666555,0.5313636018062978,irm,2,30000,10000,27,0.0,uniform
qlearning_balancer[oracle],0.2483,0.9992870468937444,1.5300468670033176,irm,2,30000,10000,27,0.0,uniform
qlearning_balancer[nocache],0.0,0.9973700946830887,2.939566109242356,irm,2,30000,10000,27,0.0,uniform
Optimal_QLRU,0.3435,0.999337758724735,1.4746151835673873,irm,2,30000,10000,29,0.0,uniform
qlearning_balancer[qlearn],0.122,0.9989585027074931,1.8493841019782837,irm,2,30000,10000,29,0.0,uniform
qlearning_balancer[lru],0.3102,0.9990923964555363,1.7263801763216589,irm,2,30000,10000,29,0.0,uniform
qlearning_balancer[oracle],0.2468,0.9954458293438633,3.8695233925443064,irm,2,30000,10000,29,0.0,uniform
qlearning_balancer[nocache],0.0,0.9999783360674148,0.2666814748566251,irm,2,30000,10000,29,0.0,uniform
