algorithm,hit_rate,jfi,angle_degrees,traffic_type,num_servers,capacity,num_requests,run_id,skew_fraction,workload_mode
Optimal_QLRU,0.6685,0.9997698192891595,0.8693081640784701,real,2,10,1000000,5,0.0,uniform
qlearning_balancer[qlearn],0.335927,0.9994823323886498,1.3037238375535116,real,2,10,1000000,5,0.0,uniform
qlearning_balancer[lru],0.57597,0.9617558863555107,11.277498840127482,real,2,10,1000000,5,0.0,uniform
qlearning_balancer[oracle],0.58373,0.9999464254176594,0.4193782540926832,real,2,10,1000000,5,0.0,uniform
qlearning_balancer[nocache],0.0,0.9966923230819731,3.2970374657843347,real,2,10,1000000,5,0.0,uniform
Optimal_QLRU,0.68816,0.9971402665647677,3.0654385929505645,real,2,10,1000000,8,0.0,uniform
qlearning_balancer[qlearn],0.388511,0.9998006633458212,0.8089666987169665,real,2,10,1000000,8,0.0,uniform
qlearning_balancer[lru],0.576,0.9687365959118134,10.184274157470156,real,2,10,1000000,8,0.0,uniform
qlearning_balancer[oracle],0.588117,0.9476592156475405,13.225319686894279,real,2,10,1000000,8,0.0,uniform
qlearning_balancer[nocache],0.0,0.9705631935501107,9.879206513648214,real,2,10,1000000,8,0.0,uniform
Optimal_QLRU,0.689648,0.9992223427908244,1.5979862511509464,real,2,10,1000000,6,0.0,uniform
qlearning_balancer[qlearn],0.398155,0.9998095610835527,0.7907046060691612,real,2,10,1000000,6,0.0,uniform
qlearning_balancer[lru],0.575532,0.9979942805308727,2.5668649107810664,real,2,10,1000000,6,0.0,uniform
qlearning_balancer[oracle],0.591809,0.9934993117222196,4.624597755846716,real,2,10,1000000,6,0.0,uniform
qlearning_balancer[nocache],0.0,0.9456215567117363,13.485063008418038,real,2,10,1000000,6,0.0,uniform
Optimal_QLRU,0.666055,0.9999986009163128,0.06777110707628661,real,2,10,1000000,11,0.0,uniform
qlearning_balancer[qlearn],0.468406,0.9943985187961892,4.292204029817603,real,2,10,1000000,11,0.0,uniform
qlearning_balancer[lru],0.575944,0.9689062318068017,10.156312641641154,real,2,10,1000000,11,0.0,uniform
qlearning_balancer[oracle],0.593004,0.9996087820739445,1.1333402870664913,real,2,10,1000000,11,0.0,uniform
qlearning_balancer[nocache],0.0,0.7705666738729559,28.619587944828307,real,2,10,1000000,11,0.0,uniform
Optimal_QLRU,0.656708,0.9999536188508705,0.39020851470001244,real,2,10,1000000,3,0.0,uniform
qlearning_balancer[qlearn],0.402021,0.9863679076812366,6.704950637724389,real,2,10,1000000,3,0.0,uniform
qlearning_balancer[lru],0.575613,0.9986881825408722,2.0756510044729906,real,2,10,1000000,3,0.0,uniform
qlearning_balancer[oracle],0.599355,0.9923055298637926,5.032346237178576,real,2,10,1000000,3,0.0,uniform
qlearning_balancer[nocache],0.0,0.9680097830536278,10.303253942871171,real,2,10,1000000,3,0.0,uniform
Optimal_QLRU,0.680932,0.9999973439329536,0.09337752130722708,real,2,10,1000000,10,0.0,uniform
qlearning_balancer[qlearn],0.475108,0.9955548271146931,3.822867438817987,real,2,10,1000000,10,0.0,uniform
qlearning_balancer[lru],0.574608,0.9582839712993119,11.785306887165289,real,2,10,1000000,10,0.0,uniform
qlearning_balancer[oracle],0.595307,0.9995396148049925,1.2294663207305616,real,2,10,1000000,10,0.0,uniform
qlearning_balancer[nocache],0.0,0.8090617557644331,25.910383769626275,real,2,10,1000000,10,0.0,uniform
Optimal_QLRU,0.684183,0.9997454886455348,0.9141019541596809,real,2,10,1000000,4,0.0,uniform
qlearning_balancer[qlearn],0.462408,0.9879568499370119,6.3004021162327986,real,2,10,1000000,4,0.0,uniform
qlearning_balancer[lru],0.575528,0.9949548060926459,4.073122056218183,real,2,10,1000000,4,0.0,uniform
qlearning_balancer[oracle],0.586929,0.9999378702847824,0.4516237900829646,real,2,10,1000000,4,0.0,uniform
qlearning_balancer[nocache],0.0,0.7737194081811071,28.404259058798978,real,2,10,1000000,4,0.0,uniform
Optimal_QLRU,0.666535,0.9999877528262917,0.20051250273480317,real,2,10,1000000,9,0.0,uniform
qlearning_balancer[qlearn],0.366638,0.9997536633732622,0.899300758004619,real,2,10,1000000,9,0.0,uniform
qlearning_balancer[lru],0.576044,0.9989204159387494,1.882907729726373,real,2,10,1000000,9,0.0,uniform
qlearning_balancer[oracle],0.593116,0.9617259930918153,11.281963308769269,real,2,10,1000000,9,0.0,uniform
qlearning_balancer[nocache],0.0,0.9991393468343311,1.6811212331912164,real,2,10,1000000,9,0.0,uniform
Optimal_QLRU,0.690608,0.9996891180350761,1.010282665664735,real,2,10,1000000,2,0.0,uniform
qlearning_balancer[qlearn],0.473312,0.9999529285505108,0.3931016127457705,real,2,10,1000000,2,0.0,uniform
qlearning_balancer[lru],0.575561,0.9906216701657999,5.5573347340098245,real,2,10,1000000,2,0.0,uniform
qlearning_balancer[oracle],0.592227,0.9999058763428084,0.5558771756572957,real,2,10,1000000,2,0.0,uniform
qlearning_balancer[nocache],0.0,0.8755381577935937,20.658151064055552,real,2,10,1000000,2,0.0,uniform
Optimal_QLRU,0.688039,0.9991198733771339,1.7000392084002562,real,2,10,1000000,7,0.0,uniform
qlearning_balancer[qlearn],0.352298,0.9998816984955482,0.6231983998355592,real,2,10,1000000,7,0.0,uniform
qlearning_balancer[lru],0.576865,0.902603986312573,18.18482742450454,real,2,10,1000000,7,0.0,uniform
qlearning_balancer[oracle],0.600214,0.9743947276683009,9.20785250111967,real,2,10,1000000,7,0.0,uniform
qlearning_balancer[nocache],0.0,0.9898361962044555,5.786143584615331,real,2,10,1000000,7,0.0,uniform
Optimal_QLRU,0.683307,0.9989553906736545,1.8521460177482607,real,2,10,1000000,0,0.0,uniform
qlearning_balancer[qlearn],0.464809,0.999692690929,1.0044598190756098,real,2,10,1000000,0,0.0,uniform
qlearning_balancer[lru],0.575222,0.9529678303843128,12.52520143684568,real,2,10,1000000,0,0.0,uniform
qlearning_balancer[oracle],0.588019,0.9952051456257562,3.9706171873439113,real,2,10,1000000,0,0.0,uniform
qlearning_balancer[nocache],0.0,0.9145447303322649,16.997341548696433,real,2,10,1000000,0,0.0,uniform
Optimal_QLRU,0.684156,0.9999483483714079,0.41178296929400904,real,2,10,1000000,1,0.0,uniform
qlearning_balancer[qlearn],0.45382,0.999997657824194,0.08768646196125249,real,2,10,1000000,1,0.0,uniform
qlearning_balancer[lru],0.574939,0.9716493312171794,9.69344271254028,real,2,10,1000000,1,0.0,uniform
qlearning_balancer[oracle],0.592828,0.9996347820667958,1.095027733346096,real,2,10,1000000,1,0.0,uniform
qlearning_balancer[nocache],0.0,0.8780925912630946,20.435481783702357,real,2,10,1000000,1,0.0,uniform
Optimal_QLRU,0.689483,0.9992049528823072,1.6157591736312076,real,2,10,1000000,12,0.0,uniform
qlearning_balancer[qlearn],0.389449,0.990280492566413,5.657841836298245,real,2,10,1000000,12,0.0,uniform
qlearning_balancer[lru],0.575628,0.9771404157879237,8.69611899756122,real,2,10,1000000,12,0.0,uniform
qlearning_balancer[oracle],0.596237,0.9708136938654474,9.836662102474767,real,2,10,1000000,12,0.0,uniform
qlearning_balancer[nocache],0.0,0.9121256731583605,17.24366871300218,real,2,10,1000000,12,0.0,uniform
Optimal_QLRU,0.676821,0.9999781986822023,0.267525745703205,real,2,10,1000000,13,0.0,uniform
qlearning_balancer[qlearn],0.428389,0.9934205799710404,4.652579749461764,real,2,10,1000000,13,0.0,uniform
qlearning_balancer[lru],0.575467,0.8963969987104896,18.776306549702984,real,2,10,1000000,13,0.0,uniform
qlearning_balancer[oracle],0.589721,0.9646958208511303,10.829909601857691,real,2,10,1000000,13,0.0,uniform
qlearning_balancer[nocache],0.0,0.8541144178674251,22.45450467484436,real,2,10,1000000,13,0.0,uniform
Optimal_QLRU,0.69955,0.9999986429648946,0.06674492846686796,real,2,10,1000000,14,0.0,uniform
qlearning_balancer[qlearn],0.38875,0.9972146623858953,3.025264631918063,real,2,10,1000000,14,0.0,uniform
qlearning_balancer[lru],0.576316,0.9764799625732677,8.821835370580601,real,2,10,1000000,14,0.0,uniform
qlearning_balancer[oracle],0.596981,0.957003337886469,11.967473307014973,real,2,10,1000000,14,0.0,uniform
qlearning_balancer[nocache],0.0,0.9939213926996077,4.47162776703838,real,2,10,1000000,14,0.0,uniform
Optimal_QLRU,0.715419,0.9992591033468385,1.5597503485425899,real,2,10,1000000,15,0.0,uniform
qlearning_balancer[qlearn],0.344201,0.9999462487991114,0.4200689767648053,real,2,10,1000000,15,0.0,uniform
qlearning_balancer[lru],0.576302,0.9655839172490484,10.691201535228164,real,2,10,1000000,15,0.0,uniform
qlearning_balancer[oracle],0.605257,0.9598110870251603,11.56454564070488,real,2,10,1000000,15,0.0,uniform
qlearning_balancer[nocache],0.0,0.9990061375684007,1.8065822296517222,real,2,10,1000000,15,0.0,uniform
Optimal_QLRU,0.703806,0.9999561240596841,0.3795238096686976,real,2,10,1000000,16,0.0,uniform
qlearning_balancer[qlearn],0.482819,0.9998725672298049,0.6468035856085282,real,2,10,1000000,16,0.0,uniform
qlearning_balancer[lru],0.57627,0.9999769828316629,0.27488449595378944,real,2,10,1000000,16,0.0,uniform
qlearning_balancer[oracle],0.59866,0.9997592535468518,0.8890373534601765,real,2,10,1000000,16,0.0,uniform
qlearning_balancer[nocache],0.0,0.9229108094099858,16.119963660518717,real,2,10,1000000,16,0.0,uniform
Optimal_QLRU,0.664563,0.9994367686452474,1.3598995207825888,real,2,10,1000000,20,0.0,uniform
qlearning_balancer[qlearn],0.40453,0.999131702850978,1.6885724117479195,real,2,10,1000000,20,0.0,uniform
qlearning_balancer[lru],0.576275,0.9615594475115026,11.306805804536275,real,2,10,1000000,20,0.0,uniform
qlearning_balancer[oracle],0.579388,0.974218995708632,9.239671576467419,real,2,10,1000000,20,0.0,uniform
qlearning_balancer[nocache],0.0,0.9740393895176988,9.272083239247726,real,2,10,1000000,20,0.0,uniform
Optimal_QLRU,0.684341,0.9988214434648338,1.9673570514815661,real,2,10,1000000,17,0.0,uniform
qlearning_balancer[qlearn],0.361176,0.9893414123446503,5.9258000081602065,real,2,10,1000000,17,0.0,uniform
qlearning_balancer[lru],0.576153,0.9999222747714306,0.5051370951401932,real,2,10,1000000,17,0.0,uniform
qlearning_balancer[oracle],0.594785,0.9981981572209361,2.432829017590257,real,2,10,1000000,17,0.0,uniform
qlearning_balancer[nocache],0.0,0.9857454576879202,6.8570368729740325,real,2,10,1000000,17,0.0,uniform
Optimal_QLRU,0.679313,0.999237781604046,1.5820402630048152,real,2,10,1000000,18,0.0,uniform
qlearning_balancer[qlearn],0.475134,0.9839239320584323,7.284220670399133,real,2,10,1000000,18,0.0,uniform
qlearning_balancer[lru],0.575533,0.9597913417081814,11.56742542285574,real,2,10,1000000,18,0.0,uniform
qlearning_balancer[oracle],0.596143,0.9486469695212959,13.097691829526159,real,2,10,1000000,18,0.0,uniform
qlearning_balancer[nocache],0.0,0.7563772489574015,29.576259864807557,real,2,10,1000000,18,0.0,uniform
Optimal_QLRU,0.659561,0.9999195844436651,0.5138051922132723,real,2,10,1000000,21,0.0,uniform
qlearning_balancer[qlearn],0.368126,0.9956162063826799,3.7963435172054747,real,2,10,1000000,21,0.0,uniform
qlearning_balancer[lru],0.575973,0.9703998058266212,9.906861388094928,real,2,10,1000000,21,0.0,uniform
qlearning_balancer[oracle],0.595849,0.9974254930960258,2.90841374208741,real,2,10,1000000,21,0.0,uniform
qlearning_balancer[nocache],0.0,0.9959144986066487,3.6647257212376543,real,2,10,1000000,21,0.0,uniform
Optimal_QLRU,0.698915,0.9992038195583739,1.616910685478122,real,2,10,1000000,19,0.0,uniform
qlearning_balancer[qlearn],0.413707,0.9938368562324503,4.502678063485361,real,2,10,1000000,19,0.0,uniform
qlearning_balancer[lru],0.576319,0.9997946102210735,0.8211583508865622,real,2,10,1000000,19,0.0,uniform
qlearning_balancer[oracle],0.591593,0.9610034603945923,11.389366870417962,real,2,10,1000000,19,0.0,uniform
qlearning_balancer[nocache],0.0,0.90757933066679,17.69847350881868,real,2,10,1000000,19,0.0,uniform
Optimal_QLRU,0.68066,0.98944546281905,5.896701805817974,real,2,10,1000000,22,0.0,uniform
qlearning_balancer[qlearn],0.33477,0.9927810591279519,4.873974893323032,real,2,10,1000000,22,0.0,uniform
qlearning_balancer[lru],0.575522,0.9620038340060524,11.240403826424068,real,2,10,1000000,22,0.0,uniform
qlearning_balancer[oracle],0.592356,0.998467218361438,2.243746486674803,real,2,10,1000000,22,0.0,uniform
qlearning_balancer[nocache],0.0,0.9996392348995192,1.0883310207869477,real,2,10,1000000,22,0.0,uniform
Optimal_QLRU,0.673129,0.9982599359229385,2.3907341408115235,real,2,10,1000000,23,0.0,uniform
qlearning_balancer[qlearn],0.357901,0.9995132078570514,1.2642403689537844,real,2,10,1000000,23,0.0,uniform
qlearning_balancer[lru],0.576581,0.9251481525352369,15.878044104784767,real,2,10,1000000,23,0.0,uniform
qlearning_balancer[oracle],0.587041,0.9993941459642007,1.4104266259068747,real,2,10,1000000,23,0.0,uniform
qlearning_balancer[nocache],0.0,0.9999846237794627,0.22467178981046662,real,2,10,1000000,23,0.0,uniform
Optimal_QLRU,0.70013,0.9999259813388128,0.4929451556102629,real,2,10,1000000,24,0.0,uniform
qlearning_balancer[qlearn],0.429077,0.9829177242927546,7.509997122317853,real,2,10,1000000,24,0.0,uniform
qlearning_balancer[lru],0.575226,0.8782620520889061,20.42063929253817,real,2,10,1000000,24,0.0,uniform
qlearning_balancer[oracle],0.590415,0.9514710276227192,12.726238408409447,real,2,10,1000000,24,0.0,uniform
qlearning_balancer[nocache],0.0,0.9217012114557444,16.249414710622737,real,2,10,1000000,24,0.0,uniform
Optimal_QLRU,0.68801,0.990773081908369,5.5121509573494984,real,2,10,1000000,27,0.0,uniform
qlearning_balancer[qlearn],0.445963,0.9951172519388455,4.0069031939097455,real,2,10,1000000,27,0.0,uniform
qlearning_balancer[lru],0.575138,0.925837291459187,15.802861966968626,real,2,10,1000000,27,0.0,uniform
qlearning_balancer[oracle],0.580528,0.9767327417782399,8.77392530179521,real,2,10,1000000,27,0.0,uniform
qlearning_balancer[nocache],0.0,0.9582495638103157,11.79023591646388,real,2,10,1000000,27,0.0,uniform
Optimal_QLRU,0.681077,0.9980922938673997,2.5033210505274126,real,2,10,1000000,25,0.0,uniform
qlearning_balancer[qlearn],0.406216,0.9957501904888945,3.737794807832679,real,2,10,1000000,25,0.0,uniform
qlearning_balancer[lru],0.576009,0.9997431928537981,0.918215828165805,real,2,10,1000000,25,0.0,uniform
qlearning_balancer[oracle],0.598885,0.9970038189814368,3.1377892157137928,real,2,10,1000000,25,0.0,uniform
qlearning_balancer[nocache],0.0,0.9762496841765692,8.865262549092051,real,2,10,1000000,25,0.0,uniform
Optimal_QLRU,0.674824,0.9968682755849246,3.2080515917925636,real,2,10,1000000,28,0.0,uniform
qlearning_balancer[qlearn],0.354902,0.9963440573224303,3.466468855781839,real,2,10,1000000,28,0.0,uniform
qlearning_balancer[lru],0.576666,0.9168049548338985,16.7643156299922,real,2,10,1000000,28,0.0,uniform
qlearning_balancer[oracle],0.612572,0.9948720346873158,4.106454793529202,real,2,10,1000000,28,0.0,uniform
qlearning_balancer[nocache],0.0,0.946221888911982,13.409022175351966,real,2,10,1000000,28,0.0,uniform
Optimal_QLRU,0.677293,0.9996320870928369,1.0990609523944537,real,2,10,1000000,26,0.0,uniform
qlearning_balancer[qlearn],0.415613,0.9983833053627827,2.3043780032246337,real,2,10,1000000,26,0.0,uniform
qlearning_balancer[lru],0.575516,0.9289588087840893,15.458214499471442,real,2,10,1000000,26,0.0,uniform
qlearning_balancer[oracle],0.594351,0.9997225591003543,0.9543945668442313,real,2,10,1000000,26,0.0,uniform
qlearning_balancer[nocache],0.0,0.9549909690353034,12.248572188273487,real,2,10,1000000,26,0.0,uniform
Optimal_QLRU,0.689585,0.9930402483067904,4.785469572699834,real,2,10,1000000,29,0.0,uniform
qlearning_balancer[qlearn],0.416371,0.9995560680553569,1.2072937967067656,real,2,10,1000000,29,0.0,uniform
qlearning_balancer[lru],0.575736,0.9992547927517996,1.5642822675565051,real,2,10,1000000,29,0.0,uniform
qlearning_balancer[oracle],0.593552,0.9857664287742612,6.851966825286904,real,2,10,1000000,29,0.0,uniform
qlearning_balancer[nocache],0.0,0.9753283625416072,9.036989765606835,real,2,10,1000000,29,0.0,uniform
Optimal_QLRU,0.880239,0.9996424388950129,1.0834868687973922,real,2,30,1000000,2,0.0,uniform
qlearning_balancer[qlearn],0.581131,0.9981626609647515,2.456690034344558,real,2,30,1000000,2,0.0,uniform
qlearning_balancer[lru],0.835548,0.9992927081703707,1.523958574571199,real,2,30,1000000,2,0.0,uniform
qlearning_balancer[oracle],0.848259,0.998623715436402,2.126064426786514,real,2,30,1000000,2,0.0,uniform
qlearning_balancer[nocache],0.0,0.8755381577935937,20.658151064055552,real,2,30,1000000,2,0.0,uniform
Optimal_QLRU,0.876104,0.9999875023538947,0.20255251889635098,real,2,30,1000000,0,0.0,uniform
qlearning_balancer[qlearn],0.578435,0.9936133011555796,4.583784825401387,real,2,30,1000000,0,0.0,uniform
qlearning_balancer[lru],0.83535,0.9812864083061479,7.8625810171021575,real,2,30,1000000,0,0.0,uniform
qlearning_balancer[oracle],0.848975,0.9924030379897151,5.000276663626179,real,2,30,1000000,0,0.0,uniform
qlearning_balancer[nocache],0.0,0.9145447303322649,16.997341548696433,real,2,30,1000000,0,0.0,uniform
Optimal_QLRU,0.881408,0.9990222851562046,1.7918412552001286,real,2,30,1000000,1,0.0,uniform
qlearning_balancer[qlearn],0.552876,0.9969556933100882,3.162914367963573,real,2,30,1000000,1,0.0,uniform
qlearning_balancer[lru],0.834461,0.9857877462889819,6.846809249598352,real,2,30,1000000,1,0.0,uniform
qlearning_balancer[oracle],0.846735,0.9863946616080549,6.698337771452651,real,2,30,1000000,1,0.0,uniform
qlearning_balancer[nocache],0.0,0.8780925912630946,20.435481783702357,real,2,30,1000000,1,0.0,uniform
Optimal_QLRU,0.878502,0.9991651508013253,1.655720769476667,real,2,30,1000000,4,0.0,uniform
qlearning_balancer[qlearn],0.55854,0.9989021206932903,1.8988009103827241,real,2,30,1000000,4,0.0,uniform
qlearning_balancer[lru],0.8355,0.918928199101773,16.542775982961324,real,2,30,1000000,4,0.0,uniform
qlearning_balancer[oracle],0.847279,0.9725141283127208,9.543050966940507,real,2,30,1000000,4,0.0,uniform
qlearning_balancer[nocache],0.0,0.7737194081811071,28.404259058798978,real,2,30,1000000,4,0.0,uniform
Optimal_QLRU,0.879258,0.9999667732917489,0.3302696730653658,real,2,30,1000000,5,0.0,uniform
qlearning_balancer[qlearn],0.448908,0.9999690561254438,0.31872212927939614,real,2,30,1000000,5,0.0,uniform
qlearning_balancer[lru],0.835515,0.9997919148258844,0.8265293203595321,real,2,30,1000000,5,0.0,uniform
qlearning_balancer[oracle],0.850785,0.9884909546268463,6.158555703746943,real,2,30,1000000,5,0.0,uniform
qlearning_balancer[nocache],0.0,0.9966923230819731,3.2970374657843347,real,2,30,1000000,5,0.0,uniform
Optimal_QLRU,0.878832,0.9999364448465932,0.45677530730480437,real,2,30,1000000,3,0.0,uniform
qlearning_balancer[qlearn],0.484016,0.9990311769727823,1.7836720598998856,real,2,30,1000000,3,0.0,uniform
qlearning_balancer[lru],0.835446,0.8951267210910209,18.89539881585609,real,2,30,1000000,3,0.0,uniform
qlearning_balancer[oracle],0.847139,0.8578067064300526,22.153253426177002,real,2,30,1000000,3,0.0,uniform
qlearning_balancer[nocache],0.0,0.9680097830536278,10.303253942871171,real,2,30,1000000,3,0.0,uniform
Optimal_QLRU,0.875405,0.9999407606537103,0.44099335869094164,real,2,30,1000000,6,0.0,uniform
qlearning_balancer[qlearn],0.49493,0.9977766877415245,2.7026133875111085,real,2,30,1000000,6,0.0,uniform
qlearning_balancer[lru],0.83561,0.998892465456221,1.9071351531918888,real,2,30,1000000,6,0.0,uniform
qlearning_balancer[oracle],0.847276,0.9981088035021622,2.492458547865607,real,2,30,1000000,6,0.0,uniform
qlearning_balancer[nocache],0.0,0.9456215567117363,13.485063008418038,real,2,30,1000000,6,0.0,uniform
Optimal_QLRU,0.880201,0.9999813762723412,0.2472619480688857,real,2,30,1000000,7,0.0,uniform
qlearning_balancer[qlearn],0.444434,0.9979503518899757,2.5948410257153536,real,2,30,1000000,7,0.0,uniform
qlearning_balancer[lru],0.835679,0.8280067291942359,24.501729761166217,real,2,30,1000000,7,0.0,uniform
qlearning_balancer[oracle],0.847944,0.8620353231185865,21.804204316021508,real,2,30,1000000,7,0.0,uniform
qlearning_balancer[nocache],0.0,0.9898361962044555,5.786143584615331,real,2,30,1000000,7,0.0,uniform
Optimal_QLRU,0.871005,0.9993706876536221,1.4374783754953024,real,2,30,1000000,9,0.0,uniform
qlearning_balancer[qlearn],0.447141,0.999973818083533,0.29317385926642636,real,2,30,1000000,9,0.0,uniform
qlearning_balancer[lru],0.835351,0.8797664121839972,20.28848499485394,real,2,30,1000000,9,0.0,uniform
qlearning_balancer[oracle],0.845966,0.9456854034961907,13.476994749953244,real,2,30,1000000,9,0.0,uniform
qlearning_balancer[nocache],0.0,0.9991393468343311,1.6811212331912164,real,2,30,1000000,9,0.0,uniform
Optimal_QLRU,0.878646,0.9999025542007275,0.5656024045247898,real,2,30,1000000,10,0.0,uniform
qlearning_balancer[qlearn],0.574426,0.987677044681768,6.373472149898467,real,2,30,1000000,10,0.0,uniform
qlearning_balancer[lru],0.83452,0.9998280207849213,0.7514032388295567,real,2,30,1000000,10,0.0,uniform
qlearning_balancer[oracle],0.846702,0.9965951561701318,3.345168433472605,real,2,30,1000000,10,0.0,uniform
qlearning_balancer[nocache],0.0,0.8090617557644331,25.910383769626275,real,2,30,1000000,10,0.0,uniform
Optimal_QLRU,0.874687,0.9997455966452615,0.9139079714358052,real,2,30,1000000,8,0.0,uniform
qlearning_balancer[qlearn],0.491871,0.999265695422076,1.5527942541364186,real,2,30,1000000,8,0.0,uniform
qlearning_balancer[lru],0.835034,0.9999882424162538,0.19646379273564707,real,2,30,1000000,8,0.0,uniform
qlearning_balancer[oracle],0.846941,0.8545542743298407,22.418784694391874,real,2,30,1000000,8,0.0,uniform
qlearning_balancer[nocache],0.0,0.9705631935501107,9.879206513648214,real,2,30,1000000,8,0.0,uniform
Optimal_QLRU,0.870076,0.9993653958732422,1.4435107525841089,real,2,30,1000000,11,0.0,uniform
qlearning_balancer[qlearn],0.58006,0.9972895564710672,2.984277453514418,real,2,30,1000000,11,0.0,uniform
qlearning_balancer[lru],0.83555,0.9921043046849236,5.097896268685337,real,2,30,1000000,11,0.0,uniform
qlearning_balancer[oracle],0.848506,0.8984138829891472,18.585882403294743,real,2,30,1000000,11,0.0,uniform
qlearning_balancer[nocache],0.0,0.7705666738729559,28.619587944828307,real,2,30,1000000,11,0.0,uniform
Optimal_QLRU,0.880717,0.99792061619768,2.6136088162599744,real,2,30,1000000,12,0.0,uniform
qlearning_balancer[qlearn],0.478914,0.9878343246901585,6.3325011691372115,real,2,30,1000000,12,0.0,uniform
qlearning_balancer[lru],0.835164,0.8880892886986737,19.54399550548139,real,2,30,1000000,12,0.0,uniform
qlearning_balancer[oracle],0.847086,0.9101415022668282,17.44343318395123,real,2,30,1000000,12,0.0,uniform
qlearning_balancer[nocache],0.0,0.9121256731583605,17.24366871300218,real,2,30,1000000,12,0.0,uniform
Optimal_QLRU,0.877233,0.9997895867127417,0.8311404985681439,real,2,30,1000000,15,0.0,uniform
qlearning_balancer[qlearn],0.440096,0.9995750494938556,1.1811976426812412,real,2,30,1000000,15,0.0,uniform
qlearning_balancer[lru],0.835219,0.9408775884543047,14.072590200576746,real,2,30,1000000,15,0.0,uniform
qlearning_balancer[oracle],0.84698,0.9136339299416024,17.090452210998905,real,2,30,1000000,15,0.0,uniform
qlearning_balancer[nocache],0.0,0.9990061375684007,1.8065822296517222,real,2,30,1000000,15,0.0,uniform
Optimal_QLRU,0.870764,0.999767219981126,0.8742030805904643,real,2,30,1000000,13,0.0,uniform
qlearning_balancer[qlearn],0.524542,0.9952942661611023,3.9334851390278986,real,2,30,1000000,13,0.0,uniform
qlearning_balancer[lru],0.835421,0.8690101117278151,21.218479525648075,real,2,30,1000000,13,0.0,uniform
qlearning_balancer[oracle],0.846377,0.8773760341208044,20.49814462209817,real,2,30,1000000,13,0.0,uniform
qlearning_balancer[nocache],0.0,0.8541144178674251,22.45450467484436,real,2,30,1000000,13,0.0,uniform
Optimal_QLRU,0.872666,0.9999974333275076,0.091792679259308,real,2,30,1000000,14,0.0,uniform
qlearning_balancer[qlearn],0.470781,0.9998229975330537,0.7622985694584758,real,2,30,1000000,14,0.0,uniform
qlearning_balancer[lru],0.835478,0.9852150018029137,6.984081417500076,real,2,30,1000000,14,0.0,uniform
qlearning_balancer[oracle],0.848304,0.885526224422464,19.775753934881532,real,2,30,1000000,14,0.0,uniform
qlearning_balancer[nocache],0.0,0.9939213926996077,4.47162776703838,real,2,30,1000000,14,0.0,uniform
Optimal_QLRU,0.87807,0.9996972123951108,0.9970423316822666,real,2,30,1000000,16,0.0,uniform
qlearning_balancer[qlearn],0.592618,0.9994777520948678,1.3094797731995875,real,2,30,1000000,16,0.0,uniform
qlearning_balancer[lru],0.83603,0.9440005962395692,13.688428801363377,real,2,30,1000000,16,0.0,uniform
qlearning_balancer[oracle],0.847694,0.8534980089500007,22.504487138341478,real,2,30,1000000,16,0.0,uniform
qlearning_balancer[nocache],0.0,0.9229108094099858,16.119963660518717,real,2,30,1000000,16,0.0,uniform
Optimal_QLRU,0.87183,0.9999932092582325,0.14930753717500841,real,2,30,1000000,17,0.0,uniform
qlearning_balancer[qlearn],0.449406,0.9858774634052955,6.8250611211440235,real,2,30,1000000,17,0.0,uniform
qlearning_balancer[lru],0.835367,0.9862093328653994,6.74401547871272,real,2,30,1000000,17,0.0,uniform
qlearning_balancer[oracle],0.847866,0.9868614842671648,6.5819017849400945,real,2,30,1000000,17,0.0,uniform
qlearning_balancer[nocache],0.0,0.9857454576879202,6.8570368729740325,real,2,30,1000000,17,0.0,uniform
Optimal_QLRU,0.877086,0.99960672723789,1.1363131609071266,real,2,30,1000000,18,0.0,uniform
qlearning_balancer[qlearn],0.581592,0.9778662688166223,8.555890227470917,real,2,30,1000000,18,0.0,uniform
qlearning_balancer[lru],0.834828,0.9924115779631661,4.997458239775338,real,2,30,1000000,18,0.0,uniform
qlearning_balancer[oracle],0.846844,0.9494733523265391,12.990020095512863,real,2,30,1000000,18,0.0,uniform
qlearning_balancer[nocache],0.0,0.7563772489574015,29.576259864807557,real,2,30,1000000,18,0.0,uniform
Optimal_QLRU,0.879365,0.9996827596821679,1.020562921754063,real,2,30,1000000,19,0.0,uniform
qlearning_balancer[qlearn],0.513406,0.9992326064566207,1.5874032468460098,real,2,30,1000000,19,0.0,uniform
qlearning_balancer[lru],0.835405,0.9375734405069694,14.468818142893085,real,2,30,1000000,19,0.0,uniform
qlearning_balancer[oracle],0.846341,0.9990966414484159,1.722336960441332,real,2,30,1000000,19,0.0,uniform
qlearning_balancer[nocache],0.0,0.90757933066679,17.69847350881868,real,2,30,1000000,19,0.0,uniform
Optimal_QLRU,0.875816,0.9999971403949286,0.09688931125381782,real,2,30,1000000,20,0.0,uniform
qlearning_balancer[qlearn],0.514619,0.9995634223735493,1.1972503583703922,real,2,30,1000000,20,0.0,uniform
qlearning_balancer[lru],0.835077,0.7716631705275635,28.54481716133939,real,2,30,1000000,20,0.0,uniform
qlearning_balancer[oracle],0.847274,0.9188131867769453,16.554843584494574,real,2,30,1000000,20,0.0,uniform
qlearning_balancer[nocache],0.0,0.9740393895176988,9.272083239247726,real,2,30,1000000,20,0.0,uniform
Optimal_QLRU,0.882867,0.9997851730566989,0.8398129319006078,real,2,30,1000000,23,0.0,uniform
qlearning_balancer[qlearn],0.458523,0.9997316068351275,0.9387020947887138,real,2,30,1000000,23,0.0,uniform
qlearning_balancer[lru],0.835367,0.9782861533782197,8.47374481854183,real,2,30,1000000,23,0.0,uniform
qlearning_balancer[oracle],0.84746,0.9723623388321472,9.569612319036935,real,2,30,1000000,23,0.0,uniform
qlearning_balancer[nocache],0.0,0.9999846237794627,0.22467178981046662,real,2,30,1000000,23,0.0,uniform
Optimal_QLRU,0.873818,0.9998306918141494,0.7455450073292107,real,2,30,1000000,22,0.0,uniform
qlearning_balancer[qlearn],0.434758,0.9995405475943607,1.2282199834334804,real,2,30,1000000,22,0.0,uniform
qlearning_balancer[lru],0.834895,0.9114752360387909,17.309376308739473,real,2,30,1000000,22,0.0,uniform
qlearning_balancer[oracle],0.847566,0.9899108429079209,5.764784389397212,real,2,30,1000000,22,0.0,uniform
qlearning_balancer[nocache],0.0,0.9996392348995192,1.0883310207869477,real,2,30,1000000,22,0.0,uniform
Optimal_QLRU,0.873948,0.9987158394448281,2.0536446104093726,real,2,30,1000000,21,0.0,uniform
qlearning_balancer[qlearn],0.464523,0.998306615375418,2.3584305178843312,real,2,30,1000000,21,0.0,uniform
qlearning_balancer[lru],0.835403,0.9935146066558778,4.619142303252977,real,2,30,1000000,21,0.0,uniform
qlearning_balancer[oracle],0.84652,0.9959151711185158,3.6644236727398396,real,2,30,1000000,21,0.0,uniform
qlearning_balancer[nocache],0.0,0.9959144986066487,3.6647257212376543,real,2,30,1000000,21,0.0,uniform
Optimal_QLRU,0.87662,0.9990868725796379,1.7316273680249803,real,2,30,1000000,25,0.0,uniform
qlearning_balancer[qlearn],0.500835,0.9911194819597581,5.407377374434695,real,2,30,1000000,25,0.0,uniform
qlearning_balancer[lru],0.835313,0.9706894619266891,9.857783413230312,real,2,30,1000000,25,0.0,uniform
qlearning_balancer[oracle],0.84617,0.8582897421411829,22.113603191946794,real,2,30,1000000,25,0.0,uniform
qlearning_balancer[nocache],0.0,0.9762496841765692,8.865262549092051,real,2,30,1000000,25,0.0,uniform
Optimal_QLRU,0.857686,0.9996998346801131,0.9927150783217439,real,2,30,1000000,24,0.0,uniform
qlearning_balancer[qlearn],0.51856,0.9894674045889986,5.890547596726181,real,2,30,1000000,24,0.0,uniform
qlearning_balancer[lru],0.835392,0.9871945862649083,6.497566149224935,real,2,30,1000000,24,0.0,uniform
qlearning_balancer[oracle],0.847444,0.9448996970689565,13.575975169597967,real,2,30,1000000,24,0.0,uniform
qlearning_balancer[nocache],0.0,0.9217012114557444,16.249414710622737,real,2,30,1000000,24,0.0,uniform
Optimal_QLRU,0.876968,0.9999998213634009,0.02421630435756284,real,2,30,1000000,27,0.0,uniform
qlearning_balancer[qlearn],0.553717,0.9952487364961343,3.9524983700705065,real,2,30,1000000,27,0.0,uniform
qlearning_balancer[lru],0.83475,0.9509092446811016,12.800930644036868,real,2,30,1000000,27,0.0,uniform
qlearning_balancer[oracle],0.847691,0.993873260321407,4.489332931678004,real,2,30,1000000,27,0.0,uniform
qlearning_balancer[nocache],0.0,0.9582495638103157,11.79023591646388,real,2,30,1000000,27,0.0,uniform
Optimal_QLRU,0.94313,0.9997777055110207,0.8542855725822881,real,2,100,1000000,0,0.0,uniform
qlearning_balancer[qlearn],0.628009,0.999689636040578,1.0094405383965268,real,2,100,1000000,0,0.0,uniform
qlearning_balancer[lru],0.97621,0.7719819928146142,28.523052783255824,real,2,100,1000000,0,0.0,uniform
qlearning_balancer[oracle],0.978478,0.5316632371486866,43.184615408791544,real,2,100,1000000,0,0.0,uniform
qlearning_balancer[nocache],0.0,0.9145447303322649,16.997341548696433,real,2,100,1000000,0,0.0,uniform
Optimal_QLRU,0.878941,0.9994472348673056,1.3472027833000755,real,2,30,1000000,28,0.0,uniform
qlearning_balancer[qlearn],0.454628,0.9932499397050625,4.712661624413807,real,2,30,1000000,28,0.0,uniform
qlearning_balancer[lru],0.835072,0.9999681247236601,0.323483340233891,real,2,30,1000000,28,0.0,uniform
qlearning_balancer[oracle],0.846932,0.9978127186308752,2.6806086032895955,real,2,30,1000000,28,0.0,uniform
qlearning_balancer[nocache],0.0,0.946221888911982,13.409022175351966,real,2,30,1000000,28,0.0,uniform
Optimal_QLRU,0.878866,0.9999729518706248,0.2979841798631557,real,2,30,1000000,26,0.0,uniform
qlearning_balancer[qlearn],0.506569,0.9918254502870532,5.1873795695882805,real,2,30,1000000,26,0.0,uniform
qlearning_balancer[lru],0.834556,0.9854584024392475,6.926070479088765,real,2,30,1000000,26,0.0,uniform
qlearning_balancer[oracle],0.847411,0.9984823359667608,2.23264856199551,real,2,30,1000000,26,0.0,uniform
qlearning_balancer[nocache],0.0,0.9549909690353034,12.248572188273487,real,2,30,1000000,26,0.0,uniform
Optimal_QLRU,0.873107,0.9998529252797244,0.6948679713462289,real,2,30,1000000,29,0.0,uniform
qlearning_balancer[qlearn],0.506732,0.9998393501770484,0.7262303371677632,real,2,30,1000000,29,0.0,uniform
qlearning_balancer[lru],0.835292,0.9839811435457907,7.271177421249522,real,2,30,1000000,29,0.0,uniform
qlearning_balancer[oracle],0.845705,0.9948532798159104,4.113970262258505,real,2,30,1000000,29,0.0,uniform
qlearning_balancer[nocache],0.0,0.9753283625416072,9.036989765606835,real,2,30,1000000,29,0.0,uniform
Optimal_QLRU,0.957827,0.9994831747657117,1.302662477336621,real,2,100,1000000,1,0.0,uniform
qlearning_balancer[qlearn],0.596278,0.9995441462300694,1.2233998111282296,real,2,100,1000000,1,0.0,uniform
qlearning_balancer[lru],0.976098,0.5483068539115906,42.22789712446918,real,2,100,1000000,1,0.0,uniform
qlearning_balancer[oracle],0.978344,0.8182170887151887,25.236781964325353,real,2,100,1000000,1,0.0,uniform
qlearning_balancer[nocache],0.0,0.8780925912630946,20.435481783702357,real,2,100,1000000,1,0.0,uniform
Optimal_QLRU,0.977402,0.9999593961381764,0.3650978219064714,real,2,100,1000000,2,0.0,uniform
qlearning_balancer[qlearn],0.620098,0.9983092381717332,2.35660235285326,real,2,100,1000000,2,0.0,uniform
qlearning_balancer[lru],0.97608,0.9995453768968025,1.2217470404034705,real,2,100,1000000,2,0.0,uniform
qlearning_balancer[oracle],0.978209,0.5031899838336243,44.817226149666645,real,2,100,1000000,2,0.0,uniform
qlearning_balancer[nocache],0.0,0.8755381577935937,20.658151064055552,real,2,100,1000000,2,0.0,uniform
Optimal_QLRU,0.957285,0.9995513151228895,1.2137404634422406,real,2,100,1000000,4,0.0,uniform
qlearning_balancer[qlearn],0.614801,0.9978377433064609,2.6652189414679666,real,2,100,1000000,4,0.0,uniform
qlearning_balancer[lru],0.975857,0.5634322916818744,41.35577705321655,real,2,100,1000000,4,0.0,uniform
qlearning_balancer[oracle],0.97826,0.5820739683841527,40.2761300151631,real,2,100,1000000,4,0.0,uniform
qlearning_balancer[nocache],0.0,0.7737194081811071,28.404259058798978,real,2,100,1000000,4,0.0,uniform
Optimal_QLRU,0.954817,0.9999987259406118,0.064672188972231,real,2,100,1000000,5,0.0,uniform
qlearning_balancer[qlearn],0.483615,0.9953425468526212,3.913222794791276,real,2,100,1000000,5,0.0,uniform
qlearning_balancer[lru],0.976201,0.8881985091561287,19.534068342935857,real,2,100,1000000,5,0.0,uniform
qlearning_balancer[oracle],0.978482,0.9894742786651336,5.888618257247572,real,2,100,1000000,5,0.0,uniform
qlearning_balancer[nocache],0.0,0.9966923230819731,3.2970374657843347,real,2,100,1000000,5,0.0,uniform
Optimal_QLRU,0.960109,0.9997353788162181,0.9320819377961638,real,2,100,1000000,3,0.0,uniform
qlearning_balancer[qlearn],0.533379,0.9955440233184891,3.827517189163603,real,2,100,1000000,3,0.0,uniform
qlearning_balancer[lru],0.976053,0.7223882036988243,31.795482867579935,real,2,100,1000000,3,0.0,uniform
qlearning_balancer[oracle],0.978298,0.559076181310192,41.60725892600115,real,2,100,1000000,3,0.0,uniform
qlearning_balancer[nocache],0.0,0.9680097830536278,10.303253942871171,real,2,100,1000000,3,0.0,uniform
Optimal_QLRU,0.964902,0.9987932133288365,1.99078918888913,real,2,100,1000000,6,0.0,uniform
qlearning_balancer[qlearn],0.532299,0.9974501554596155,2.894437796031904,real,2,100,1000000,6,0.0,uniform
qlearning_balancer[lru],0.975616,0.9950458000758223,4.036162534019848,real,2,100,1000000,6,0.0,uniform
qlearning_balancer[oracle],0.977853,0.9272938121131644,15.6428964469855,real,2,100,1000000,6,0.0,uniform
qlearning_balancer[nocache],0.0,0.9456215567117363,13.485063008418038,real,2,100,1000000,6,0.0,uniform
Optimal_QLRU,0.980902,0.9994302210704761,1.3677826026608546,real,2,100,1000000,9,0.0,uniform
qlearning_balancer[qlearn],0.494365,0.998600006586782,2.1443072579195386,real,2,100,1000000,9,0.0,uniform
qlearning_balancer[lru],0.975645,0.6216911921311462,37.9568710993544,real,2,100,1000000,9,0.0,uniform
qlearning_balancer[oracle],0.978209,0.6411728981900584,36.79987040878116,real,2,100,1000000,9,0.0,uniform
qlearning_balancer[nocache],0.0,0.9991393468343311,1.6811212331912164,real,2,100,1000000,9,0.0,uniform
Optimal_QLRU,0.962737,0.9999945489457421,0.13377140220346187,real,2,100,1000000,7,0.0,uniform
qlearning_balancer[qlearn],0.489175,0.9943460003765864,4.312316431517837,real,2,100,1000000,7,0.0,uniform
qlearning_balancer[lru],0.975831,0.5786617042338816,40.47421436390893,real,2,100,1000000,7,0.0,uniform
qlearning_balancer[oracle],0.978152,0.585117033256296,40.09928577378725,real,2,100,1000000,7,0.0,uniform
qlearning_balancer[nocache],0.0,0.9898361962044555,5.786143584615331,real,2,100,1000000,7,0.0,uniform
Optimal_QLRU,0.957307,0.9993850901648821,1.420930612527668,real,2,100,1000000,11,0.0,uniform
qlearning_balancer[qlearn],0.625601,0.9999404207115407,0.44225688341014663,real,2,100,1000000,11,0.0,uniform
qlearning_balancer[lru],0.976071,0.9039743539435862,18.052001962990435,real,2,100,1000000,11,0.0,uniform
qlearning_balancer[oracle],0.978425,0.9324102853093333,15.068888461827731,real,2,100,1000000,11,0.0,uniform
qlearning_balancer[nocache],0.0,0.7705666738729559,28.619587944828307,real,2,100,1000000,11,0.0,uniform
Optimal_QLRU,0.967053,0.9999994242313485,0.043475709865840366,real,2,100,1000000,8,0.0,uniform
qlearning_balancer[qlearn],0.543066,0.9981984521649966,2.4326297745296914,real,2,100,1000000,8,0.0,uniform
qlearning_balancer[lru],0.975605,0.6091141098626147,38.69750544966329,real,2,100,1000000,8,0.0,uniform
qlearning_balancer[oracle],0.977826,0.5177244613769052,43.98425035691203,real,2,100,1000000,8,0.0,uniform
qlearning_balancer[nocache],0.0,0.9705631935501107,9.879206513648214,real,2,100,1000000,8,0.0,uniform
Optimal_QLRU,0.974149,0.996131407203799,3.565985376939022,real,2,100,1000000,10,0.0,uniform
qlearning_balancer[qlearn],0.623142,0.9998536661469227,0.6931155287272873,real,2,100,1000000,10,0.0,uniform
qlearning_balancer[lru],0.976097,0.6009305424794134,39.17709432298673,real,2,100,1000000,10,0.0,uniform
qlearning_balancer[oracle],0.978399,0.5455889956013223,42.38431016235961,real,2,100,1000000,10,0.0,uniform
qlearning_balancer[nocache],0.0,0.8090617557644331,25.910383769626275,real,2,100,1000000,10,0.0,uniform
Optimal_QLRU,0.964006,0.9997631592465567,0.8817957351408151,real,2,100,1000000,13,0.0,uniform
qlearning_balancer[qlearn],0.561143,0.9958342071972616,3.700611182449951,real,2,100,1000000,13,0.0,uniform
qlearning_balancer[lru],0.975837,0.9080611183825951,17.650761142198192,real,2,100,1000000,13,0.0,uniform
qlearning_balancer[oracle],0.977991,0.9428367179802591,13.832745594792934,real,2,100,1000000,13,0.0,uniform
qlearning_balancer[nocache],0.0,0.8541144178674251,22.45450467484436,real,2,100,1000000,13,0.0,uniform
Optimal_QLRU,0.976416,0.9993702982228979,1.437923169873917,real,2,100,1000000,12,0.0,uniform
qlearning_balancer[qlearn],0.519548,0.9481624498552521,13.16044032566048,real,2,100,1000000,12,0.0,uniform
qlearning_balancer[lru],0.97561,0.9808159456111654,7.96143385441777,real,2,100,1000000,12,0.0,uniform
qlearning_balancer[oracle],0.977922,0.6524923300199679,36.12137948974811,real,2,100,1000000,12,0.0,uniform
qlearning_balancer[nocache],0.0,0.9121256731583605,17.24366871300218,real,2,100,1000000,12,0.0,uniform
Optimal_QLRU,0.966359,0.9999370120647223,0.4547323779317471,real,2,100,1000000,14,0.0,uniform
qlearning_balancer[qlearn],0.512098,0.999136798684134,1.6836087711758603,real,2,100,1000000,14,0.0,uniform
qlearning_balancer[lru],0.976122,0.9327185582196582,15.033672114669715,real,2,100,1000000,14,0.0,uniform
qlearning_balancer[oracle],0.978408,0.6465904641111371,36.47575506367909,real,2,100,1000000,14,0.0,uniform
qlearning_balancer[nocache],0.0,0.9939213926996077,4.47162776703838,real,2,100,1000000,14,0.0,uniform
Optimal_QLRU,0.970939,0.9999879214057369,0.19912771176530317,real,2,100,1000000,15,0.0,uniform
qlearning_balancer[qlearn],0.484759,0.9998381017439238,0.7290468486373376,real,2,100,1000000,15,0.0,uniform
qlearning_balancer[lru],0.975876,0.5132906769451171,44.23841060038114,real,2,100,1000000,15,0.0,uniform
qlearning_balancer[oracle],0.978173,0.6936885625270546,33.60430270117695,real,2,100,1000000,15,0.0,uniform
qlearning_balancer[nocache],0.0,0.9990061375684007,1.8065822296517222,real,2,100,1000000,15,0.0,uniform
Optimal_QLRU,0.980784,0.9997846828040665,0.8407707153800481,real,2,100,1000000,16,0.0,uniform
qlearning_balancer[qlearn],0.62431,0.9993379611890555,1.4743897025210984,real,2,100,1000000,16,0.0,uniform
qlearning_balancer[lru],0.976208,0.5188936500861985,43.9172158051458,real,2,100,1000000,16,0.0,uniform
qlearning_balancer[oracle],0.978435,0.5992037140115323,39.278077404757234,real,2,100,1000000,16,0.0,uniform
qlearning_balancer[nocache],0.0,0.9229108094099858,16.119963660518717,real,2,100,1000000,16,0.0,uniform
Optimal_QLRU,0.977694,0.9997037281667996,0.9862550999461105,real,2,100,1000000,17,0.0,uniform
qlearning_balancer[qlearn],0.491671,0.9750489553680465,9.088448895870656,real,2,100,1000000,17,0.0,uniform
qlearning_balancer[lru],0.9758,0.5144667488179837,44.171000656248516,real,2,100,1000000,17,0.0,uniform
qlearning_balancer[oracle],0.978201,0.5301931339358885,43.2690077553212,real,2,100,1000000,17,0.0,uniform
qlearning_balancer[nocache],0.0,0.9857454576879202,6.8570368729740325,real,2,100,1000000,17,0.0,uniform
Optimal_QLRU,0.976664,0.9998391353117614,0.7267158587475949,real,2,100,1000000,18,0.0,uniform
qlearning_balancer[qlearn],0.623386,0.8685739824138946,21.255485347604413,real,2,100,1000000,18,0.0,uniform
qlearning_balancer[lru],0.975828,0.7886868293826573,27.366984495330207,real,2,100,1000000,18,0.0,uniform
qlearning_balancer[oracle],0.978292,0.9620815977084036,11.228745804216329,real,2,100,1000000,18,0.0,uniform
qlearning_balancer[nocache],0.0,0.7563772489574015,29.576259864807557,real,2,100,1000000,18,0.0,uniform
Optimal_QLRU,0.982535,0.999976314073096,0.27884928754456256,real,2,100,1000000,19,0.0,uniform
qlearning_balancer[qlearn],0.546989,0.9633391315337736,11.038600554095726,real,2,100,1000000,19,0.0,uniform
qlearning_balancer[lru],0.976034,0.5611539103665878,41.487343871876334,real,2,100,1000000,19,0.0,uniform
qlearning_balancer[oracle],0.978427,0.5582158089067698,41.65689727000738,real,2,100,1000000,19,0.0,uniform
qlearning_balancer[nocache],0.0,0.90757933066679,17.69847350881868,real,2,100,1000000,19,0.0,uniform
Optimal_QLRU,0.971629,0.999788135206378,0.8340025260761452,real,2,100,1000000,21,0.0,uniform
qlearning_balancer[qlearn],0.498747,0.9960400667552547,3.6078926869640386,real,2,100,1000000,21,0.0,uniform
qlearning_balancer[lru],0.976096,0.8688473641456248,21.232294859376534,real,2,100,1000000,21,0.0,uniform
qlearning_balancer[oracle],0.978192,0.9223188335993168,16.183432162088177,real,2,100,1000000,21,0.0,uniform
qlearning_balancer[nocache],0.0,0.9959144986066487,3.6647257212376543,real,2,100,1000000,21,0.0,uniform
Optimal_QLRU,0.982119,0.9998929680680575,0.5927711550947472,real,2,100,1000000,22,0.0,uniform
qlearning_balancer[qlearn],0.466067,0.9729023771223182,9.474785903818201,real,2,100,1000000,22,0.0,uniform
qlearning_balancer[lru],0.975567,0.5635376960865999,41.34968854872113,real,2,100,1000000,22,0.0,uniform
qlearning_balancer[oracle],0.978123,0.5134206388866928,44.23096167175192,real,2,100,1000000,22,0.0,uniform
qlearning_balancer[nocache],0.0,0.9996392348995192,1.0883310207869477,real,2,100,1000000,22,0.0,uniform
Optimal_QLRU,0.97322,0.9992896593447573,1.527240378372409,real,2,100,1000000,20,0.0,uniform
qlearning_balancer[qlearn],0.55017,0.9996541536678836,1.0655878398763423,real,2,100,1000000,20,0.0,uniform
qlearning_balancer[lru],0.975631,0.6665762083704838,35.26988676922232,real,2,100,1000000,20,0.0,uniform
qlearning_balancer[oracle],0.977996,0.6055042651334007,38.909269382880055,real,2,100,1000000,20,0.0,uniform
qlearning_balancer[nocache],0.0,0.9740393895176988,9.272083239247726,real,2,100,1000000,20,0.0,uniform
Optimal_QLRU,0.961808,0.9984143938011294,2.282102447256366,real,2,100,1000000,24,0.0,uniform
qlearning_balancer[qlearn],0.567434,0.9969619997467065,3.159633271899298,real,2,100,1000000,24,0.0,uniform
qlearning_balancer[lru],0.976027,0.8120332661579764,25.693146920297515,real,2,100,1000000,24,0.0,uniform
qlearning_balancer[oracle],0.978456,0.691426327912203,33.74475247715548,real,2,100,1000000,24,0.0,uniform
qlearning_balancer[nocache],0.0,0.9217012114557444,16.249414710622737,real,2,100,1000000,24,0.0,uniform
Optimal_QLRU,0.942801,0.9999251139365211,0.49582515218148765,real,2,100,1000000,26,0.0,uniform
qlearning_balancer[qlearn],0.559825,0.999895263594717,0.5863798605231638,real,2,100,1000000,26,0.0,uniform
qlearning_balancer[lru],0.975965,0.8995569834496348,18.477212235907196,real,2,100,1000000,26,0.0,uniform
qlearning_balancer[oracle],0.978171,0.7504803407275217,29.968210723696068,real,2,100,1000000,26,0.0,uniform
qlearning_balancer[nocache],0.0,0.9549909690353034,12.248572188273487,real,2,100,1000000,26,0.0,uniform
Optimal_QLRU,0.975195,0.9991974289404394,1.623388589727895,real,2,100,1000000,23,0.0,uniform
qlearning_balancer[qlearn],0.501529,0.9916979387988949,5.227792707627521,real,2,100,1000000,23,0.0,uniform
qlearning_balancer[lru],0.976119,0.6823588170352953,34.30489677047033,real,2,100,1000000,23,0.0,uniform
qlearning_balancer[oracle],0.978278,0.6532383475810979,36.07648624978644,real,2,100,1000000,23,0.0,uniform
qlearning_balancer[nocache],0.0,0.9999846237794627,0.22467178981046662,real,2,100,1000000,23,0.0,uniform
Optimal_QLRU,0.97564,0.9999939334008748,0.1411223242594334,real,2,100,1000000,27,0.0,uniform
qlearning_balancer[qlearn],0.590939,0.9999882843245222,0.19611334490639568,real,2,100,1000000,27,0.0,uniform
qlearning_balancer[lru],0.975751,0.7873492159917821,27.460742030741862,real,2,100,1000000,27,0.0,uniform
qlearning_balancer[oracle],0.978205,0.9822648440390844,7.6530100244550425,real,2,100,1000000,27,0.0,uniform
qlearning_balancer[nocache],0.0,0.9582495638103157,11.79023591646388,real,2,100,1000000,27,0.0,uniform
Optimal_QLRU,0.979689,0.9999490374372949,0.4090269753384764,real,2,100,1000000,28,0.0,uniform
qlearning_balancer[qlearn],0.489491,0.9986476434419038,2.107493158834112,real,2,100,1000000,28,0.0,uniform
qlearning_balancer[lru],0.97569,0.5162131328404228,44.07089304680757,real,2,100,1000000,28,0.0,uniform
qlearning_balancer[oracle],0.977945,0.6375654070536386,37.015095010660396,real,2,100,1000000,28,0.0,uniform
qlearning_balancer[nocache],0.0,0.946221888911982,13.409022175351966,real,2,100,1000000,28,0.0,uniform
Optimal_QLRU,0.976209,0.9998939621970789,0.5900117604267183,real,2,100,1000000,25,0.0,uniform
qlearning_balancer[qlearn],0.534211,0.9975521228554861,2.8359252773358974,real,2,100,1000000,25,0.0,uniform
qlearning_balancer[lru],0.975748,0.9995533548543218,1.2109780634650213,real,2,100,1000000,25,0.0,uniform
qlearning_balancer[oracle],0.978019,0.9031657380721826,18.130480139425018,real,2,100,1000000,25,0.0,uniform
qlearning_balancer[nocache],0.0,0.9762496841765692,8.865262549092051,real,2,100,1000000,25,0.0,uniform
Optimal_QLRU,0.972612,0.9997080931571996,0.9789621514066574,real,2,100,1000000,29,0.0,uniform
qlearning_balancer[qlearn],0.552324,0.9999546027879826,0.38604729130559834,real,2,100,1000000,29,0.0,uniform
qlearning_balancer[lru],0.975581,0.977301826447679,8.665126046861381,real,2,100,1000000,29,0.0,uniform
qlearning_balancer[oracle],0.978068,0.9981327415886151,2.4766240955706715,real,2,100,1000000,29,0.0,uniform
qlearning_balancer[nocache],0.0,0.9753283625416072,9.036989765606835,real,2,100,1000000,29,0.0,uniform
Optimal_QLRU,0.998835,0.9936677907332594,4.5641474925511964,real,2,300,1000000,0,0.0,uniform
qlearning_balancer[qlearn],0.623959,0.999142150348468,1.6783801509280145,real,2,300,1000000,0,0.0,uniform
qlearning_balancer[lru],0.999528,0.5,45.0,real,2,300,1000000,0,0.0,uniform
qlearning_balancer[oracle],0.999272,0.5,45.0,real,2,300,1000000,0,0.0,uniform
qlearning_balancer[nocache],0.0,0.9145447303322649,16.997341548696433,real,2,300,1000000,0,0.0,uniform
Optimal_QLRU,0.997869,0.9979323469367574,2.606221014699046,real,2,300,1000000,2,0.0,uniform
qlearning_balancer[qlearn],0.624342,0.9999502142415562,0.40427678180875903,real,2,300,1000000,2,0.0,uniform
qlearning_balancer[lru],0.999474,0.5,45.0,real,2,300,1000000,2,0.0,uniform
qlearning_balancer[oracle],0.999215,0.5,45.0,real,2,300,1000000,2,0.0,uniform
qlearning_balancer[nocache],0.0,0.8755381577935937,20.658151064055552,real,2,300,1000000,2,0.0,uniform
Optimal_QLRU,0.997767,0.9933285894316441,4.685064185522341,real,2,300,1000000,1,0.0,uniform
qlearning_balancer[qlearn],0.604262,0.9994717951677488,1.3169280788351492,real,2,300,1000000,1,0.0,uniform
qlearning_balancer[lru],0.999515,0.5000000000003272,44.99999999998126,real,2,300,1000000,1,0.0,uniform
qlearning_balancer[oracle],0.999266,0.5,45.0,real,2,300,1000000,1,0.0,uniform
qlearning_balancer[nocache],0.0,0.8780925912630946,20.435481783702357,real,2,300,1000000,1,0.0,uniform
Optimal_QLRU,0.998302,0.9974413616550197,2.8994288698245088,real,2,300,1000000,6,0.0,uniform
qlearning_balancer[qlearn],0.538325,0.9997955286068227,0.8193202931084712,real,2,300,1000000,6,0.0,uniform
qlearning_balancer[lru],0.999501,0.5,45.0,real,2,300,1000000,6,0.0,uniform
qlearning_balancer[oracle],0.999294,0.5,45.0,real,2,300,1000000,6,0.0,uniform
qlearning_balancer[nocache],0.0,0.9456215567117363,13.485063008418038,real,2,300,1000000,6,0.0,uniform
Optimal_QLRU,0.994403,0.9970392528395006,3.119161288119303,real,2,300,1000000,4,0.0,uniform
qlearning_balancer[qlearn],0.61168,0.9994926946639222,1.2906071728019601,real,2,300,1000000,4,0.0,uniform
qlearning_balancer[lru],0.999503,0.5,45.0,real,2,300,1000000,4,0.0,uniform
qlearning_balancer[oracle],0.999269,0.5,45.0,real,2,300,1000000,4,0.0,uniform
qlearning_balancer[nocache],0.0,0.7737194081811071,28.404259058798978,real,2,300,1000000,4,0.0,uniform
Optimal_QLRU,0.997936,0.999503544169084,1.2767294656004806,real,2,300,1000000,3,0.0,uniform
qlearning_balancer[qlearn],0.537272,0.9091041942446944,17.547076680239517,real,2,300,1000000,3,0.0,uniform
qlearning_balancer[lru],0.999538,0.5,45.0,real,2,300,1000000,3,0.0,uniform
qlearning_balancer[oracle],0.999277,1.0,0.0,real,2,300,1000000,3,0.0,uniform
qlearning_balancer[nocache],0.0,0.9680097830536278,10.303253942871171,real,2,300,1000000,3,0.0,uniform
Optimal_QLRU,0.998301,0.9980551312380153,2.527601809625798,real,2,300,1000000,5,0.0,uniform
qlearning_balancer[qlearn],0.481107,0.9786716598673119,8.39763849853888,real,2,300,1000000,5,0.0,uniform
qlearning_balancer[lru],0.99953,0.5,45.0,real,2,300,1000000,5,0.0,uniform
qlearning_balancer[oracle],0.999265,0.5,45.0,real,2,300,1000000,5,0.0,uniform
qlearning_balancer[nocache],0.0,0.9966923230819731,3.2970374657843347,real,2,300,1000000,5,0.0,uniform
Optimal_QLRU,0.998468,0.9999386494703404,0.44878282852936263,real,2,300,1000000,8,0.0,uniform
qlearning_balancer[qlearn],0.53467,0.9994244459644828,1.3746981647031415,real,2,300,1000000,8,0.0,uniform
qlearning_balancer[lru],0.999482,0.5011656367802092,44.93321387155342,real,2,300,1000000,8,0.0,uniform
qlearning_balancer[oracle],0.99926,0.5011656367802092,44.93321387155342,real,2,300,1000000,8,0.0,uniform
qlearning_balancer[nocache],0.0,0.9705631935501107,9.879206513648214,real,2,300,1000000,8,0.0,uniform
Optimal_QLRU,0.99543,0.9999624623258687,0.3510419589484487,real,2,300,1000000,9,0.0,uniform
qlearning_balancer[qlearn],0.501955,0.9949609615565845,4.07063236965495,real,2,300,1000000,9,0.0,uniform
qlearning_balancer[lru],0.999531,0.5,45.0,real,2,300,1000000,9,0.0,uniform
qlearning_balancer[oracle],0.999288,0.5,45.0,real,2,300,1000000,9,0.0,uniform
qlearning_balancer[nocache],0.0,0.9991393468343311,1.6811212331912164,real,2,300,1000000,9,0.0,uniform
Optimal_QLRU,0.997873,0.9866941845588945,6.623861157523429,real,2,300,1000000,7,0.0,uniform
qlearning_balancer[qlearn],0.489551,0.9878482994469221,6.328848166684386,real,2,300,1000000,7,0.0,uniform
qlearning_balancer[lru],0.999501,0.5,45.0,real,2,300,1000000,7,0.0,uniform
qlearning_balancer[oracle],0.999295,0.5,45.0,real,2,300,1000000,7,0.0,uniform
qlearning_balancer[nocache],0.0,0.9898361962044555,5.786143584615331,real,2,300,1000000,7,0.0,uniform
Optimal_QLRU,0.998216,0.9948784635390617,4.103875472636955,real,2,300,1000000,10,0.0,uniform
qlearning_balancer[qlearn],0.624167,0.9971591149473163,3.055310185904942,real,2,300,1000000,10,0.0,uniform
qlearning_balancer[lru],0.999501,0.5,45.0,real,2,300,1000000,10,0.0,uniform
qlearning_balancer[oracle],0.999312,0.5,45.0,real,2,300,1000000,10,0.0,uniform
qlearning_balancer[nocache],0.0,0.8090617557644331,25.910383769626275,real,2,300,1000000,10,0.0,uniform
Optimal_QLRU,0.998832,0.999812382739212,0.7848246029917126,real,2,300,1000000,12,0.0,uniform
qlearning_balancer[qlearn],0.530026,0.9868768582119274,6.578032754812369,real,2,300,1000000,12,0.0,uniform
qlearning_balancer[lru],0.999526,0.5,45.0,real,2,300,1000000,12,0.0,uniform
qlearning_balancer[oracle],0.999262,0.5,45.0,real,2,300,1000000,12,0.0,uniform
qlearning_balancer[nocache],0.0,0.9121256731583605,17.24366871300218,real,2,300,1000000,12,0.0,uniform
Optimal_QLRU,0.997374,0.9996932440629099,1.003555342198641,real,2,300,1000000,14,0.0,uniform
qlearning_balancer[qlearn],0.511744,0.9948879234859058,4.10007711515843,real,2,300,1000000,14,0.0,uniform
qlearning_balancer[lru],0.999503,0.5,45.0,real,2,300,1000000,14,0.0,uniform
qlearning_balancer[oracle],0.999288,0.5,45.0,real,2,300,1000000,14,0.0,uniform
qlearning_balancer[nocache],0.0,0.9939213926996077,4.47162776703838,real,2,300,1000000,14,0.0,uniform
Optimal_QLRU,0.997845,0.9978082284788061,2.6833606424962797,real,2,300,1000000,11,0.0,uniform
qlearning_balancer[qlearn],0.62511,0.9977170367314486,2.738655968166316,real,2,300,1000000,11,0.0,uniform
qlearning_balancer[lru],0.999504,0.5000000001908953,44.9999999890625,real,2,300,1000000,11,0.0,uniform
qlearning_balancer[oracle],0.999211,0.5,45.0,real,2,300,1000000,11,0.0,uniform
qlearning_balancer[nocache],0.0,0.7705666738729559,28.619587944828307,real,2,300,1000000,11,0.0,uniform
Optimal_QLRU,0.998306,0.9994427486977734,1.352659608598541,real,2,300,1000000,15,0.0,uniform
qlearning_balancer[qlearn],0.480028,0.9973204265760662,2.9672190471145283,real,2,300,1000000,15,0.0,uniform
qlearning_balancer[lru],0.99953,0.5,45.0,real,2,300,1000000,15,0.0,uniform
qlearning_balancer[oracle],0.999292,0.5,45.0,real,2,300,1000000,15,0.0,uniform
qlearning_balancer[nocache],0.0,0.9990061375684007,1.8065822296517222,real,2,300,1000000,15,0.0,uniform
Optimal_QLRU,0.99556,0.9998521036880959,0.6968062062299006,real,2,300,1000000,13,0.0,uniform
qlearning_balancer[qlearn],0.575929,0.9431422097901375,13.795000406089457,real,2,300,1000000,13,0.0,uniform
qlearning_balancer[lru],0.999533,0.5,45.0,real,2,300,1000000,13,0.0,uniform
qlearning_balancer[oracle],0.999299,0.5,45.0,real,2,300,1000000,13,0.0,uniform
qlearning_balancer[nocache],0.0,0.8541144178674251,22.45450467484436,real,2,300,1000000,13,0.0,uniform
Optimal_QLRU,0.997865,0.9992877302380766,1.529313264762091,real,2,300,1000000,16,0.0,uniform
qlearning_balancer[qlearn],0.631871,0.9997129102094985,0.970850344454176,real,2,300,1000000,16,0.0,uniform
qlearning_balancer[lru],0.999524,0.5,45.0,real,2,300,1000000,16,0.0,uniform
qlearning_balancer[oracle],0.999325,0.5,45.0,real,2,300,1000000,16,0.0,uniform
qlearning_balancer[nocache],0.0,0.9229108094099858,16.119963660518717,real,2,300,1000000,16,0.0,uniform
Optimal_QLRU,0.998724,0.9952662721893492,3.94518622903751,real,2,300,1000000,20,0.0,uniform
qlearning_balancer[qlearn],0.556032,0.9991460404868109,1.6745692187110475,real,2,300,1000000,20,0.0,uniform
qlearning_balancer[lru],0.999513,0.5,45.0,real,2,300,1000000,20,0.0,uniform
qlearning_balancer[oracle],0.999295,0.5,45.0,real,2,300,1000000,20,0.0,uniform
qlearning_balancer[nocache],0.0,0.9740393895176988,9.272083239247726,real,2,300,1000000,20,0.0,uniform
Optimal_QLRU,0.998051,0.9947934807601555,4.137842473310835,real,2,300,1000000,19,0.0,uniform
qlearning_balancer[qlearn],0.552087,0.9815241441205655,7.812164785582724,real,2,300,1000000,19,0.0,uniform
qlearning_balancer[lru],0.999517,0.500000000003847,44.99999999977958,real,2,300,1000000,19,0.0,uniform
qlearning_balancer[oracle],0.999309,0.5,45.0,real,2,300,1000000,19,0.0,uniform
qlearning_balancer[nocache],0.0,0.90757933066679,17.69847350881868,real,2,300,1000000,19,0.0,uniform
Optimal_QLRU,0.998531,0.9976694427467011,2.767077712424327,real,2,300,1000000,17,0.0,uniform
qlearning_balancer[qlearn],0.501551,0.9843172453419963,7.194084701279855,real,2,300,1000000,17,0.0,uniform
qlearning_balancer[lru],0.999533,0.5,45.0,real,2,300,1000000,17,0.0,uniform
qlearning_balancer[oracle],0.999304,0.5,45.0,real,2,300,1000000,17,0.0,uniform
qlearning_balancer[nocache],0.0,0.9857454576879202,6.8570368729740325,real,2,300,1000000,17,0.0,uniform
Optimal_QLRU,0.997486,0.9985439405745747,2.1868431357156233,real,2,300,1000000,18,0.0,uniform
qlearning_balancer[qlearn],0.620058,0.8766664973836917,20.56003852513348,real,2,300,1000000,18,0.0,uniform
qlearning_balancer[lru],0.999509,0.5000000000148928,44.999999999146716,real,2,300,1000000,18,0.0,uniform
qlearning_balancer[oracle],0.999277,0.5000000000148928,44.999999999146716,real,2,300,1000000,18,0.0,uniform
qlearning_balancer[nocache],0.0,0.7563772489574015,29.576259864807557,real,2,300,1000000,18,0.0,uniform
Optimal_QLRU,0.998185,0.9933057454018271,4.693096510137602,real,2,300,1000000,21,0.0,uniform
qlearning_balancer[qlearn],0.51387,0.9993241166999335,1.489729522944152,real,2,300,1000000,21,0.0,uniform
qlearning_balancer[lru],0.999489,0.5,45.0,real,2,300,1000000,21,0.0,uniform
qlearning_balancer[oracle],0.999247,0.5,45.0,real,2,300,1000000,21,0.0,uniform
qlearning_balancer[nocache],0.0,0.9959144986066487,3.6647257212376543,real,2,300,1000000,21,0.0,uniform
Optimal_QLRU,0.998763,0.9892417297534927,5.953545222793959,real,2,300,1000000,22,0.0,uniform
qlearning_balancer[qlearn],0.48112,0.9782192151330511,8.486892183909859,real,2,300,1000000,22,0.0,uniform
qlearning_balancer[lru],0.999498,0.5,45.0,real,2,300,1000000,22,0.0,uniform
qlearning_balancer[oracle],0.999261,0.5,45.0,real,2,300,1000000,22,0.0,uniform
qlearning_balancer[nocache],0.0,0.9996392348995192,1.0883310207869477,real,2,300,1000000,22,0.0,uniform
Optimal_QLRU,0.998413,0.9932323236306705,4.718821011853269,real,2,300,1000000,23,0.0,uniform
qlearning_balancer[qlearn],0.504703,0.9978461103549157,2.6600535746553993,real,2,300,1000000,23,0.0,uniform
qlearning_balancer[lru],0.999546,0.5,45.0,real,2,300,1000000,23,0.0,uniform
qlearning_balancer[oracle],0.999302,0.5,45.0,real,2,300,1000000,23,0.0,uniform
qlearning_balancer[nocache],0.0,0.9999846237794627,0.22467178981046662,real,2,300,1000000,23,0.0,uniform
Optimal_QLRU,0.998367,0.9987831178102263,1.9991023055269714,real,2,300,1000000,24,0.0,uniform
qlearning_balancer[qlearn],0.567998,0.9636342988697006,10.993517484305727,real,2,300,1000000,24,0.0,uniform
qlearning_balancer[lru],0.999499,0.5,45.0,real,2,300,1000000,24,0.0,uniform
qlearning_balancer[oracle],0.999289,0.5,45.0,real,2,300,1000000,24,0.0,uniform
qlearning_balancer[nocache],0.0,0.9217012114557444,16.249414710622737,real,2,300,1000000,24,0.0,uniform
Optimal_QLRU,0.996568,0.9984321597135573,2.269274806419907,real,2,300,1000000,25,0.0,uniform
qlearning_balancer[qlearn],0.539968,0.9978260929936814,2.6723946382774466,real,2,300,1000000,25,0.0,uniform
qlearning_balancer[lru],0.999517,0.5,45.0,real,2,300,1000000,25,0.0,uniform
qlearning_balancer[oracle],0.999275,0.5,45.0,real,2,300,1000000,25,0.0,uniform
qlearning_balancer[nocache],0.0,0.9762496841765692,8.865262549092051,real,2,300,1000000,25,0.0,uniform
Optimal_QLRU,0.997977,0.9972102676963668,3.0276525358945303,real,2,300,1000000,27,0.0,uniform
qlearning_balancer[qlearn],0.594819,0.999757036814919,0.8931213193483892,real,2,300,1000000,27,0.0,uniform
qlearning_balancer[lru],0.999503,0.5,45.0,real,2,300,1000000,27,0.0,uniform
qlearning_balancer[oracle],0.99925,0.5,45.0,real,2,300,1000000,27,0.0,uniform
qlearning_balancer[nocache],0.0,0.9582495638103157,11.79023591646388,real,2,300,1000000,27,0.0,uniform
Optimal_QLRU,0.997467,0.9948075672547878,4.132231374988913,real,2,300,1000000,28,0.0,uniform
qlearning_balancer[qlearn],0.487972,0.9818436466708571,7.743904412925692,real,2,300,1000000,28,0.0,uniform
qlearning_balancer[lru],0.999516,0.5017578686680685,44.89928133689335,real,2,300,1000000,28,0.0,uniform
qlearning_balancer[oracle],0.999288,0.5,45.0,real,2,300,1000000,28,0.0,uniform
qlearning_balancer[nocache],0.0,0.946221888911982,13.409022175351966,real,2,300,1000000,28,0.0,uniform
Optimal_QLRU,0.998637,0.9998789016541496,0.6305223762983844,real,2,300,1000000,26,0.0,uniform
qlearning_balancer[qlearn],0.562707,0.9997008076702809,0.9911046615417541,real,2,300,1000000,26,0.0,uniform
qlearning_balancer[lru],0.999542,0.5,45.0,real,2,300,1000000,26,0.0,uniform
qlearning_balancer[oracle],0.99931,0.5,45.0,real,2,300,1000000,26,0.0,uniform
qlearning_balancer[nocache],0.0,0.9549909690353034,12.248572188273487,real,2,300,1000000,26,0.0,uniform
Optimal_QLRU,0.996812,0.9988956792319683,1.904365118277822,real,2,300,1000000,29,0.0,uniform
qlearning_balancer[qlearn],0.556739,0.9982743021562385,2.380838846061078,real,2,300,1000000,29,0.0,uniform
qlearning_balancer[lru],0.999519,0.5,45.0,real,2,300,1000000,29,0.0,uniform
qlearning_balancer[oracle],0.999292,0.5,45.0,real,2,300,1000000,29,0.0,uniform
qlearning_balancer[nocache],0.0,0.9753283625416072,9.036989765606835,real,2,300,1000000,29,0.0,uniform
Optimal_QLRU,1.0,1.0,0.0,real,2,1000,1000000,0,0.0,uniform
qlearning_balancer[qlearn],0.623959,0.999142150348468,1.6783801509280145,real,2,1000,1000000,0,0.0,uniform
qlearning_balancer[lru],0.999618,1.0,0.0,real,2,1000,1000000,0,0.0,uniform
qlearning_balancer[oracle],0.999293,0.5,45.0,real,2,1000,1000000,0,0.0,uniform
qlearning_balancer[nocache],0.0,0.9145447303322649,16.997341548696433,real,2,1000,1000000,0,0.0,uniform
Optimal_QLRU,1.0,1.0,0.0,real,2,1000,1000000,2,0.0,uniform
qlearning_balancer[qlearn],0.624342,0.9999502142415562,0.40427678180875903,real,2,1000,1000000,2,0.0,uniform
qlearning_balancer[lru],0.999607,1.0,0.0,real,2,1000,1000000,2,0.0,uniform
qlearning_balancer[oracle],0.999279,1.0,0.0,real,2,1000,1000000,2,0.0,uniform
qlearning_balancer[nocache],0.0,0.8755381577935937,20.658151064055552,real,2,1000,1000000,2,0.0,uniform
Optimal_QLRU,1.0,1.0,0.0,real,2,1000,1000000,1,0.0,uniform
qlearning_balancer[qlearn],0.604262,0.9994717951677488,1.3169280788351492,real,2,1000,1000000,1,0.0,uniform
qlearning_balancer[lru],0.999624,0.5,45.0,real,2,1000,1000000,1,0.0,uniform
qlearning_balancer[oracle],0.999297,0.5,45.0,real,2,1000,1000000,1,0.0,uniform
qlearning_balancer[nocache],0.0,0.8780925912630946,20.435481783702357,real,2,1000,1000000,1,0.0,uniform
Optimal_QLRU,1.0,1.0,0.0,real,2,1000,1000000,3,0.0,uniform
qlearning_balancer[qlearn],0.537272,0.9091041942446944,17.547076680239517,real,2,1000,1000000,3,0.0,uniform
qlearning_balancer[lru],0.999619,1.0,0.0,real,2,1000,1000000,3,0.0,uniform
qlearning_balancer[oracle],0.999301,1.0,0.0,real,2,1000,1000000,3,0.0,uniform
qlearning_balancer[nocache],0.0,0.9680097830536278,10.303253942871171,real,2,1000,1000000,3,0.0,uniform
Optimal_QLRU,1.0,1.0,0.0,real,2,1000,1000000,4,0.0,uniform
qlearning_balancer[qlearn],0.61168,0.9994926946639222,1.2906071728019601,real,2,1000,1000000,4,0.0,uniform
qlearning_balancer[lru],0.999611,0.5000000083026306,44.99999952429431,real,2,1000,1000000,4,0.0,uniform
qlearning_balancer[oracle],0.999291,0.5000000083026306,44.99999952429431,real,2,1000,1000000,4,0.0,uniform
qlearning_balancer[nocache],0.0,0.7737194081811071,28.404259058798978,real,2,1000,1000000,4,0.0,uniform
Optimal_QLRU,1.0,1.0,0.0,real,2,1000,1000000,7,0.0,uniform
qlearning_balancer[qlearn],0.489551,0.9878482994469221,6.328848166684386,real,2,1000,1000000,7,0.0,uniform
qlearning_balancer[lru],0.999621,1.0,0.0,real,2,1000,1000000,7,0.0,uniform
qlearning_balancer[oracle],0.999318,0.5,45.0,real,2,1000,1000000,7,0.0,uniform
qlearning_balancer[nocache],0.0,0.9898361962044555,5.786143584615331,real,2,1000,1000000,7,0.0,uniform
Optimal_QLRU,1.0,1.0,0.0,real,2,1000,1000000,5,0.0,uniform
qlearning_balancer[qlearn],0.481107,0.9786716598673119,8.39763849853888,real,2,1000,1000000,5,0.0,uniform
qlearning_balancer[lru],0.999625,1.0,0.0,real,2,1000,1000000,5,0.0,uniform
qlearning_balancer[oracle],0.999291,1.0,0.0,real,2,1000,1000000,5,0.0,uniform
qlearning_balancer[nocache],0.0,0.9966923230819731,3.2970374657843347,real,2,1000,1000000,5,0.0,uniform
Optimal_QLRU,1.0,1.0,0.0,real,2,1000,1000000,6,0.0,uniform
qlearning_balancer[qlearn],0.538325,0.9997955286068227,0.8193202931084712,real,2,1000,1000000,6,0.0,uniform
qlearning_balancer[lru],0.999622,0.5,45.0,real,2,1000,1000000,6,0.0,uniform
qlearning_balancer[oracle],0.999348,0.5,45.0,real,2,1000,1000000,6,0.0,uniform
qlearning_balancer[nocache],0.0,0.9456215567117363,13.485063008418038,real,2,1000,1000000,6,0.0,uniform
Optimal_QLRU,1.0,1.0,0.0,real,2,1000,1000000,10,0.0,uniform
qlearning_balancer[qlearn],0.624167,0.9971591149473163,3.055310185904942,real,2,1000,1000000,10,0.0,uniform
qlearning_balancer[lru],0.999616,1.0,0.0,real,2,1000,1000000,10,0.0,uniform
qlearning_balancer[oracle],0.999344,0.5,45.0,real,2,1000,1000000,10,0.0,uniform
qlearning_balancer[nocache],0.0,0.8090617557644331,25.910383769626275,real,2,1000,1000000,10,0.0,uniform
Optimal_QLRU,1.0,1.0,0.0,real,2,1000,1000000,8,0.0,uniform
qlearning_balancer[qlearn],0.53467,0.9994244459644828,1.3746981647031415,real,2,1000,1000000,8,0.0,uniform
qlearning_balancer[lru],0.999616,1.0,0.0,real,2,1000,1000000,8,0.0,uniform
qlearning_balancer[oracle],0.999315,0.5,45.0,real,2,1000,1000000,8,0.0,uniform
qlearning_balancer[nocache],0.0,0.9705631935501107,9.879206513648214,real,2,1000,1000000,8,0.0,uniform
Optimal_QLRU,1.0,1.0,0.0,real,2,1000,1000000,9,0.0,uniform
qlearning_balancer[qlearn],0.501955,0.9949609615565845,4.07063236965495,real,2,1000,1000000,9,0.0,uniform
qlearning_balancer[lru],0.99962,0.5,45.0,real,2,1000,1000000,9,0.0,uniform
qlearning_balancer[oracle],0.999324,0.5,45.0,real,2,1000,1000000,9,0.0,uniform
qlearning_balancer[nocache],0.0,0.9991393468343311,1.6811212331912164,real,2,1000,1000000,9,0.0,uniform
Optimal_QLRU,1.0,1.0,0.0,real,2,1000,1000000,11,0.0,uniform
qlearning_balancer[qlearn],0.62511,0.9977170367314486,2.738655968166316,real,2,1000,1000000,11,0.0,uniform
qlearning_balancer[lru],0.999617,0.5,45.0,real,2,1000,1000000,11,0.0,uniform
qlearning_balancer[oracle],0.999248,0.5,45.0,real,2,1000,1000000,11,0.0,uniform
qlearning_balancer[nocache],0.0,0.7705666738729559,28.619587944828307,real,2,1000,1000000,11,0.0,uniform
Optimal_QLRU,1.0,1.0,0.0,real,2,1000,1000000,13,0.0,uniform
qlearning_balancer[qlearn],0.575929,0.9431422097901375,13.795000406089457,real,2,1000,1000000,13,0.0,uniform
qlearning_balancer[lru],0.999628,1.0,0.0,real,2,1000,1000000,13,0.0,uniform
qlearning_balancer[oracle],0.999334,0.5,45.0,real,2,1000,1000000,13,0.0,uniform
qlearning_balancer[nocache],0.0,0.8541144178674251,22.45450467484436,real,2,1000,1000000,13,0.0,uniform
Optimal_QLRU,1.0,1.0,0.0,real,2,1000,1000000,14,0.0,uniform
qlearning_balancer[qlearn],0.511744,0.9948879234859058,4.10007711515843,real,2,1000,1000000,14,0.0,uniform
qlearning_balancer[lru],0.99962,0.5,45.0,real,2,1000,1000000,14,0.0,uniform
qlearning_balancer[oracle],0.999326,0.5,45.0,real,2,1000,1000000,14,0.0,uniform
qlearning_balancer[nocache],0.0,0.9939213926996077,4.47162776703838,real,2,1000,1000000,14,0.0,uniform
Optimal_QLRU,1.0,1.0,0.0,real,2,1000,1000000,12,0.0,uniform
qlearning_balancer[qlearn],0.530026,0.9868768582119274,6.578032754812369,real,2,1000,1000000,12,0.0,uniform
qlearning_balancer[lru],0.999622,0.5,45.0,real,2,1000,1000000,12,0.0,uniform
qlearning_balancer[oracle],0.999305,0.5,45.0,real,2,1000,1000000,12,0.0,uniform
qlearning_balancer[nocache],0.0,0.9121256731583605,17.24366871300218,real,2,1000,1000000,12,0.0,uniform
Optimal_QLRU,1.0,1.0,0.0,real,2,1000,1000000,15,0.0,uniform
qlearning_balancer[qlearn],0.480028,0.9973204265760662,2.9672190471145283,real,2,1000,1000000,15,0.0,uniform
qlearning_balancer[lru],0.99962,1.0,0.0,real,2,1000,1000000,15,0.0,uniform
qlearning_balancer[oracle],0.999337,0.5,45.0,real,2,1000,1000000,15,0.0,uniform
qlearning_balancer[nocache],0.0,0.9990061375684007,1.8065822296517222,real,2,1000,1000000,15,0.0,uniform
Optimal_QLRU,1.0,1.0,0.0,real,2,1000,1000000,16,0.0,uniform
qlearning_balancer[qlearn],0.631871,0.9997129102094985,0.970850344454176,real,2,1000,1000000,16,0.0,uniform
qlearning_balancer[lru],0.999622,1.0,0.0,real,2,1000,1000000,16,0.0,uniform
qlearning_balancer[oracle],0.999354,0.5,45.0,real,2,1000,1000000,16,0.0,uniform
qlearning_balancer[nocache],0.0,0.9229108094099858,16.119963660518717,real,2,1000,1000000,16,0.0,uniform
Optimal_QLRU,1.0,1.0,0.0,real,2,1000,1000000,17,0.0,uniform
qlearning_balancer[qlearn],0.501551,0.9843172453419963,7.194084701279855,real,2,1000,1000000,17,0.0,uniform
qlearning_balancer[lru],0.999626,0.5,45.0,real,2,1000,1000000,17,0.0,uniform
qlearning_balancer[oracle],0.999337,0.5,45.0,real,2,1000,1000000,17,0.0,uniform
qlearning_balancer[nocache],0.0,0.9857454576879202,6.8570368729740325,real,2,1000,1000000,17,0.0,uniform
Optimal_QLRU,1.0,1.0,0.0,real,2,1000,1000000,19,0.0,uniform
qlearning_balancer[qlearn],0.552087,0.9815241441205655,7.812164785582724,real,2,1000,1000000,19,0.0,uniform
qlearning_balancer[lru],0.999614,0.500000000003847,44.99999999977958,real,2,1000,1000000,19,0.0,uniform
qlearning_balancer[oracle],0.999332,0.500000000003847,44.99999999977958,real,2,1000,1000000,19,0.0,uniform
qlearning_balancer[nocache],0.0,0.90757933066679,17.69847350881868,real,2,1000,1000000,19,0.0,uniform
Optimal_QLRU,1.0,1.0,0.0,real,2,1000,1000000,18,0.0,uniform
qlearning_balancer[qlearn],0.620058,0.8766664973836917,20.56003852513348,real,2,1000,1000000,18,0.0,uniform
qlearning_balancer[lru],0.999621,1.0,0.0,real,2,1000,1000000,18,0.0,uniform
qlearning_balancer[oracle],0.999309,0.5,45.0,real,2,1000,1000000,18,0.0,uniform
qlearning_balancer[nocache],0.0,0.7563772489574015,29.576259864807557,real,2,1000,1000000,18,0.0,uniform
Optimal_QLRU,1.0,1.0,0.0,real,2,1000,1000000,20,0.0,uniform
qlearning_balancer[qlearn],0.556032,0.9991460404868109,1.6745692187110475,real,2,1000,1000000,20,0.0,uniform
qlearning_balancer[lru],0.999623,0.5,45.0,real,2,1000,1000000,20,0.0,uniform
qlearning_balancer[oracle],0.999323,0.5,45.0,real,2,1000,1000000,20,0.0,uniform
qlearning_balancer[nocache],0.0,0.9740393895176988,9.272083239247726,real,2,1000,1000000,20,0.0,uniform
Optimal_QLRU,1.0,1.0,0.0,real,2,1000,1000000,21,0.0,uniform
qlearning_balancer[qlearn],0.51387,0.9993241166999335,1.489729522944152,real,2,1000,1000000,21,0.0,uniform
qlearning_balancer[lru],0.999627,1.0,0.0,real,2,1000,1000000,21,0.0,uniform
qlearning_balancer[oracle],0.999286,0.5,45.0,real,2,1000,1000000,21,0.0,uniform
qlearning_balancer[nocache],0.0,0.9959144986066487,3.6647257212376543,real,2,1000,1000000,21,0.0,uniform
Optimal_QLRU,1.0,1.0,0.0,real,2,1000,1000000,22,0.0,uniform
qlearning_balancer[qlearn],0.48112,0.9782192151330511,8.486892183909859,real,2,1000,1000000,22,0.0,uniform
qlearning_balancer[lru],0.999615,0.5,45.0,real,2,1000,1000000,22,0.0,uniform
qlearning_balancer[oracle],0.999303,0.5,45.0,real,2,1000,1000000,22,0.0,uniform
qlearning_balancer[nocache],0.0,0.9996392348995192,1.0883310207869477,real,2,1000,1000000,22,0.0,uniform
Optimal_QLRU,1.0,1.0,0.0,real,2,1000,1000000,23,0.0,uniform
qlearning_balancer[qlearn],0.504703,0.9978461103549157,2.6600535746553993,real,2,1000,1000000,23,0.0,uniform
qlearning_balancer[lru],0.999632,1.0,0.0,real,2,1000,1000000,23,0.0,uniform
qlearning_balancer[oracle],0.999329,1.0,0.0,real,2,1000,1000000,23,0.0,uniform
qlearning_balancer[nocache],0.0,0.9999846237794627,0.22467178981046662,real,2,1000,1000000,23,0.0,uniform
Optimal_QLRU,1.0,1.0,0.0,real,2,1000,1000000,24,0.0,uniform
qlearning_balancer[qlearn],0.567998,0.9636342988697006,10.993517484305727,real,2,1000,1000000,24,0.0,uniform
qlearning_balancer[lru],0.999619,0.5,45.0,real,2,1000,1000000,24,0.0,uniform
qlearning_balancer[oracle],0.999323,0.5,45.0,real,2,1000,1000000,24,0.0,uniform
qlearning_balancer[nocache],0.0,0.9217012114557444,16.249414710622737,real,2,1000,1000000,24,0.0,uniform
Optimal_QLRU,1.0,1.0,0.0,real,2,1000,1000000,26,0.0,uniform
qlearning_balancer[qlearn],0.562707,0.9997008076702809,0.9911046615417541,real,2,1000,1000000,26,0.0,uniform
qlearning_balancer[lru],0.999623,0.5,45.0,real,2,1000,1000000,26,0.0,uniform
qlearning_balancer[oracle],0.999335,0.5,45.0,real,2,1000,1000000,26,0.0,uniform
qlearning_balancer[nocache],0.0,0.9549909690353034,12.248572188273487,real,2,1000,1000000,26,0.0,uniform
Optimal_QLRU,1.0,1.0,0.0,real,2,1000,1000000,25,0.0,uniform
qlearning_balancer[qlearn],0.539968,0.9978260929936814,2.6723946382774466,real,2,1000,1000000,25,0.0,uniform
qlearning_balancer[lru],0.999619,0.5,45.0,real,2,1000,1000000,25,0.0,uniform
qlearning_balancer[oracle],0.999307,0.5,45.0,real,2,1000,1000000,25,0.0,uniform
qlearning_balancer[nocache],0.0,0.9762496841765692,8.865262549092051,real,2,1000,1000000,25,0.0,uniform
Optimal_QLRU,1.0,1.0,0.0,real,2,1000,1000000,27,0.0,uniform
qlearning_balancer[qlearn],0.594819,0.999757036814919,0.8931213193483892,real,2,1000,1000000,27,0.0,uniform
qlearning_balancer[lru],0.999619,0.5,45.0,real,2,1000,1000000,27,0.0,uniform
qlearning_balancer[oracle],0.999293,0.5,45.0,real,2,1000,1000000,27,0.0,uniform
qlearning_balancer[nocache],0.0,0.9582495638103157,11.79023591646388,real,2,1000,1000000,27,0.0,uniform
Optimal_QLRU,1.0,1.0,0.0,real,2,3000,1000000,2,0.0,uniform
qlearning_balancer[qlearn],0.624342,0.9999502142415562,0.40427678180875903,real,2,3000,1000000,2,0.0,uniform
qlearning_balancer[lru],0.999607,1.0,0.0,real,2,3000,1000000,2,0.0,uniform
qlearning_balancer[oracle],0.999279,1.0,0.0,real,2,3000,1000000,2,0.0,uniform
qlearning_balancer[nocache],0.0,0.8755381577935937,20.658151064055552,real,2,3000,1000000,2,0.0,uniform
Optimal_QLRU,1.0,1.0,0.0,real,2,3000,1000000,0,0.0,uniform
qlearning_balancer[qlearn],0.623959,0.999142150348468,1.6783801509280145,real,2,3000,1000000,0,0.0,uniform
qlearning_balancer[lru],0.999618,1.0,0.0,real,2,3000,1000000,0,0.0,uniform
qlearning_balancer[oracle],0.999293,0.5,45.0,real,2,3000,1000000,0,0.0,uniform
qlearning_balancer[nocache],0.0,0.9145447303322649,16.997341548696433,real,2,3000,1000000,0,0.0,uniform
Optimal_QLRU,1.0,1.0,0.0,real,2,1000,1000000,28,0.0,uniform
qlearning_balancer[qlearn],0.487972,0.9818436466708571,7.743904412925692,real,2,1000,1000000,28,0.0,uniform
qlearning_balancer[lru],0.999622,0.5,45.0,real,2,1000,1000000,28,0.0,uniform
qlearning_balancer[oracle],0.999327,0.5,45.0,real,2,1000,1000000,28,0.0,uniform
qlearning_balancer[nocache],0.0,0.946221888911982,13.409022175351966,real,2,1000,1000000,28,0.0,uniform
Optimal_QLRU,1.0,1.0,0.0,real,2,1000,1000000,29,0.0,uniform
qlearning_balancer[qlearn],0.556739,0.9982743021562385,2.380838846061078,real,2,1000,1000000,29,0.0,uniform
qlearning_balancer[lru],0.999621,0.5,45.0,real,2,1000,1000000,29,0.0,uniform
qlearning_balancer[oracle],0.999316,0.5,45.0,real,2,1000,1000000,29,0.0,uniform
qlearning_balancer[nocache],0.0,0.9753283625416072,9.036989765606835,real,2,1000,1000000,29,0.0,uniform
Optimal_QLRU,1.0,1.0,0.0,real,2,3000,1000000,1,0.0,uniform
qlearning_balancer[qlearn],0.604262,0.9994717951677488,1.3169280788351492,real,2,3000,1000000,1,0.0,uniform
qlearning_balancer[lru],0.999624,0.5,45.0,real,2,3000,1000000,1,0.0,uniform
qlearning_balancer[oracle],0.999297,0.5,45.0,real,2,3000,1000000,1,0.0,uniform
qlearning_balancer[nocache],0.0,0.8780925912630946,20.435481783702357,real,2,3000,1000000,1,0.0,uniform
Optimal_QLRU,1.0,1.0,0.0,real,2,3000,1000000,3,0.0,uniform
qlearning_balancer[qlearn],0.537272,0.9091041942446944,17.547076680239517,real,2,3000,1000000,3,0.0,uniform
qlearning_balancer[lru],0.999619,1.0,0.0,real,2,3000,1000000,3,0.0,uniform
qlearning_balancer[oracle],0.999301,1.0,0.0,real,2,3000,1000000,3,0.0,uniform
qlearning_balancer[nocache],0.0,0.9680097830536278,10.303253942871171,real,2,3000,1000000,3,0.0,uniform
Optimal_QLRU,1.0,1.0,0.0,real,2,3000,1000000,5,0.0,uniform
qlearning_balancer[qlearn],0.481107,0.9786716598673119,8.39763849853888,real,2,3000,1000000,5,0.0,uniform
qlearning_balancer[lru],0.999625,1.0,0.0,real,2,3000,1000000,5,0.0,uniform
qlearning_balancer[oracle],0.999291,1.0,0.0,real,2,3000,1000000,5,0.0,uniform
qlearning_balancer[nocache],0.0,0.9966923230819731,3.2970374657843347,real,2,3000,1000000,5,0.0,uniform
Optimal_QLRU,1.0,1.0,0.0,real,2,3000,1000000,6,0.0,uniform
qlearning_balancer[qlearn],0.538325,0.9997955286068227,0.8193202931084712,real,2,3000,1000000,6,0.0,uniform
qlearning_balancer[lru],0.999622,0.5,45.0,real,2,3000,1000000,6,0.0,uniform
qlearning_balancer[oracle],0.999348,0.5,45.0,real,2,3000,1000000,6,0.0,uniform
qlearning_balancer[nocache],0.0,0.9456215567117363,13.485063008418038,real,2,3000,1000000,6,0.0,uniform
Optimal_QLRU,1.0,1.0,0.0,real,2,3000,1000000,4,0.0,uniform
qlearning_balancer[qlearn],0.61168,0.9994926946639222,1.2906071728019601,real,2,3000,1000000,4,0.0,uniform
qlearning_balancer[lru],0.999611,0.5000000083026306,44.99999952429431,real,2,3000,1000000,4,0.0,uniform
qlearning_balancer[oracle],0.999291,0.5000000083026306,44.99999952429431,real,2,3000,1000000,4,0.0,uniform
qlearning_balancer[nocache],0.0,0.7737194081811071,28.404259058798978,real,2,3000,1000000,4,0.0,uniform
Optimal_QLRU,1.0,1.0,0.0,real,2,3000,1000000,7,0.0,uniform
qlearning_balancer[qlearn],0.489551,0.9878482994469221,6.328848166684386,real,2,3000,1000000,7,0.0,uniform
qlearning_balancer[lru],0.999621,1.0,0.0,real,2,3000,1000000,7,0.0,uniform
qlearning_balancer[oracle],0.999318,0.5,45.0,real,2,3000,1000000,7,0.0,uniform
qlearning_balancer[nocache],0.0,0.9898361962044555,5.786143584615331,real,2,3000,1000000,7,0.0,uniform
Optimal_QLRU,1.0,1.0,0.0,real,2,3000,1000000,10,0.0,uniform
qlearning_balancer[qlearn],0.624167,0.9971591149473163,3.055310185904942,real,2,3000,1000000,10,0.0,uniform
qlearning_balancer[lru],0.999616,1.0,0.0,real,2,3000,1000000,10,0.0,uniform
qlearning_balancer[oracle],0.999344,0.5,45.0,real,2,3000,1000000,10,0.0,uniform
qlearning_balancer[nocache],0.0,0.8090617557644331,25.910383769626275,real,2,3000,1000000,10,0.0,uniform
Optimal_QLRU,1.0,1.0,0.0,real,2,3000,1000000,12,0.0,uniform
qlearning_balancer[qlearn],0.530026,0.9868768582119274,6.578032754812369,real,2,3000,1000000,12,0.0,uniform
qlearning_balancer[lru],0.999622,0.5,45.0,real,2,3000,1000000,12,0.0,uniform
qlearning_balancer[oracle],0.999305,0.5,45.0,real,2,3000,1000000,12,0.0,uniform
qlearning_balancer[nocache],0.0,0.9121256731583605,17.24366871300218,real,2,3000,1000000,12,0.0,uniform
Optimal_QLRU,1.0,1.0,0.0,real,2,3000,1000000,8,0.0,uniform
qlearning_balancer[qlearn],0.53467,0.9994244459644828,1.3746981647031415,real,2,3000,1000000,8,0.0,uniform
qlearning_balancer[lru],0.999616,1.0,0.0,real,2,3000,1000000,8,0.0,uniform
qlearning_balancer[oracle],0.999315,0.5,45.0,real,2,3000,1000000,8,0.0,uniform
qlearning_balancer[nocache],0.0,0.9705631935501107,9.879206513648214,real,2,3000,1000000,8,0.0,uniform
Optimal_QLRU,1.0,1.0,0.0,real,2,3000,1000000,11,0.0,uniform
qlearning_balancer[qlearn],0.62511,0.9977170367314486,2.738655968166316,real,2,3000,1000000,11,0.0,uniform
qlearning_balancer[lru],0.999617,0.5,45.0,real,2,3000,1000000,11,0.0,uniform
qlearning_balancer[oracle],0.999248,0.5,45.0,real,2,3000,1000000,11,0.0,uniform
qlearning_balancer[nocache],0.0,0.7705666738729559,28.619587944828307,real,2,3000,1000000,11,0.0,uniform
Optimal_QLRU,1.0,1.0,0.0,real,2,3000,1000000,9,0.0,uniform
qlearning_balancer[qlearn],0.501955,0.9949609615565845,4.07063236965495,real,2,3000,1000000,9,0.0,uniform
qlearning_balancer[lru],0.99962,0.5,45.0,real,2,3000,1000000,9,0.0,uniform
qlearning_balancer[oracle],0.999324,0.5,45.0,real,2,3000,1000000,9,0.0,uniform
qlearning_balancer[nocache],0.0,0.9991393468343311,1.6811212331912164,real,2,3000,1000000,9,0.0,uniform
Optimal_QLRU,1.0,1.0,0.0,real,2,3000,1000000,13,0.0,uniform
qlearning_balancer[qlearn],0.575929,0.9431422097901375,13.795000406089457,real,2,3000,1000000,13,0.0,uniform
qlearning_balancer[lru],0.999628,1.0,0.0,real,2,3000,1000000,13,0.0,uniform
qlearning_balancer[oracle],0.999334,0.5,45.0,real,2,3000,1000000,13,0.0,uniform
qlearning_balancer[nocache],0.0,0.8541144178674251,22.45450467484436,real,2,3000,1000000,13,0.0,uniform
Optimal_QLRU,1.0,1.0,0.0,real,2,3000,1000000,15,0.0,uniform
qlearning_balancer[qlearn],0.480028,0.9973204265760662,2.9672190471145283,real,2,3000,1000000,15,0.0,uniform
qlearning_balancer[lru],0.99962,1.0,0.0,real,2,3000,1000000,15,0.0,uniform
qlearning_balancer[oracle],0.999337,0.5,45.0,real,2,3000,1000000,15,0.0,uniform
qlearning_balancer[nocache],0.0,0.9990061375684007,1.8065822296517222,real,2,3000,1000000,15,0.0,uniform
Optimal_QLRU,1.0,1.0,0.0,real,2,3000,1000000,14,0.0,uniform
qlearning_balancer[qlearn],0.511744,0.9948879234859058,4.10007711515843,real,2,3000,1000000,14,0.0,uniform
qlearning_balancer[lru],0.99962,0.5,45.0,real,2,3000,1000000,14,0.0,uniform
qlearning_balancer[oracle],0.999326,0.5,45.0,real,2,3000,1000000,14,0.0,uniform
qlearning_balancer[nocache],0.0,0.9939213926996077,4.47162776703838,real,2,3000,1000000,14,0.0,uniform
Optimal_QLRU,1.0,1.0,0.0,real,2,3000,1000000,18,0.0,uniform
qlearning_balancer[qlearn],0.620058,0.8766664973836917,20.56003852513348,real,2,3000,1000000,18,0.0,uniform
qlearning_balancer[lru],0.999621,1.0,0.0,real,2,3000,1000000,18,0.0,uniform
qlearning_balancer[oracle],0.999309,0.5,45.0,real,2,3000,1000000,18,0.0,uniform
qlearning_balancer[nocache],0.0,0.7563772489574015,29.576259864807557,real,2,3000,1000000,18,0.0,uniform
Optimal_QLRU,1.0,1.0,0.0,real,2,3000,1000000,17,0.0,uniform
qlearning_balancer[qlearn],0.501551,0.9843172453419963,7.194084701279855,real,2,3000,1000000,17,0.0,uniform
qlearning_balancer[lru],0.999626,0.5,45.0,real,2,3000,1000000,17,0.0,uniform
qlearning_balancer[oracle],0.999337,0.5,45.0,real,2,3000,1000000,17,0.0,uniform
qlearning_balancer[nocache],0.0,0.9857454576879202,6.8570368729740325,real,2,3000,1000000,17,0.0,uniform
Optimal_QLRU,1.0,1.0,0.0,real,2,3000,1000000,16,0.0,uniform
qlearning_balancer[qlearn],0.631871,0.9997129102094985,0.970850344454176,real,2,3000,1000000,16,0.0,uniform
qlearning_balancer[lru],0.999622,1.0,0.0,real,2,3000,1000000,16,0.0,uniform
qlearning_balancer[oracle],0.999354,0.5,45.0,real,2,3000,1000000,16,0.0,uniform
qlearning_balancer[nocache],0.0,0.9229108094099858,16.119963660518717,real,2,3000,1000000,16,0.0,uniform
Optimal_QLRU,1.0,1.0,0.0,real,2,3000,1000000,19,0.0,uniform
qlearning_balancer[qlearn],0.552087,0.9815241441205655,7.812164785582724,real,2,3000,1000000,19,0.0,uniform
qlearning_balancer[lru],0.999614,0.500000000003847,44.99999999977958,real,2,3000,1000000,19,0.0,uniform
qlearning_balancer[oracle],0.999332,0.500000000003847,44.99999999977958,real,2,3000,1000000,19,0.0,uniform
qlearning_balancer[nocache],0.0,0.90757933066679,17.69847350881868,real,2,3000,1000000,19,0.0,uniform
Optimal_QLRU,1.0,1.0,0.0,real,2,3000,1000000,20,0.0,uniform
qlearning_balancer[qlearn],0.556032,0.9991460404868109,1.6745692187110475,real,2,3000,1000000,20,0.0,uniform
qlearning_balancer[lru],0.999623,0.5,45.0,real,2,3000,1000000,20,0.0,uniform
qlearning_balancer[oracle],0.999323,0.5,45.0,real,2,3000,1000000,20,0.0,uniform
qlearning_balancer[nocache],0.0,0.9740393895176988,9.272083239247726,real,2,3000,1000000,20,0.0,uniform
Optimal_QLRU,1.0,1.0,0.0,real,2,3000,1000000,21,0.0,uniform
qlearning_balancer[qlearn],0.51387,0.9993241166999335,1.489729522944152,real,2,3000,1000000,21,0.0,uniform
qlearning_balancer[lru],0.999627,1.0,0.0,real,2,3000,1000000,21,0.0,uniform
qlearning_balancer[oracle],0.999286,0.5,45.0,real,2,3000,1000000,21,0.0,uniform
qlearning_balancer[nocache],0.0,0.9959144986066487,3.6647257212376543,real,2,3000,1000000,21,0.0,uniform
Optimal_QLRU,1.0,1.0,0.0,real,2,3000,1000000,22,0.0,uniform
qlearning_balancer[qlearn],0.48112,0.9782192151330511,8.486892183909859,real,2,3000,1000000,22,0.0,uniform
qlearning_balancer[lru],0.999615,0.5,45.0,real,2,3000,1000000,22,0.0,uniform
qlearning_balancer[oracle],0.999303,0.5,45.0,real,2,3000,1000000,22,0.0,uniform
qlearning_balancer[nocache],0.0,0.9996392348995192,1.0883310207869477,real,2,3000,1000000,22,0.0,uniform
Optimal_QLRU,1.0,1.0,0.0,real,2,3000,1000000,23,0.0,uniform
qlearning_balancer[qlearn],0.504703,0.9978461103549157,2.6600535746553993,real,2,3000,1000000,23,0.0,uniform
qlearning_balancer[lru],0.999632,1.0,0.0,real,2,3000,1000000,23,0.0,uniform
qlearning_balancer[oracle],0.999329,1.0,0.0,real,2,3000,1000000,23,0.0,uniform
qlearning_balancer[nocache],0.0,0.9999846237794627,0.22467178981046662,real,2,3000,1000000,23,0.0,uniform
Optimal_QLRU,1.0,1.0,0.0,real,2,3000,1000000,28,0.0,uniform
qlearning_balancer[qlearn],0.487972,0.9818436466708571,7.743904412925692,real,2,3000,1000000,28,0.0,uniform
qlearning_balancer[lru],0.999622,0.5,45.0,real,2,3000,1000000,28,0.0,uniform
qlearning_balancer[oracle],0.999327,0.5,45.0,real,2,3000,1000000,28,0.0,uniform
qlearning_balancer[nocache],0.0,0.946221888911982,13.409022175351966,real,2,3000,1000000,28,0.0,uniform
Optimal_QLRU,1.0,1.0,0.0,real,2,3000,1000000,25,0.0,uniform
qlearning_balancer[qlearn],0.539968,0.9978260929936814,2.6723946382774466,real,2,3000,1000000,25,0.0,uniform
qlearning_balancer[lru],0.999619,0.5,45.0,real,2,3000,1000000,25,0.0,uniform
qlearning_balancer[oracle],0.999307,0.5,45.0,real,2,3000,1000000,25,0.0,uniform
qlearning_balancer[nocache],0.0,0.9762496841765692,8.865262549092051,real,2,3000,1000000,25,0.0,uniform
Optimal_QLRU,1.0,1.0,0.0,real,2,3000,1000000,27,0.0,uniform
qlearning_balancer[qlearn],0.594819,0.999757036814919,0.8931213193483892,real,2,3000,1000000,27,0.0,uniform
qlearning_balancer[lru],0.999619,0.5,45.0,real,2,3000,1000000,27,0.0,uniform
qlearning_balancer[oracle],0.999293,0.5,45.0,real,2,3000,1000000,27,0.0,uniform
qlearning_balancer[nocache],0.0,0.9582495638103157,11.79023591646388,real,2,3000,1000000,27,0.0,uniform
Optimal_QLRU,1.0,1.0,0.0,real,2,3000,1000000,26,0.0,uniform
qlearning_balancer[qlearn],0.562707,0.9997008076702809,0.9911046615417541,real,2,3000,1000000,26,0.0,uniform
qlearning_balancer[lru],0.999623,0.5,45.0,real,2,3000,1000000,26,0.0,uniform
qlearning_balancer[oracle],0.999335,0.5,45.0,real,2,3000,1000000,26,0.0,uniform
qlearning_balancer[nocache],0.0,0.9549909690353034,12.248572188273487,real,2,3000,1000000,26,0.0,uniform
Optimal_QLRU,1.0,1.0,0.0,real,2,3000,1000000,24,0.0,uniform
qlearning_balancer[qlearn],0.567998,0.9636342988697006,10.993517484305727,real,2,3000,1000000,24,0.0,uniform
qlearning_balancer[lru],0.999619,0.5,45.0,real,2,3000,1000000,24,0.0,uniform
qlearning_balancer[oracle],0.999323,0.5,45.0,real,2,3000,1000000,24,0.0,uniform
qlearning_balancer[nocache],0.0,0.9217012114557444,16.249414710622737,real,2,3000,1000000,24,0.0,uniform
Optimal_QLRU,1.0,1.0,0.0,real,2,10000,1000000,1,0.0,uniform
qlearning_balancer[qlearn],0.604262,0.9994717951677488,1.3169280788351492,real,2,10000,1000000,1,0.0,uniform
qlearning_balancer[lru],0.999624,0.5,45.0,real,2,10000,1000000,1,0.0,uniform
qlearning_balancer[oracle],0.999297,0.5,45.0,real,2,10000,1000000,1,0.0,uniform
qlearning_balancer[nocache],0.0,0.8780925912630946,20.435481783702357,real,2,10000,1000000,1,0.0,uniform
Optimal_QLRU,1.0,1.0,0.0,real,2,3000,1000000,29,0.0,uniform
qlearning_balancer[qlearn],0.556739,0.9982743021562385,2.380838846061078,real,2,3000,1000000,29,0.0,uniform
qlearning_balancer[lru],0.999621,0.5,45.0,real,2,3000,1000000,29,0.0,uniform
qlearning_balancer[oracle],0.999316,0.5,45.0,real,2,3000,1000000,29,0.0,uniform
qlearning_balancer[nocache],0.0,0.9753283625416072,9.036989765606835,real,2,3000,1000000,29,0.0,uniform
Optimal_QLRU,1.0,1.0,0.0,real,2,10000,1000000,0,0.0,uniform
qlearning_balancer[qlearn],0.623959,0.999142150348468,1.6783801509280145,real,2,10000,1000000,0,0.0,uniform
qlearning_balancer[lru],0.999618,1.0,0.0,real,2,10000,1000000,0,0.0,uniform
qlearning_balancer[oracle],0.999293,0.5,45.0,real,2,10000,1000000,0,0.0,uniform
qlearning_balancer[nocache],0.0,0.9145447303322649,16.997341548696433,real,2,10000,1000000,0,0.0,uniform
Optimal_QLRU,1.0,1.0,0.0,real,2,10000,1000000,2,0.0,uniform
qlearning_balancer[qlearn],0.624342,0.9999502142415562,0.40427678180875903,real,2,10000,1000000,2,0.0,uniform
qlearning_balancer[lru],0.999607,1.0,0.0,real,2,10000,1000000,2,0.0,uniform
qlearning_balancer[oracle],0.999279,1.0,0.0,real,2,10000,1000000,2,0.0,uniform
qlearning_balancer[nocache],0.0,0.8755381577935937,20.658151064055552,real,2,10000,1000000,2,0.0,uniform
Optimal_QLRU,1.0,1.0,0.0,real,2,10000,1000000,3,0.0,uniform
qlearning_balancer[qlearn],0.537272,0.9091041942446944,17.547076680239517,real,2,10000,1000000,3,0.0,uniform
qlearning_balancer[lru],0.999619,1.0,0.0,real,2,10000,1000000,3,0.0,uniform
qlearning_balancer[oracle],0.999301,1.0,0.0,real,2,10000,1000000,3,0.0,uniform
qlearning_balancer[nocache],0.0,0.9680097830536278,10.303253942871171,real,2,10000,1000000,3,0.0,uniform
Optimal_QLRU,1.0,1.0,0.0,real,2,10000,1000000,4,0.0,uniform
qlearning_balancer[qlearn],0.61168,0.9994926946639222,1.2906071728019601,real,2,10000,1000000,4,0.0,uniform
qlearning_balancer[lru],0.999611,0.5000000083026306,44.99999952429431,real,2,10000,1000000,4,0.0,uniform
qlearning_balancer[oracle],0.999291,0.5000000083026306,44.99999952429431,real,2,10000,1000000,4,0.0,uniform
qlearning_balancer[nocache],0.0,0.7737194081811071,28.404259058798978,real,2,10000,1000000,4,0.0,uniform
Optimal_QLRU,1.0,1.0,0.0,real,2,10000,1000000,5,0.0,uniform
qlearning_balancer[qlearn],0.481107,0.9786716598673119,8.39763849853888,real,2,10000,1000000,5,0.0,uniform
qlearning_balancer[lru],0.999625,1.0,0.0,real,2,10000,1000000,5,0.0,uniform
qlearning_balancer[oracle],0.999291,1.0,0.0,real,2,10000,1000000,5,0.0,uniform
qlearning_balancer[nocache],0.0,0.9966923230819731,3.2970374657843347,real,2,10000,1000000,5,0.0,uniform
Optimal_QLRU,1.0,1.0,0.0,real,2,10000,1000000,6,0.0,uniform
qlearning_balancer[qlearn],0.538325,0.9997955286068227,0.8193202931084712,real,2,10000,1000000,6,0.0,uniform
qlearning_balancer[lru],0.999622,0.5,45.0,real,2,10000,1000000,6,0.0,uniform
qlearning_balancer[oracle],0.999348,0.5,45.0,real,2,10000,1000000,6,0.0,uniform
qlearning_balancer[nocache],0.0,0.9456215567117363,13.485063008418038,real,2,10000,1000000,6,0.0,uniform
Optimal_QLRU,1.0,1.0,0.0,real,2,10000,1000000,9,0.0,uniform
qlearning_balancer[qlearn],0.501955,0.9949609615565845,4.07063236965495,real,2,10000,1000000,9,0.0,uniform
qlearning_balancer[lru],0.99962,0.5,45.0,real,2,10000,1000000,9,0.0,uniform
qlearning_balancer[oracle],0.999324,0.5,45.0,real,2,10000,1000000,9,0.0,uniform
qlearning_balancer[nocache],0.0,0.9991393468343311,1.6811212331912164,real,2,10000,1000000,9,0.0,uniform
Optimal_QLRU,1.0,1.0,0.0,real,2,10000,1000000,7,0.0,uniform
qlearning_balancer[qlearn],0.489551,0.9878482994469221,6.328848166684386,real,2,10000,1000000,7,0.0,uniform
qlearning_balancer[lru],0.999621,1.0,0.0,real,2,10000,1000000,7,0.0,uniform
qlearning_balancer[oracle],0.999318,0.5,45.0,real,2,10000,1000000,7,0.0,uniform
qlearning_balancer[nocache],0.0,0.9898361962044555,5.786143584615331,real,2,10000,1000000,7,0.0,uniform
Optimal_QLRU,1.0,1.0,0.0,real,2,10000,1000000,11,0.0,uniform
qlearning_balancer[qlearn],0.62511,0.9977170367314486,2.738655968166316,real,2,10000,1000000,11,0.0,uniform
qlearning_balancer[lru],0.999617,0.5,45.0,real,2,10000,1000000,11,0.0,uniform
qlearning_balancer[oracle],0.999248,0.5,45.0,real,2,10000,1000000,11,0.0,uniform
qlearning_balancer[nocache],0.0,0.7705666738729559,28.619587944828307,real,2,10000,1000000,11,0.0,uniform
Optimal_QLRU,1.0,1.0,0.0,real,2,10000,1000000,10,0.0,uniform
qlearning_balancer[qlearn],0.624167,0.9971591149473163,3.055310185904942,real,2,10000,1000000,10,0.0,uniform
qlearning_balancer[lru],0.999616,1.0,0.0,real,2,10000,1000000,10,0.0,uniform
qlearning_balancer[oracle],0.999344,0.5,45.0,real,2,10000,1000000,10,0.0,uniform
qlearning_balancer[nocache],0.0,0.8090617557644331,25.910383769626275,real,2,10000,1000000,10,0.0,uniform
Optimal_QLRU,1.0,1.0,0.0,real,2,10000,1000000,12,0.0,uniform
qlearning_balancer[qlearn],0.530026,0.9868768582119274,6.578032754812369,real,2,10000,1000000,12,0.0,uniform
qlearning_balancer[lru],0.999622,0.5,45.0,real,2,10000,1000000,12,0.0,uniform
qlearning_balancer[oracle],0.999305,0.5,45.0,real,2,10000,1000000,12,0.0,uniform
qlearning_balancer[nocache],0.0,0.9121256731583605,17.24366871300218,real,2,10000,1000000,12,0.0,uniform
Optimal_QLRU,1.0,1.0,0.0,real,2,10000,1000000,8,0.0,uniform
qlearning_balancer[qlearn],0.53467,0.9994244459644828,1.3746981647031415,real,2,10000,1000000,8,0.0,uniform
qlearning_balancer[lru],0.999616,1.0,0.0,real,2,10000,1000000,8,0.0,uniform
qlearning_balancer[oracle],0.999315,0.5,45.0,real,2,10000,1000000,8,0.0,uniform
qlearning_balancer[nocache],0.0,0.9705631935501107,9.879206513648214,real,2,10000,1000000,8,0.0,uniform
Optimal_QLRU,1.0,1.0,0.0,real,2,10000,1000000,14,0.0,uniform
qlearning_balancer[qlearn],0.511744,0.9948879234859058,4.10007711515843,real,2,10000,1000000,14,0.0,uniform
qlearning_balancer[lru],0.99962,0.5,45.0,real,2,10000,1000000,14,0.0,uniform
qlearning_balancer[oracle],0.999326,0.5,45.0,real,2,10000,1000000,14,0.0,uniform
qlearning_balancer[nocache],0.0,0.9939213926996077,4.47162776703838,real,2,10000,1000000,14,0.0,uniform
Optimal_QLRU,1.0,1.0,0.0,real,2,10000,1000000,13,0.0,uniform
qlearning_balancer[qlearn],0.575929,0.9431422097901375,13.795000406089457,real,2,10000,1000000,13,0.0,uniform
qlearning_balancer[lru],0.999628,1.0,0.0,real,2,10000,1000000,13,0.0,uniform
qlearning_balancer[oracle],0.999334,0.5,45.0,real,2,10000,1000000,13,0.0,uniform
qlearning_balancer[nocache],0.0,0.8541144178674251,22.45450467484436,real,2,10000,1000000,13,0.0,uniform
Optimal_QLRU,1.0,1.0,0.0,real,2,10000,1000000,15,0.0,uniform
qlearning_balancer[qlearn],0.480028,0.9973204265760662,2.9672190471145283,real,2,10000,1000000,15,0.0,uniform
qlearning_balancer[lru],0.99962,1.0,0.0,real,2,10000,1000000,15,0.0,uniform
qlearning_balancer[oracle],0.999337,0.5,45.0,real,2,10000,1000000,15,0.0,uniform
qlearning_balancer[nocache],0.0,0.9990061375684007,1.8065822296517222,real,2,10000,1000000,15,0.0,uniform
Optimal_QLRU,1.0,1.0,0.0,real,2,10000,1000000,17,0.0,uniform
qlearning_balancer[qlearn],0.501551,0.9843172453419963,7.194084701279855,real,2,10000,1000000,17,0.0,uniform
qlearning_balancer[lru],0.999626,0.5,45.0,real,2,10000,1000000,17,0.0,uniform
qlearning_balancer[oracle],0.999337,0.5,45.0,real,2,10000,1000000,17,0.0,uniform
qlearning_balancer[nocache],0.0,0.9857454576879202,6.8570368729740325,real,2,10000,1000000,17,0.0,uniform
Optimal_QLRU,1.0,1.0,0.0,real,2,10000,1000000,16,0.0,uniform
qlearning_balancer[qlearn],0.631871,0.9997129102094985,0.970850344454176,real,2,10000,1000000,16,0.0,uniform
qlearning_balancer[lru],0.999622,1.0,0.0,real,2,10000,1000000,16,0.0,uniform
qlearning_balancer[oracle],0.999354,0.5,45.0,real,2,10000,1000000,16,0.0,uniform
qlearning_balancer[nocache],0.0,0.9229108094099858,16.119963660518717,real,2,10000,1000000,16,0.0,uniform
Optimal_QLRU,1.0,1.0,0.0,real,2,10000,1000000,20,0.0,uniform
qlearning_balancer[qlearn],0.556032,0.9991460404868109,1.6745692187110475,real,2,10000,1000000,20,0.0,uniform
qlearning_balancer[lru],0.999623,0.5,45.0,real,2,10000,1000000,20,0.0,uniform
qlearning_balancer[oracle],0.999323,0.5,45.0,real,2,10000,1000000,20,0.0,uniform
qlearning_balancer[nocache],0.0,0.9740393895176988,9.272083239247726,real,2,10000,1000000,20,0.0,uniform
Optimal_QLRU,1.0,1.0,0.0,real,2,10000,1000000,19,0.0,uniform
qlearning_balancer[qlearn],0.552087,0.9815241441205655,7.812164785582724,real,2,10000,1000000,19,0.0,uniform
qlearning_balancer[lru],0.999614,0.500000000003847,44.99999999977958,real,2,10000,1000000,19,0.0,uniform
qlearning_balancer[oracle],0.999332,0.500000000003847,44.99999999977958,real,2,10000,1000000,19,0.0,uniform
qlearning_balancer[nocache],0.0,0.90757933066679,17.69847350881868,real,2,10000,1000000,19,0.0,uniform
Optimal_QLRU,1.0,1.0,0.0,real,2,10000,1000000,21,0.0,uniform
qlearning_balancer[qlearn],0.51387,0.9993241166999335,1.489729522944152,real,2,10000,1000000,21,0.0,uniform
qlearning_balancer[lru],0.999627,1.0,0.0,real,2,10000,1000000,21,0.0,uniform
qlearning_balancer[oracle],0.999286,0.5,45.0,real,2,10000,1000000,21,0.0,uniform
qlearning_balancer[nocache],0.0,0.9959144986066487,3.6647257212376543,real,2,10000,1000000,21,0.0,uniform
Optimal_QLRU,1.0,1.0,0.0,real,2,10000,1000000,18,0.0,uniform
qlearning_balancer[qlearn],0.620058,0.8766664973836917,20.56003852513348,real,2,10000,1000000,18,0.0,uniform
qlearning_balancer[lru],0.999621,1.0,0.0,real,2,10000,1000000,18,0.0,uniform
qlearning_balancer[oracle],0.999309,0.5,45.0,real,2,10000,1000000,18,0.0,uniform
qlearning_balancer[nocache],0.0,0.7563772489574015,29.576259864807557,real,2,10000,1000000,18,0.0,uniform
Optimal_QLRU,1.0,1.0,0.0,real,2,10000,1000000,24,0.0,uniform
qlearning_balancer[qlearn],0.567998,0.9636342988697006,10.993517484305727,real,2,10000,1000000,24,0.0,uniform
qlearning_balancer[lru],0.999619,0.5,45.0,real,2,10000,1000000,24,0.0,uniform
qlearning_balancer[oracle],0.999323,0.5,45.0,real,2,10000,1000000,24,0.0,uniform
qlearning_balancer[nocache],0.0,0.9217012114557444,16.249414710622737,real,2,10000,1000000,24,0.0,uniform
Optimal_QLRU,1.0,1.0,0.0,real,2,10000,1000000,25,0.0,uniform
qlearning_balancer[qlearn],0.539968,0.9978260929936814,2.6723946382774466,real,2,10000,1000000,25,0.0,uniform
qlearning_balancer[lru],0.999619,0.5,45.0,real,2,10000,1000000,25,0.0,uniform
qlearning_balancer[oracle],0.999307,0.5,45.0,real,2,10000,1000000,25,0.0,uniform
qlearning_balancer[nocache],0.0,0.9762496841765692,8.865262549092051,real,2,10000,1000000,25,0.0,uniform
Optimal_QLRU,1.0,1.0,0.0,real,2,10000,1000000,23,0.0,uniform
qlearning_balancer[qlearn],0.504703,0.9978461103549157,2.6600535746553993,real,2,10000,1000000,23,0.0,uniform
qlearning_balancer[lru],0.999632,1.0,0.0,real,2,10000,1000000,23,0.0,uniform
qlearning_balancer[oracle],0.999329,1.0,0.0,real,2,10000,1000000,23,0.0,uniform
qlearning_balancer[nocache],0.0,0.9999846237794627,0.22467178981046662,real,2,10000,1000000,23,0.0,uniform
Optimal_QLRU,1.0,1.0,0.0,real,2,10000,1000000,22,0.0,uniform
qlearning_balancer[qlearn],0.48112,0.9782192151330511,8.486892183909859,real,2,10000,1000000,22,0.0,uniform
qlearning_balancer[lru],0.999615,0.5,45.0,real,2,10000,1000000,22,0.0,uniform
qlearning_balancer[oracle],0.999303,0.5,45.0,real,2,10000,1000000,22,0.0,uniform
qlearning_balancer[nocache],0.0,0.9996392348995192,1.0883310207869477,real,2,10000,1000000,22,0.0,uniform
Optimal_QLRU,1.0,1.0,0.0,real,2,10000,1000000,27,0.0,uniform
qlearning_balancer[qlearn],0.594819,0.999757036814919,0.8931213193483892,real,2,10000,1000000,27,0.0,uniform
qlearning_balancer[lru],0.999619,0.5,45.0,real,2,10000,1000000,27,0.0,uniform
qlearning_balancer[oracle],0.999293,0.5,45.0,real,2,10000,1000000,27,0.0,uniform
qlearning_balancer[nocache],0.0,0.9582495638103157,11.79023591646388,real,2,10000,1000000,27,0.0,uniform
Optimal_QLRU,1.0,1.0,0.0,real,2,10000,1000000,26,0.0,uniform
qlearning_balancer[qlearn],0.562707,0.9997008076702809,0.9911046615417541,real,2,10000,1000000,26,0.0,uniform
qlearning_balancer[lru],0.999623,0.5,45.0,real,2,10000,1000000,26,0.0,uniform
qlearning_balancer[oracle],0.999335,0.5,45.0,real,2,10000,1000000,26,0.0,uniform
qlearning_balancer[nocache],0.0,0.9549909690353034,12.248572188273487,real,2,10000,1000000,26,0.0,uniform
Optimal_QLRU,1.0,1.0,0.0,real,2,10000,1000000,29,0.0,uniform
qlearning_balancer[qlearn],0.556739,0.9982743021562385,2.380838846061078,real,2,10000,1000000,29,0.0,uniform
qlearning_balancer[lru],0.999621,0.5,45.0,real,2,10000,1000000,29,0.0,uniform
qlearning_balancer[oracle],0.999316,0.5,45.0,real,2,10000,1000000,29,0.0,uniform
qlearning_balancer[nocache],0.0,0.9753283625416072,9.036989765606835,real,2,10000,1000000,29,0.0,uniform
Optimal_QLRU,1.0,1.0,0.0,real,2,10000,1000000,28,0.0,uniform
qlearning_balancer[qlearn],0.487972,0.9818436466708571,7.743904412925692,real,2,10000,1000000,28,0.0,uniform
qlearning_balancer[lru],0.999622,0.5,45.0,real,2,10000,1000000,28,0.0,uniform
qlearning_balancer[oracle],0.999327,0.5,45.0,real,2,10000,1000000,28,0.0,uniform
qlearning_balancer[nocache],0.0,0.946221888911982,13.409022175351966,real,2,10000,1000000,28,0.0,uniform
Optimal_QLRU,1.0,1.0,0.0,real,2,30000,1000000,1,0.0,uniform
qlearning_balancer[qlearn],0.604262,0.9994717951677488,1.3169280788351492,real,2,30000,1000000,1,0.0,uniform
qlearning_balancer[lru],0.999624,0.5,45.0,real,2,30000,1000000,1,0.0,uniform
qlearning_balancer[oracle],0.999297,0.5,45.0,real,2,30000,1000000,1,0.0,uniform
qlearning_balancer[nocache],0.0,0.8780925912630946,20.435481783702357,real,2,30000,1000000,1,0.0,uniform
Optimal_QLRU,1.0,1.0,0.0,real,2,30000,1000000,2,0.0,uniform
qlearning_balancer[qlearn],0.624342,0.9999502142415562,0.40427678180875903,real,2,30000,1000000,2,0.0,uniform
qlearning_balancer[lru],0.999607,1.0,0.0,real,2,30000,1000000,2,0.0,uniform
qlearning_balancer[oracle],0.999279,1.0,0.0,real,2,30000,1000000,2,0.0,uniform
qlearning_balancer[nocache],0.0,0.8755381577935937,20.658151064055552,real,2,30000,1000000,2,0.0,uniform
Optimal_QLRU,1.0,1.0,0.0,real,2,30000,1000000,3,0.0,uniform
qlearning_balancer[qlearn],0.537272,0.9091041942446944,17.547076680239517,real,2,30000,1000000,3,0.0,uniform
qlearning_balancer[lru],0.999619,1.0,0.0,real,2,30000,1000000,3,0.0,uniform
qlearning_balancer[oracle],0.999301,1.0,0.0,real,2,30000,1000000,3,0.0,uniform
qlearning_balancer[nocache],0.0,0.9680097830536278,10.303253942871171,real,2,30000,1000000,3,0.0,uniform
Optimal_QLRU,1.0,1.0,0.0,real,2,30000,1000000,5,0.0,uniform
qlearning_balancer[qlearn],0.481107,0.9786716598673119,8.39763849853888,real,2,30000,1000000,5,0.0,uniform
qlearning_balancer[lru],0.999625,1.0,0.0,real,2,30000,1000000,5,0.0,uniform
qlearning_balancer[oracle],0.999291,1.0,0.0,real,2,30000,1000000,5,0.0,uniform
qlearning_balancer[nocache],0.0,0.9966923230819731,3.2970374657843347,real,2,30000,1000000,5,0.0,uniform
Optimal_QLRU,1.0,1.0,0.0,real,2,30000,1000000,0,0.0,uniform
qlearning_balancer[qlearn],0.623959,0.999142150348468,1.6783801509280145,real,2,30000,1000000,0,0.0,uniform
qlearning_balancer[lru],0.999618,1.0,0.0,real,2,30000,1000000,0,0.0,uniform
qlearning_balancer[oracle],0.999293,0.5,45.0,real,2,30000,1000000,0,0.0,uniform
qlearning_balancer[nocache],0.0,0.9145447303322649,16.997341548696433,real,2,30000,1000000,0,0.0,uniform
Optimal_QLRU,1.0,1.0,0.0,real,2,30000,1000000,6,0.0,uniform
qlearning_balancer[qlearn],0.538325,0.9997955286068227,0.8193202931084712,real,2,30000,1000000,6,0.0,uniform
qlearning_balancer[lru],0.999622,0.5,45.0,real,2,30000,1000000,6,0.0,uniform
qlearning_balancer[oracle],0.999348,0.5,45.0,real,2,30000,1000000,6,0.0,uniform
qlearning_balancer[nocache],0.0,0.9456215567117363,13.485063008418038,real,2,30000,1000000,6,0.0,uniform
Optimal_QLRU,1.0,1.0,0.0,real,2,30000,1000000,7,0.0,uniform
qlearning_balancer[qlearn],0.489551,0.9878482994469221,6.328848166684386,real,2,30000,1000000,7,0.0,uniform
qlearning_balancer[lru],0.999621,1.0,0.0,real,2,30000,1000000,7,0.0,uniform
qlearning_balancer[oracle],0.999318,0.5,45.0,real,2,30000,1000000,7,0.0,uniform
qlearning_balancer[nocache],0.0,0.9898361962044555,5.786143584615331,real,2,30000,1000000,7,0.0,uniform
Optimal_QLRU,1.0,1.0,0.0,real,2,30000,1000000,4,0.0,uniform
qlearning_balancer[qlearn],0.61168,0.9994926946639222,1.2906071728019601,real,2,30000,1000000,4,0.0,uniform
qlearning_balancer[lru],0.999611,0.5000000083026306,44.99999952429431,real,2,30000,1000000,4,0.0,uniform
qlearning_balancer[oracle],0.999291,0.5000000083026306,44.99999952429431,real,2,30000,1000000,4,0.0,uniform
qlearning_balancer[nocache],0.0,0.7737194081811071,28.404259058798978,real,2,30000,1000000,4,0.0,uniform
Optimal_QLRU,1.0,1.0,0.0,real,2,30000,1000000,8,0.0,uniform
qlearning_balancer[qlearn],0.53467,0.9994244459644828,1.3746981647031415,real,2,30000,1000000,8,0.0,uniform
qlearning_balancer[lru],0.999616,1.0,0.0,real,2,30000,1000000,8,0.0,uniform
qlearning_balancer[oracle],0.999315,0.5,45.0,real,2,30000,1000000,8,0.0,uniform
qlearning_balancer[nocache],0.0,0.9705631935501107,9.879206513648214,real,2,30000,1000000,8,0.0,uniform
Optimal_QLRU,1.0,1.0,0.0,real,2,30000,1000000,9,0.0,uniform
qlearning_balancer[qlearn],0.501955,0.9949609615565845,4.07063236965495,real,2,30000,1000000,9,0.0,uniform
qlearning_balancer[lru],0.99962,0.5,45.0,real,2,30000,1000000,9,0.0,uniform
qlearning_balancer[oracle],0.999324,0.5,45.0,real,2,30000,1000000,9,0.0,uniform
qlearning_balancer[nocache],0.0,0.9991393468343311,1.6811212331912164,real,2,30000,1000000,9,0.0,uniform
Optimal_QLRU,1.0,1.0,0.0,real,2,30000,1000000,11,0.0,uniform
qlearning_balancer[qlearn],0.62511,0.9977170367314486,2.738655968166316,real,2,30000,1000000,11,0.0,uniform
qlearning_balancer[lru],0.999617,0.5,45.0,real,2,30000,1000000,11,0.0,uniform
qlearning_balancer[oracle],0.999248,0.5,45.0,real,2,30000,1000000,11,0.0,uniform
qlearning_balancer[nocache],0.0,0.7705666738729559,28.619587944828307,real,2,30000,1000000,11,0.0,uniform
Optimal_QLRU,1.0,1.0,0.0,real,2,30000,1000000,15,0.0,uniform
qlearning_balancer[qlearn],0.480028,0.9973204265760662,2.9672190471145283,real,2,30000,1000000,15,0.0,uniform
qlearning_balancer[lru],0.99962,1.0,0.0,real,2,30000,1000000,15,0.0,uniform
qlearning_balancer[oracle],0.999337,0.5,45.0,real,2,30000,1000000,15,0.0,uniform
qlearning_balancer[nocache],0.0,0.9990061375684007,1.8065822296517222,real,2,30000,1000000,15,0.0,uniform
Optimal_QLRU,1.0,1.0,0.0,real,2,30000,1000000,10,0.0,uniform
qlearning_balancer[qlearn],0.624167,0.9971591149473163,3.055310185904942,real,2,30000,1000000,10,0.0,uniform
qlearning_balancer[lru],0.999616,1.0,0.0,real,2,30000,1000000,10,0.0,uniform
qlearning_balancer[oracle],0.999344,0.5,45.0,real,2,30000,1000000,10,0.0,uniform
qlearning_balancer[nocache],0.0,0.8090617557644331,25.910383769626275,real,2,30000,1000000,10,0.0,uniform
Optimal_QLRU,1.0,1.0,0.0,real,2,30000,1000000,13,0.0,uniform
qlearning_balancer[qlearn],0.575929,0.9431422097901375,13.795000406089457,real,2,30000,1000000,13,0.0,uniform
qlearning_balancer[lru],0.999628,1.0,0.0,real,2,30000,1000000,13,0.0,uniform
qlearning_balancer[oracle],0.999334,0.5,45.0,real,2,30000,1000000,13,0.0,uniform
qlearning_balancer[nocache],0.0,0.8541144178674251,22.45450467484436,real,2,30000,1000000,13,0.0,uniform
Optimal_QLRU,1.0,1.0,0.0,real,2,30000,1000000,16,0.0,uniform
qlearning_balancer[qlearn],0.631871,0.9997129102094985,0.970850344454176,real,2,30000,1000000,16,0.0,uniform
qlearning_balancer[lru],0.999622,1.0,0.0,real,2,30000,1000000,16,0.0,uniform
qlearning_balancer[oracle],0.999354,0.5,45.0,real,2,30000,1000000,16,0.0,uniform
qlearning_balancer[nocache],0.0,0.9229108094099858,16.119963660518717,real,2,30000,1000000,16,0.0,uniform
Optimal_QLRU,1.0,1.0,0.0,real,2,30000,1000000,14,0.0,uniform
qlearning_balancer[qlearn],0.511744,0.9948879234859058,4.10007711515843,real,2,30000,1000000,14,0.0,uniform
qlearning_balancer[lru],0.99962,0.5,45.0,real,2,30000,1000000,14,0.0,uniform
qlearning_balancer[oracle],0.999326,0.5,45.0,real,2,30000,1000000,14,0.0,uniform
qlearning_balancer[nocache],0.0,0.9939213926996077,4.47162776703838,real,2,30000,1000000,14,0.0,uniform
Optimal_QLRU,1.0,1.0,0.0,real,2,30000,1000000,12,0.0,uniform
qlearning_balancer[qlearn],0.530026,0.9868768582119274,6.578032754812369,real,2,30000,1000000,12,0.0,uniform
qlearning_balancer[lru],0.999622,0.5,45.0,real,2,30000,1000000,12,0.0,uniform
qlearning_balancer[oracle],0.999305,0.5,45.0,real,2,30000,1000000,12,0.0,uniform
qlearning_balancer[nocache],0.0,0.9121256731583605,17.24366871300218,real,2,30000,1000000,12,0.0,uniform
Optimal_QLRU,1.0,1.0,0.0,real,2,30000,1000000,17,0.0,uniform
qlearning_balancer[qlearn],0.501551,0.9843172453419963,7.194084701279855,real,2,30000,1000000,17,0.0,uniform
qlearning_balancer[lru],0.999626,0.5,45.0,real,2,30000,1000000,17,0.0,uniform
qlearning_balancer[oracle],0.999337,0.5,45.0,real,2,30000,1000000,17,0.0,uniform
qlearning_balancer[nocache],0.0,0.9857454576879202,6.8570368729740325,real,2,30000,1000000,17,0.0,uniform
Optimal_QLRU,1.0,1.0,0.0,real,2,30000,1000000,19,0.0,uniform
qlearning_balancer[qlearn],0.552087,0.9815241441205655,7.812164785582724,real,2,30000,1000000,19,0.0,uniform
qlearning_balancer[lru],0.999614,0.500000000003847,44.99999999977958,real,2,30000,1000000,19,0.0,uniform
qlearning_balancer[oracle],0.999332,0.500000000003847,44.99999999977958,real,2,30000,1000000,19,0.0,uniform
qlearning_balancer[nocache],0.0,0.90757933066679,17.69847350881868,real,2,30000,1000000,19,0.0,uniform
Optimal_QLRU,1.0,1.0,0.0,real,2,30000,1000000,18,0.0,uniform
qlearning_balancer[qlearn],0.620058,0.8766664973836917,20.56003852513348,real,2,30000,1000000,18,0.0,uniform
qlearning_balancer[lru],0.999621,1.0,0.0,real,2,30000,1000000,18,0.0,uniform
qlearning_balancer[oracle],0.999309,0.5,45.0,real,2,30000,1000000,18,0.0,uniform
qlearning_balancer[nocache],0.0,0.7563772489574015,29.576259864807557,real,2,30000,1000000,18,0.0,uniform
Optimal_QLRU,1.0,1.0,0.0,real,2,30000,1000000,20,0.0,uniform
qlearning_balancer[qlearn],0.556032,0.9991460404868109,1.6745692187110475,real,2,30000,1000000,20,0.0,uniform
qlearning_balancer[lru],0.999623,0.5,45.0,real,2,30000,1000000,20,0.0,uniform
qlearning_balancer[oracle],0.999323,0.5,45.0,real,2,30000,1000000,20,0.0,uniform
qlearning_balancer[nocache],0.0,0.9740393895176988,9.272083239247726,real,2,30000,1000000,20,0.0,uniform
Optimal_QLRU,1.0,1.0,0.0,real,2,30000,1000000,22,0.0,uniform
qlearning_balancer[qlearn],0.48112,0.9782192151330511,8.486892183909859,real,2,30000,1000000,22,0.0,uniform
qlearning_balancer[lru],0.999615,0.5,45.0,real,2,30000,1000000,22,0.0,uniform
qlearning_balancer[oracle],0.999303,0.5,45.0,real,2,30000,1000000,22,0.0,uniform
qlearning_balancer[nocache],0.0,0.9996392348995192,1.0883310207869477,real,2,30000,1000000,22,0.0,uniform
Optimal_QLRU,1.0,1.0,0.0,real,2,30000,1000000,21,0.0,uniform
qlearning_balancer[qlearn],0.51387,0.9993241166999335,1.489729522944152,real,2,30000,1000000,21,0.0,uniform
qlearning_balancer[lru],0.999627,1.0,0.0,real,2,30000,1000000,21,0.0,uniform
qlearning_balancer[oracle],0.999286,0.5,45.0,real,2,30000,1000000,21,0.0,uniform
qlearning_balancer[nocache],0.0,0.9959144986066487,3.6647257212376543,real,2,30000,1000000,21,0.0,uniform
Optimal_QLRU,1.0,1.0,0.0,real,2,30000,1000000,23,0.0,uniform
qlearning_balancer[qlearn],0.504703,0.9978461103549157,2.6600535746553993,real,2,30000,1000000,23,0.0,uniform
qlearning_balancer[lru],0.999632,1.0,0.0,real,2,30000,1000000,23,0.0,uniform
qlearning_balancer[oracle],0.999329,1.0,0.0,real,2,30000,1000000,23,0.0,uniform
qlearning_balancer[nocache],0.0,0.9999846237794627,0.22467178981046662,real,2,30000,1000000,23,0.0,uniform
Optimal_QLRU,1.0,1.0,0.0,real,2,30000,1000000,27,0.0,uniform
qlearning_balancer[qlearn],0.594819,0.999757036814919,0.8931213193483892,real,2,30000,1000000,27,0.0,uniform
qlearning_balancer[lru],0.999619,0.5,45.0,real,2,30000,1000000,27,0.0,uniform
qlearning_balancer[oracle],0.999293,0.5,45.0,real,2,30000,1000000,27,0.0,uniform
qlearning_balancer[nocache],0.0,0.9582495638103157,11.79023591646388,real,2,30000,1000000,27,0.0,uniform
Optimal_QLRU,1.0,1.0,0.0,real,2,30000,1000000,25,0.0,uniform
qlearning_balancer[qlearn],0.539968,0.9978260929936814,2.6723946382774466,real,2,30000,1000000,25,0.0,uniform
qlearning_balancer[lru],0.999619,0.5,45.0,real,2,30000,1000000,25,0.0,uniform
qlearning_balancer[oracle],0.999307,0.5,45.0,real,2,30000,1000000,25,0.0,uniform
qlearning_balancer[nocache],0.0,0.9762496841765692,8.865262549092051,real,2,30000,1000000,25,0.0,uniform
Optimal_QLRU,1.0,1.0,0.0,real,2,30000,1000000,26,0.0,uniform
qlearning_balancer[qlearn],0.562707,0.9997008076702809,0.9911046615417541,real,2,30000,1000000,26,0.0,uniform
qlearning_balancer[lru],0.999623,0.5,45.0,real,2,30000,1000000,26,0.0,uniform
qlearning_balancer[oracle],0.999335,0.5,45.0,real,2,30000,1000000,26,0.0,uniform
qlearning_balancer[nocache],0.0,0.9549909690353034,12.248572188273487,real,2,30000,1000000,26,0.0,uniform
Optimal_QLRU,1.0,1.0,0.0,real,2,30000,1000000,24,0.0,uniform
qlearning_balancer[qlearn],0.567998,0.9636342988697006,10.993517484305727,real,2,30000,1000000,24,0.0,uniform
qlearning_balancer[lru],0.999619,0.5,45.0,real,2,30000,1000000,24,0.0,uniform
qlearning_balancer[oracle],0.999323,0.5,45.0,real,2,30000,1000000,24,0.0,uniform
qlearning_balancer[nocache],0.0,0.9217012114557444,16.249414710622737,real,2,30000,1000000,24,0.0,uniform
Optimal_QLRU,1.0,1.0,0.0,real,2,30000,1000000,28,0.0,uniform
qlearning_balancer[qlearn],0.487972,0.9818436466708571,7.743904412925692,real,2,30000,1000000,28,0.0,uniform
qlearning_balancer[lru],0.999622,0.5,45.0,real,2,30000,1000000,28,0.0,uniform
qlearning_balancer[oracle],0.999327,0.5,45.0,real,2,30000,1000000,28,0.0,uniform
qlearning_balancer[nocache],0.0,0.946221888911982,13.409022175351966,real,2,30000,1000000,28,0.0,uniform
Optimal_QLRU,1.0,1.0,0.0,real,2,30000,1000000,29,0.0,uniform
qlearning_balancer[qlearn],0.556739,0.9982743021562385,2.380838846061078,real,2,30000,1000000,29,0.0,uniform
qlearning_balancer[lru],0.999621,0.5,45.0,real,2,30000,1000000,29,0.0,uniform
qlearning_balancer[oracle],0.999316,0.5,45.0,real,2,30000,1000000,29,0.0,uniform
qlearning_balancer[nocache],0.0,0.9753283625416072,9.036989765606835,real,2,30000,1000000,29,0.0,uniform
